user_id,subscription_plan,subscription_start_date,is_active,monthly_spend,primary_device,household_size
user_00001,Basic,2024-04-08,1,36.06,Laptop,1
user_00002,Premium+,2024-05-24,1,14.59,Desktop,2
user_00003,Standard,2023-09-22,0,11.71,Desktop,3
user_00004,Standard,2024-08-21,1,28.56,Laptop,2
user_00005,Standard,2024-10-28,1,9.54,Desktop,6
user_00006,Standard,2024-05-16,1,,Gaming Console,2
user_00007,Premium,2025-03-13,1,27.74,Desktop,1
user_00008,Basic,2022-11-03,1,6.69,Tablet,1
user_00009,Premium,2025-04-13,1,12.21,Gaming Console,5
user_00010,Basic,2024-08-04,1,23.18,Laptop,1
user_00011,Basic,2022-10-07,1,556.13,Desktop,2
user_00012,Premium,2022-09-26,1,29.23,Tablet,2
user_00013,Basic,2023-01-18,1,18.68,Gaming Console,3
user_00014,Basic,2023-10-18,1,25.19,Laptop,2
user_00015,Basic,2023-12-16,0,5.14,Mobile,3
user_00016,Standard,2024-08-02,1,3.36,Laptop,1
user_00017,Premium,2022-11-11,1,,Smart TV,1
user_00018,Basic,2025-02-01,1,8.78,Laptop,6
user_00019,Premium,2025-03-25,1,10.28,Mobile,7
user_00020,Premium+,2023-07-02,1,11.32,Tablet,
user_00021,Basic,2024-04-29,1,17.24,Laptop,3
user_00022,Premium+,2023-09-05,1,,Gaming Console,2
user_00023,Basic,2024-08-13,1,,Gaming Console,3
user_00024,Standard,2024-07-24,1,23.83,Desktop,2
user_00025,Premium+,2023-12-14,0,11.97,Tablet,
user_00026,Basic,2022-09-26,1,36.53,Smart TV,2
user_00027,Basic,2023-05-13,1,17.72,Mobile,2
user_00028,Standard,2024-09-14,1,41.44,Laptop,3
user_00029,Basic,2024-11-04,1,12.06,Gaming Console,2
user_00030,Premium,2024-05-11,1,10.17,Laptop,4
user_00031,Premium+,2025-02-02,1,18.19,Tablet,2
user_00032,Premium+,2023-12-24,1,7.49,Gaming Console,4
user_00033,Standard,2024-05-11,1,27.09,Smart TV,2
user_00034,Standard,2023-11-20,1,,Gaming Console,
user_00035,Premium+,2025-03-25,1,19.52,Desktop,1
user_00036,Premium,2024-09-29,1,9.74,Smart TV,
user_00037,Standard,2024-03-30,1,27.56,Desktop,1
user_00038,Standard,2024-10-04,1,37.01,Mobile,
user_00039,Standard,2023-12-29,1,,Tablet,2
user_00040,Standard,2024-11-29,1,15.84,Tablet,1
user_00041,Standard,2023-04-21,1,25.73,Laptop,2
user_00042,Standard,2023-11-10,1,27.64,Laptop,6
user_00043,Standard,2022-10-29,1,6.05,Tablet,4
user_00044,Basic,2023-02-16,1,32.85,Mobile,5
user_00045,Premium,2023-12-13,1,3.22,Desktop,4
user_00046,Premium+,2024-03-25,1,35.11,Desktop,
user_00047,Premium+,2025-06-04,1,22.98,Smart TV,2
user_00048,Basic,2025-05-21,1,16.5,Smart TV,
user_00049,Basic,2024-04-19,1,,Desktop,2
user_00050,Premium+,2025-03-12,0,2.01,Smart TV,2
user_00051,Premium,2025-06-12,0,19.09,Smart TV,2
user_00052,Premium,2022-09-21,1,15.39,Tablet,3
user_00053,Standard,2023-04-13,1,30.64,Smart TV,3
user_00054,Premium,2023-03-08,1,16.83,Gaming Console,
user_00055,Standard,2024-05-28,1,,Mobile,2
user_00056,Premium,2024-10-29,1,29.14,Desktop,3
user_00057,Premium,2025-06-27,1,23.46,Tablet,
user_00058,Standard,2025-05-01,1,12.29,Mobile,5
user_00059,Standard,2024-05-06,1,13.0,Tablet,3
user_00060,Premium,2023-10-12,1,19.03,Mobile,3
user_00061,Standard,2024-05-05,1,3.9,Gaming Console,2
user_00062,Premium,2024-05-08,1,10.7,Desktop,1
user_00063,Standard,2023-12-17,1,20.26,Gaming Console,2
user_00064,Premium,2023-09-23,1,6.76,Gaming Console,3
user_00065,Basic,2023-11-12,1,3.95,Desktop,3
user_00066,Premium,2025-03-16,1,50.72,Laptop,
user_00067,Standard,2024-11-14,1,24.02,Desktop,1
user_00068,Basic,2024-10-27,0,,Tablet,1
user_00069,Premium,2024-05-28,1,12.48,Tablet,4
user_00070,Premium+,2024-11-16,1,12.47,Laptop,2
user_00071,Standard,2022-08-22,1,2.48,Mobile,2
user_00072,Premium,2023-11-22,1,22.83,Tablet,2
user_00073,Basic,2022-11-22,1,8.02,Gaming Console,1
user_00074,Basic,2023-11-29,1,21.07,Gaming Console,2
user_00075,Premium,2023-12-07,1,44.32,Smart TV,2
user_00076,Standard,2023-09-14,1,13.91,Tablet,2
user_00077,Premium,2023-07-08,0,27.46,Desktop,2
user_00078,Standard,2025-06-05,1,17.93,Laptop,2
user_00079,Premium,2024-09-30,1,17.62,Tablet,
user_00080,Standard,2023-12-21,1,7.47,Gaming Console,1
user_00081,Premium,2023-12-07,1,20.41,Mobile,
user_00082,Premium,2025-02-06,1,12.08,Gaming Console,3
user_00083,Basic,2022-12-01,1,9.39,Smart TV,5
user_00084,Standard,2022-08-03,1,6.54,Smart TV,2
user_00085,Basic,2024-10-29,1,1.91,Laptop,2
user_00086,Premium,2025-01-07,1,13.95,Gaming Console,1
user_00087,Standard,2023-08-28,1,14.46,Mobile,
user_00088,Standard,2024-12-27,1,10.87,Laptop,4
user_00089,Standard,2023-05-29,1,,Gaming Console,2
user_00090,Standard,2024-05-26,1,22.14,Tablet,
user_00091,Basic,2025-04-29,1,5.81,Tablet,1
user_00092,Premium,2025-01-06,1,6.55,Gaming Console,4
user_00093,Premium+,2023-12-27,1,16.17,Mobile,
user_00094,Premium,2023-12-25,1,38.05,Desktop,
user_00095,Standard,2025-02-14,1,31.99,Gaming Console,4
user_00096,Premium,2025-06-06,1,7.71,Desktop,1
user_00097,Standard,2023-03-13,0,8.84,Desktop,3
user_00098,Standard,2025-06-03,1,3.68,Gaming Console,1
user_00099,Premium,2025-06-26,0,14.89,Smart TV,4
user_00100,Premium,2023-09-07,1,,Mobile,4
user_00101,Premium+,2024-04-04,1,28.98,Smart TV,1
user_00102,Premium,2023-01-27,1,,Smart TV,3
user_00103,Premium,2024-09-30,0,15.6,Desktop,4
user_00104,Standard,2025-03-15,1,12.52,Tablet,3
user_00105,Basic,2023-02-28,1,31.37,Desktop,3
user_00106,Basic,2025-04-09,0,24.79,Desktop,3
user_00107,Standard,2023-04-24,1,8.38,Laptop,4
user_00108,Premium,2023-06-10,1,10.47,Desktop,7
user_00109,Premium,2025-03-19,1,,Gaming Console,3
user_00110,Standard,2024-09-27,1,38.06,Smart TV,6
user_00111,Basic,2022-08-09,1,8.26,Desktop,3
user_00112,Standard,2024-08-27,1,28.67,Mobile,5
user_00113,Standard,2024-02-28,1,15.85,Mobile,3
user_00114,Premium,2025-01-04,1,27.06,Desktop,2
user_00115,Basic,2023-08-14,1,19.82,Desktop,3
user_00116,Standard,2025-03-12,0,11.76,Tablet,2
user_00117,Basic,2024-03-06,1,17.91,Smart TV,
user_00118,Basic,2023-12-04,1,50.48,Mobile,2
user_00119,Premium,2023-10-29,1,,Smart TV,1
user_00120,Basic,2023-04-23,1,8.61,Tablet,2
user_00121,Premium,2025-02-15,1,1.08,Mobile,4
user_00122,Standard,2025-06-15,1,4.65,Smart TV,2
user_00123,Premium,2023-05-15,1,7.55,Tablet,6
user_00124,Premium,2023-06-21,1,38.42,Smart TV,2
user_00125,Standard,2023-01-02,1,9.19,Tablet,3
user_00126,Premium,2023-09-15,1,10.26,Laptop,
user_00127,Standard,2023-04-23,1,10.74,Gaming Console,2
user_00128,Premium,2022-10-02,1,33.64,Gaming Console,3
user_00129,Premium,2025-04-13,1,8.2,Tablet,5
user_00130,Basic,2023-09-26,1,21.24,Smart TV,5
user_00131,Basic,2023-04-09,1,13.08,Mobile,3
user_00132,Basic,2022-08-07,1,,Laptop,
user_00133,Standard,2023-10-29,1,2.83,Laptop,5
user_00134,Premium+,2023-09-01,1,4.01,Desktop,4
user_00135,Premium,2023-07-19,1,15.86,Gaming Console,2
user_00136,Premium,2024-05-12,1,16.3,Laptop,2
user_00137,Basic,2023-05-05,0,2.86,Gaming Console,2
user_00138,Standard,2024-07-11,1,35.61,Laptop,
user_00139,Standard,2023-08-15,1,17.44,Laptop,3
user_00140,Standard,2024-10-01,0,22.42,Smart TV,3
user_00141,Premium+,2025-06-17,1,,Tablet,2
user_00142,Basic,2024-04-25,1,14.0,Desktop,1
user_00143,Basic,2025-05-04,1,13.02,Smart TV,1
user_00144,Standard,2024-04-01,1,38.32,Laptop,1
user_00145,Premium+,2024-01-19,1,10.81,Mobile,2
user_00146,Premium+,2024-11-11,0,23.27,Gaming Console,3
user_00147,Premium,2023-03-20,1,24.56,Smart TV,2
user_00148,Premium,2024-04-20,1,7.45,Gaming Console,5
user_00149,Standard,2023-09-17,1,2.54,Gaming Console,4
user_00150,Premium+,2024-12-21,1,16.45,Gaming Console,1
user_00151,Premium,2022-11-19,1,5.53,Laptop,4
user_00152,Premium,2024-07-30,1,11.15,Smart TV,3
user_00153,Standard,2025-07-20,1,11.84,Desktop,3
user_00154,Basic,2024-05-31,1,18.18,Smart TV,2
user_00155,Premium,2024-12-16,1,18.64,Mobile,
user_00156,Basic,2024-10-29,1,,Tablet,2
user_00157,Standard,2023-09-06,1,2.88,Tablet,8
user_00158,Premium,2023-06-02,1,27.31,Laptop,1
user_00159,Basic,2023-12-11,1,,Desktop,2
user_00160,Premium,2024-10-13,0,17.58,Smart TV,8
user_00161,Basic,2023-01-21,1,284.95,Mobile,1
user_00162,Basic,2023-04-05,0,17.7,Laptop,5
user_00163,Basic,2022-11-04,1,,Mobile,1
user_00164,Standard,2022-08-28,1,2.92,Gaming Console,2
user_00165,Premium,2025-05-07,1,24.0,Mobile,
user_00166,Standard,2023-06-17,1,16.94,Mobile,1
user_00167,Basic,2024-03-11,0,15.17,Gaming Console,1
user_00168,Standard,2023-10-10,1,14.0,Smart TV,2
user_00169,Standard,2023-03-07,1,19.02,Gaming Console,1
user_00170,Premium,2023-02-02,1,18.12,Tablet,
user_00171,Basic,2024-07-11,1,10.45,Smart TV,2
user_00172,Premium,2024-03-20,1,18.23,Tablet,
user_00173,Standard,2022-11-19,1,4.57,Gaming Console,2
user_00174,Premium,2025-06-05,1,4.41,Desktop,6
user_00175,Standard,2023-08-10,1,3.87,Mobile,
user_00176,Standard,2023-07-21,0,30.07,Smart TV,3
user_00177,Basic,2025-02-19,0,9.56,Tablet,2
user_00178,Premium,2025-01-18,1,10.85,Desktop,1
user_00179,Basic,2023-08-21,1,20.2,Gaming Console,8
user_00180,Basic,2024-10-12,1,19.68,Mobile,1
user_00181,Standard,2024-07-26,1,6.95,Gaming Console,2
user_00182,Basic,2024-07-01,1,9.86,Laptop,1
user_00183,Premium,2023-11-26,0,1.59,Desktop,3
user_00184,Premium,2025-06-25,1,25.16,Mobile,3
user_00185,Basic,2022-12-18,1,37.61,Smart TV,6
user_00186,Premium+,2025-05-03,1,7.45,Laptop,
user_00187,Premium,2022-09-12,0,14.16,Desktop,1
user_00188,Standard,2023-06-05,1,22.96,Mobile,2
user_00189,Premium,2024-10-22,1,,Mobile,4
user_00190,Basic,2023-05-29,1,18.15,Desktop,1
user_00191,Standard,2023-06-10,1,17.15,Desktop,
user_00192,Premium,2023-05-05,1,6.43,Laptop,3
user_00193,Standard,2023-06-25,1,36.86,Desktop,4
user_00194,Basic,2025-07-30,1,35.16,Mobile,2
user_00195,Premium,2023-06-19,1,43.11,Gaming Console,4
user_00196,Standard,2023-05-14,1,17.27,Gaming Console,3
user_00197,Standard,2025-07-24,1,,Desktop,4
user_00198,Standard,2024-01-20,1,5.45,Mobile,
user_00199,Standard,2022-08-21,1,7.38,Gaming Console,1
user_00200,Standard,2023-11-20,0,4.73,Tablet,6
user_00201,Premium,2023-09-17,1,9.81,Desktop,3
user_00202,Standard,2024-09-01,1,12.97,Laptop,
user_00203,Premium,2024-09-10,1,13.98,Smart TV,3
user_00204,Premium,2024-10-03,1,12.74,Tablet,3
user_00205,Basic,2024-10-19,1,13.93,Desktop,1
user_00206,Standard,2023-10-15,0,6.42,Laptop,4
user_00207,Basic,2023-02-16,1,24.66,Mobile,1
user_00208,Premium,2023-11-19,1,3.31,Smart TV,2
user_00209,Basic,2023-07-19,1,,Tablet,2
user_00210,Premium,2022-11-22,1,14.28,Gaming Console,3
user_00211,Standard,2025-02-12,0,33.88,Desktop,2
user_00212,Premium,2024-01-23,1,10.87,Mobile,
user_00213,Standard,2024-11-25,1,10.51,Tablet,5
user_00214,Standard,2023-09-30,1,1.0,Mobile,1
user_00215,Premium,2025-02-11,1,18.18,Smart TV,4
user_00216,Basic,2024-05-01,1,16.65,Laptop,
user_00217,Standard,2024-08-19,1,8.09,Smart TV,2
user_00218,Basic,2024-08-30,0,16.68,Gaming Console,3
user_00219,Standard,2024-11-06,1,11.49,Gaming Console,5
user_00220,Premium+,2022-08-08,1,24.08,Gaming Console,4
user_00221,Basic,2023-10-31,1,,Smart TV,2
user_00222,Standard,2025-06-17,1,7.64,Mobile,3
user_00223,Premium,2024-02-16,1,8.77,Tablet,8
user_00224,Premium,2024-09-25,1,16.26,Smart TV,1
user_00225,Standard,2024-03-10,1,24.73,Desktop,3
user_00226,Standard,2023-01-20,1,10.85,Mobile,2
user_00227,Premium,2023-07-01,1,7.04,Mobile,5
user_00228,Standard,2023-03-06,1,18.57,Smart TV,3
user_00229,Premium,2025-01-03,1,10.38,Gaming Console,2
user_00230,Basic,2024-01-17,1,10.3,Smart TV,1
user_00231,Basic,2025-04-21,1,3.57,Desktop,4
user_00232,Premium,2024-11-08,0,21.77,Gaming Console,2
user_00233,Standard,2023-10-01,1,20.37,Laptop,3
user_00234,Premium,2023-09-18,1,32.33,Desktop,1
user_00235,Premium,2024-05-22,1,,Smart TV,3
user_00236,Premium,2024-06-21,1,15.05,Smart TV,1
user_00237,Premium,2023-02-04,1,26.57,Mobile,2
user_00238,Standard,2025-01-23,1,1.94,Laptop,2
user_00239,Standard,2024-12-14,1,,Desktop,3
user_00240,Basic,2023-09-17,1,28.4,Mobile,4
user_00241,Premium,2023-02-13,1,9.01,Tablet,1
user_00242,Standard,2023-01-25,1,2.03,Desktop,2
user_00243,Premium,2024-09-19,1,12.26,Gaming Console,3
user_00244,Basic,2022-11-05,1,9.34,Desktop,1
user_00245,Standard,2024-05-27,1,4.18,Desktop,2
user_00246,Premium,2024-11-22,1,5.17,Tablet,2
user_00247,Standard,2024-02-19,1,16.27,Desktop,
user_00248,Standard,2024-01-30,0,17.62,Gaming Console,3
user_00249,Premium,2025-02-16,1,22.56,Smart TV,5
user_00250,Premium,2023-10-07,1,,Laptop,
user_00251,Basic,2023-12-31,0,20.45,Mobile,2
user_00252,Standard,2024-12-30,1,27.96,Tablet,2
user_00253,Premium,2023-10-12,1,375.3,Desktop,1
user_00254,Premium,2025-03-09,1,13.06,Laptop,2
user_00255,Premium,2023-11-07,1,7.22,Laptop,4
user_00256,Premium,2023-10-29,1,10.65,Gaming Console,2
user_00257,Standard,2024-02-27,1,13.96,Smart TV,4
user_00258,Premium,2022-09-09,1,859.24,Laptop,2
user_00259,Premium,2025-04-24,1,1.95,Mobile,4
user_00260,Basic,2024-08-24,1,10.23,Smart TV,
user_00261,Standard,2023-03-31,1,27.01,Desktop,2
user_00262,Basic,2023-02-23,1,22.5,Mobile,1
user_00263,Premium+,2024-12-10,1,,Desktop,2
user_00264,Standard,2025-01-13,0,13.51,Gaming Console,
user_00265,Premium,2023-01-22,1,34.66,Tablet,
user_00266,Basic,2024-05-03,1,37.67,Laptop,7
user_00267,Basic,2023-08-26,1,5.49,Gaming Console,3
user_00268,Standard,2025-04-12,1,5.47,Desktop,2
user_00269,Premium,2024-03-17,1,28.47,Tablet,
user_00270,Basic,2024-06-03,1,15.42,Mobile,
user_00271,Basic,2024-07-23,0,13.87,Smart TV,
user_00272,Premium,2024-12-19,1,20.08,Laptop,1
user_00273,Premium,2024-04-17,1,,Smart TV,2
user_00274,Standard,2024-07-22,0,5.79,Tablet,2
user_00275,Basic,2022-08-02,1,6.04,Mobile,1
user_00276,Premium,2023-01-20,1,8.47,Gaming Console,1
user_00277,Premium,2024-05-15,0,15.41,Desktop,1
user_00278,Basic,2024-06-26,0,20.38,Tablet,7
user_00279,Standard,2023-01-11,1,12.52,Laptop,4
user_00280,Premium+,2024-04-08,1,37.28,Gaming Console,4
user_00281,Premium,2023-02-03,0,11.18,Desktop,1
user_00282,Premium,2022-08-17,1,18.78,Desktop,2
user_00283,Premium,2023-05-08,1,,Tablet,6
user_00284,Premium,2025-07-10,0,1.72,Laptop,
user_00285,Basic,2023-08-26,1,22.62,Laptop,3
user_00286,Basic,2023-04-22,1,6.91,Mobile,5
user_00287,Standard,2024-07-21,1,,Gaming Console,1
user_00288,Premium,2024-12-02,1,27.12,Desktop,4
user_00289,Standard,2024-09-20,0,30.82,Desktop,4
user_00290,Standard,2024-11-09,1,5.31,Laptop,2
user_00291,Standard,2024-02-23,1,18.7,Tablet,2
user_00292,Basic,2023-01-31,1,2.29,Tablet,2
user_00293,Premium,2025-03-26,1,3.05,Smart TV,4
user_00294,Premium+,2025-04-27,1,26.48,Gaming Console,2
user_00295,Premium+,2022-08-15,0,4.89,Laptop,3
user_00296,Standard,2022-09-24,0,1.59,Tablet,4
user_00297,Premium,2025-06-26,1,18.6,Smart TV,3
user_00298,Premium,2024-09-02,1,18.17,Tablet,5
user_00299,Standard,2024-01-23,1,,Tablet,5
user_00300,Standard,2024-04-07,1,7.76,Smart TV,2
user_00301,Standard,2023-03-02,1,2.33,Laptop,7
user_00302,Premium,2025-02-02,1,19.47,Mobile,6
user_00303,Premium+,2023-02-23,1,6.93,Desktop,1
user_00304,Standard,2023-09-16,1,2.48,Laptop,3
user_00305,Basic,2023-03-14,1,17.22,Tablet,3
user_00306,Standard,2023-03-09,1,34.71,Tablet,2
user_00307,Premium,2023-05-26,1,,Laptop,
user_00308,Standard,2023-02-14,1,2.61,Gaming Console,7
user_00309,Basic,2025-03-02,1,29.46,Laptop,2
user_00310,Standard,2024-11-20,1,19.72,Laptop,
user_00311,Standard,2023-03-18,1,,Tablet,3
user_00312,Standard,2023-07-05,1,24.84,Gaming Console,4
user_00313,Premium,2023-10-03,1,7.9,Laptop,5
user_00314,Standard,2025-04-15,1,34.68,Laptop,3
user_00315,Standard,2024-07-28,1,2.12,Gaming Console,1
user_00316,Standard,2022-12-30,1,34.49,Desktop,4
user_00317,Basic,2023-10-26,1,15.11,Laptop,2
user_00318,Premium,2023-04-27,1,14.67,Smart TV,3
user_00319,Premium,2023-02-01,1,10.59,Desktop,
user_00320,Standard,2025-02-20,1,5.13,Gaming Console,2
user_00321,Basic,2024-01-15,1,25.25,Tablet,4
user_00322,Standard,2022-09-30,1,10.58,Gaming Console,2
user_00323,Premium,2022-08-15,1,,Mobile,1
user_00324,Premium+,2024-11-26,1,33.35,Desktop,
user_00325,Standard,2023-05-05,1,3.98,Smart TV,3
user_00326,Standard,2025-04-10,1,25.88,Smart TV,2
user_00327,Standard,2023-08-01,1,11.49,Desktop,2
user_00328,Standard,2024-09-24,1,9.15,Laptop,1
user_00329,Premium,2024-01-08,1,15.64,Tablet,1
user_00330,Standard,2024-03-09,1,3.18,Mobile,2
user_00331,Premium,2023-01-02,1,49.16,Smart TV,3
user_00332,Premium,2022-12-09,1,,Laptop,4
user_00333,Standard,2023-02-06,1,2.66,Mobile,5
user_00334,Standard,2022-12-12,1,2.35,Desktop,2
user_00335,Premium,2022-12-26,1,24.34,Mobile,6
user_00336,Standard,2024-02-26,1,19.62,Desktop,3
user_00337,Premium+,2024-06-10,1,19.57,Laptop,2
user_00338,Premium,2023-05-04,1,,Gaming Console,
user_00339,Premium+,2024-12-02,1,,Tablet,4
user_00340,Premium,2023-02-13,0,6.59,Desktop,2
user_00341,Premium,2023-03-30,1,34.25,Gaming Console,5
user_00342,Premium,2025-04-05,1,46.97,Desktop,
user_00343,Premium,2024-08-30,0,36.25,Laptop,
user_00344,Standard,2023-02-20,0,25.56,Tablet,1
user_00345,Premium+,2025-04-01,1,37.8,Smart TV,1
user_00346,Standard,2024-10-18,0,15.16,Tablet,3
user_00347,Premium+,2024-09-17,1,29.68,Gaming Console,3
user_00348,Premium,2023-01-13,1,15.1,Gaming Console,3
user_00349,Premium,2023-10-27,1,16.06,Tablet,1
user_00350,Premium+,2023-09-13,1,10.0,Laptop,4
user_00351,Premium,2025-07-26,1,12.37,Mobile,
user_00352,Premium,2025-05-18,0,,Gaming Console,3
user_00353,Standard,2023-08-08,1,9.79,Gaming Console,2
user_00354,Basic,2024-12-05,1,4.55,Laptop,2
user_00355,Basic,2023-09-29,1,40.56,Tablet,8
user_00356,Standard,2024-10-08,1,4.46,Smart TV,
user_00357,Basic,2024-09-18,1,17.57,Gaming Console,5
user_00358,Premium,2022-12-16,1,51.88,Smart TV,4
user_00359,Basic,2023-09-15,0,10.87,Gaming Console,6
user_00360,Basic,2024-02-16,1,8.7,Desktop,1
user_00361,Premium,2023-10-27,1,2.46,Mobile,4
user_00362,Basic,2025-01-13,1,6.18,Tablet,1
user_00363,Premium,2022-08-22,1,,Desktop,4
user_00364,Premium,2024-05-07,0,,Desktop,1
user_00365,Standard,2024-09-24,1,21.85,Tablet,
user_00366,Premium,2023-11-09,0,24.4,Gaming Console,2
user_00367,Standard,2023-04-06,1,31.69,Tablet,2
user_00368,Standard,2023-01-06,1,3.22,Tablet,3
user_00369,Standard,2024-11-07,1,35.06,Tablet,4
user_00370,Basic,2024-08-14,1,4.61,Laptop,2
user_00371,Standard,2025-01-05,1,18.76,Desktop,1
user_00372,Standard,2024-01-22,1,,Laptop,4
user_00373,Standard,2024-06-08,1,8.58,Smart TV,
user_00374,Premium,2023-10-27,0,18.1,Smart TV,
user_00375,Premium,2023-05-21,1,44.37,Mobile,3
user_00376,Premium,2024-06-05,1,4.74,Desktop,3
user_00377,Premium,2024-09-26,1,9.92,Desktop,3
user_00378,Premium,2023-03-09,1,13.58,Desktop,3
user_00379,Premium,2025-05-22,1,1.14,Smart TV,2
user_00380,Standard,2024-07-10,0,3.96,Gaming Console,4
user_00381,Basic,2023-01-23,1,11.92,Desktop,2
user_00382,Premium,2025-04-10,1,11.99,Tablet,
user_00383,Standard,2025-01-01,1,29.24,Desktop,2
user_00384,Standard,2025-06-22,1,29.21,Gaming Console,
user_00385,Standard,2024-03-10,1,14.98,Tablet,2
user_00386,Premium+,2023-05-29,0,,Mobile,2
user_00387,Premium,2023-12-11,1,14.96,Gaming Console,1
user_00388,Premium,2024-12-17,1,1.63,Tablet,3
user_00389,Standard,2025-04-21,1,18.56,Tablet,
user_00390,Standard,2022-12-09,1,,Smart TV,1
user_00391,Standard,2023-06-16,0,9.17,Smart TV,4
user_00392,Premium,2024-10-16,1,9.12,Tablet,1
user_00393,Standard,2024-04-29,0,11.94,Tablet,2
user_00394,Premium,2025-05-13,1,7.49,Laptop,2
user_00395,Standard,2022-09-10,1,8.35,Laptop,
user_00396,Standard,2025-03-10,1,3.3,Gaming Console,4
user_00397,Standard,2023-09-15,1,,Desktop,4
user_00398,Standard,2025-06-05,1,12.54,Gaming Console,2
user_00399,Premium+,2024-12-03,1,4.08,Tablet,2
user_00400,Basic,2025-03-29,1,18.77,Laptop,
user_00401,Standard,2024-03-01,1,9.1,Desktop,5
user_00402,Standard,2025-05-03,1,13.43,Desktop,2
user_00403,Premium,2025-02-10,1,5.72,Mobile,3
user_00404,Premium+,2024-03-09,1,9.18,Smart TV,6
user_00405,Standard,2023-02-27,1,7.09,Smart TV,3
user_00406,Premium,2023-01-31,1,17.53,Mobile,1
user_00407,Standard,2025-02-17,1,11.51,Laptop,4
user_00408,Standard,2025-04-02,1,15.33,Desktop,1
user_00409,Premium,2025-05-08,0,14.76,Gaming Console,
user_00410,Standard,2023-01-20,1,31.85,Desktop,
user_00411,Basic,2025-01-02,1,,Gaming Console,1
user_00412,Premium,2024-12-05,0,6.92,Tablet,2
user_00413,Standard,2022-12-14,1,13.59,Tablet,4
user_00414,Standard,2024-11-04,1,9.32,Tablet,4
user_00415,Premium+,2023-11-20,1,8.33,Smart TV,2
user_00416,Basic,2024-09-07,1,,Desktop,
user_00417,Premium,2024-02-24,1,9.13,Gaming Console,2
user_00418,Basic,2023-06-24,1,28.6,Tablet,4
user_00419,Premium,2025-01-25,1,13.31,Gaming Console,3
user_00420,Standard,2025-01-20,1,26.73,Tablet,5
user_00421,Premium,2022-11-30,1,30.39,Smart TV,3
user_00422,Basic,2023-03-26,1,12.44,Tablet,
user_00423,Premium+,2024-11-13,1,4.62,Smart TV,2
user_00424,Standard,2024-09-15,1,0.94,Smart TV,6
user_00425,Standard,2023-05-30,1,9.6,Laptop,1
user_00426,Premium,2023-09-24,1,15.65,Tablet,2
user_00427,Premium+,2023-10-03,1,6.85,Tablet,
user_00428,Premium,2022-10-12,1,53.24,Mobile,
user_00429,Premium+,2024-12-07,1,,Tablet,3
user_00430,Premium,2023-05-28,1,19.57,Gaming Console,1
user_00431,Standard,2025-03-21,1,11.18,Gaming Console,2
user_00432,Premium,2022-08-06,1,16.12,Gaming Console,2
user_00433,Basic,2023-02-12,1,13.18,Gaming Console,1
user_00434,Premium,2022-09-11,1,34.28,Tablet,1
user_00435,Standard,2022-12-19,0,6.47,Tablet,1
user_00436,Premium,2023-05-29,1,15.23,Smart TV,2
user_00437,Basic,2025-05-03,1,2.56,Tablet,3
user_00438,Standard,2025-01-18,1,,Smart TV,2
user_00439,Premium+,2022-10-01,1,13.88,Gaming Console,
user_00440,Premium,2024-07-15,1,3.45,Desktop,2
user_00441,Standard,2023-02-21,1,432.82,Gaming Console,1
user_00442,Standard,2022-10-03,1,17.8,Gaming Console,1
user_00443,Standard,2024-06-07,1,28.89,Laptop,3
user_00444,Premium,2025-01-02,1,,Gaming Console,2
user_00445,Premium,2023-03-29,0,4.16,Tablet,3
user_00446,Standard,2023-04-22,1,13.82,Desktop,3
user_00447,Basic,2024-11-15,1,20.39,Laptop,3
user_00448,Premium+,2024-02-10,1,10.72,Tablet,1
user_00449,Premium,2025-03-05,1,25.88,Desktop,2
user_00450,Premium,2023-11-12,1,36.78,Smart TV,2
user_00451,Standard,2024-12-10,1,49.52,Smart TV,1
user_00452,Premium,2025-01-19,1,2.73,Desktop,4
user_00453,Premium,2025-02-13,1,15.26,Laptop,
user_00454,Basic,2023-04-06,1,10.68,Desktop,1
user_00455,Standard,2024-03-09,1,6.79,Desktop,6
user_00456,Basic,2023-03-15,1,,Smart TV,4
user_00457,Standard,2023-10-02,1,,Gaming Console,2
user_00458,Premium,2024-05-25,1,7.84,Gaming Console,1
user_00459,Premium,2023-05-02,0,23.45,Laptop,2
user_00460,Premium,2025-07-27,1,18.47,Desktop,2
user_00461,Standard,2023-10-10,1,26.39,Gaming Console,2
user_00462,Premium,2023-02-04,0,,Smart TV,3
user_00463,Premium,2023-11-29,1,12.71,Tablet,4
user_00464,Premium,2022-08-19,1,12.2,Gaming Console,2
user_00465,Premium,2025-05-22,1,33.78,Gaming Console,2
user_00466,Premium,2022-09-19,0,,Desktop,1
user_00467,Basic,2025-07-08,1,2.44,Desktop,2
user_00468,Standard,2024-06-11,1,8.33,Tablet,5
user_00469,Premium+,2024-02-23,1,7.45,Smart TV,
user_00470,Basic,2023-02-19,1,63.65,Gaming Console,4
user_00471,Standard,2023-07-09,1,17.51,Desktop,2
user_00472,Premium+,2023-11-08,1,17.03,Mobile,
user_00473,Premium,2023-06-08,0,10.19,Gaming Console,1
user_00474,Premium,2024-01-20,0,1.88,Mobile,1
user_00475,Premium,2024-10-16,1,8.4,Smart TV,1
user_00476,Standard,2024-09-13,1,3.79,Laptop,4
user_00477,Standard,2023-05-23,1,10.24,Gaming Console,4
user_00478,Standard,2024-09-11,1,11.67,Laptop,4
user_00479,Standard,2024-06-19,1,6.09,Tablet,4
user_00480,Premium,2022-11-16,1,13.5,Gaming Console,4
user_00481,Standard,2025-07-05,0,12.1,Mobile,1
user_00482,Premium,2024-02-17,1,0.77,Smart TV,
user_00483,Premium,2024-10-14,1,21.69,Desktop,2
user_00484,Premium+,2022-11-25,1,15.67,Gaming Console,
user_00485,Standard,2024-07-07,1,0.9,Laptop,1
user_00486,Basic,2024-04-25,1,22.06,Gaming Console,2
user_00487,Premium,2024-01-31,1,27.92,Mobile,6
user_00488,Basic,2024-06-23,0,2.86,Laptop,5
user_00489,Premium,2023-06-25,1,11.6,Tablet,2
user_00490,Standard,2025-02-18,1,6.19,Tablet,2
user_00491,Premium,2024-08-14,1,2.2,Laptop,4
user_00492,Standard,2022-09-08,1,20.84,Mobile,3
user_00493,Standard,2022-12-13,1,19.03,Mobile,1
user_00494,Premium,2023-10-20,1,19.84,Gaming Console,2
user_00495,Basic,2022-08-07,1,18.7,Laptop,4
user_00496,Premium,2023-11-08,1,3.76,Tablet,3
user_00497,Premium,2023-02-24,1,12.45,Tablet,3
user_00498,Premium,2023-12-14,1,6.44,Desktop,4
user_00499,Premium+,2022-08-30,1,24.65,Laptop,1
user_00500,Standard,2025-07-10,1,17.45,Desktop,4
user_00501,Basic,2023-07-16,1,14.66,Laptop,2
user_00502,Standard,2024-08-14,1,7.6,Desktop,3
user_00503,Standard,2023-10-21,1,11.42,Gaming Console,5
user_00504,Basic,2024-01-29,0,,Desktop,2
user_00505,Premium,2024-02-15,1,12.07,Gaming Console,4
user_00506,Basic,2023-03-28,1,15.49,Smart TV,4
user_00507,Standard,2023-08-25,1,3.27,Desktop,5
user_00508,Standard,2023-09-05,1,66.63,Gaming Console,2
user_00509,Standard,2023-11-06,1,11.38,Tablet,2
user_00510,Premium+,2022-12-24,1,13.69,Mobile,1
user_00511,Standard,2022-10-31,0,5.38,Mobile,4
user_00512,Premium,2023-04-10,1,,Laptop,4
user_00513,Standard,2022-10-08,1,14.82,Desktop,1
user_00514,Basic,2024-01-01,1,18.38,Smart TV,1
user_00515,Premium+,2024-05-03,1,479.85,Mobile,2
user_00516,Premium+,2024-03-08,0,20.05,Gaming Console,2
user_00517,Premium,2023-01-31,1,2.32,Tablet,6
user_00518,Standard,2024-04-09,1,34.0,Laptop,2
user_00519,Basic,2024-03-29,1,5.22,Mobile,3
user_00520,Basic,2024-06-25,1,38.8,Tablet,3
user_00521,Premium,2024-10-01,1,38.42,Laptop,2
user_00522,Standard,2024-01-27,0,12.98,Gaming Console,3
user_00523,Premium,2023-04-27,1,14.53,Gaming Console,3
user_00524,Standard,2025-06-16,0,11.74,Mobile,
user_00525,Premium+,2024-06-19,1,26.16,Laptop,6
user_00526,Standard,2025-05-08,1,4.85,Smart TV,1
user_00527,Premium,2024-05-25,0,63.34,Desktop,6
user_00528,Premium+,2025-01-06,1,20.15,Gaming Console,6
user_00529,Standard,2023-02-17,1,14.94,Laptop,1
user_00530,Basic,2022-11-01,1,13.81,Mobile,2
user_00531,Premium,2023-12-19,0,18.51,Laptop,7
user_00532,Standard,2024-01-06,1,14.95,Laptop,1
user_00533,Premium,2024-12-05,1,15.25,Desktop,4
user_00534,Standard,2024-09-17,1,9.01,Gaming Console,1
user_00535,Standard,2024-07-17,1,15.69,Laptop,2
user_00536,Premium+,2022-10-12,0,6.99,Laptop,2
user_00537,Premium,2025-07-11,1,12.01,Smart TV,1
user_00538,Premium,2023-06-15,1,14.63,Smart TV,2
user_00539,Basic,2023-08-31,1,14.89,Gaming Console,2
user_00540,Standard,2024-01-30,1,30.08,Laptop,1
user_00541,Standard,2025-05-28,1,8.16,Laptop,5
user_00542,Basic,2024-10-22,1,13.8,Laptop,4
user_00543,Standard,2022-11-29,1,2.29,Mobile,2
user_00544,Standard,2025-06-06,1,21.68,Mobile,1
user_00545,Standard,2024-06-28,1,15.17,Mobile,2
user_00546,Standard,2023-03-07,1,1.42,Smart TV,3
user_00547,Premium,2023-01-13,1,21.23,Smart TV,2
user_00548,Premium,2024-09-03,1,8.61,Desktop,5
user_00549,Standard,2023-10-25,0,10.64,Mobile,5
user_00550,Premium+,2024-09-09,1,17.66,Gaming Console,1
user_00551,Standard,2024-11-30,1,14.9,Mobile,3
user_00552,Standard,2023-07-04,1,28.32,Smart TV,4
user_00553,Premium,2024-06-07,0,32.16,Gaming Console,
user_00554,Basic,2024-02-05,1,24.58,Desktop,6
user_00555,Standard,2024-06-27,1,13.79,Desktop,4
user_00556,Basic,2023-01-04,1,9.05,Desktop,2
user_00557,Standard,2024-06-26,1,19.58,Smart TV,3
user_00558,Standard,2023-03-01,1,29.59,Desktop,4
user_00559,Basic,2023-08-19,1,954.98,Gaming Console,8
user_00560,Premium,2023-11-20,1,,Tablet,3
user_00561,Premium,2024-05-06,1,18.75,Mobile,1
user_00562,Standard,2022-08-12,0,22.77,Gaming Console,2
user_00563,Premium+,2024-08-18,1,7.66,Tablet,7
user_00564,Basic,2023-04-18,1,5.69,Mobile,2
user_00565,Basic,2024-11-05,0,10.54,Laptop,3
user_00566,Basic,2022-11-25,1,8.12,Mobile,3
user_00567,Basic,2023-07-28,1,6.04,Desktop,1
user_00568,Premium,2025-07-07,1,18.1,Desktop,2
user_00569,Premium+,2022-08-16,0,,Tablet,4
user_00570,Standard,2025-07-05,1,16.92,Desktop,
user_00571,Premium,2024-07-27,1,3.74,Mobile,4
user_00572,Basic,2023-06-20,1,10.46,Gaming Console,7
user_00573,Premium+,2023-05-30,1,18.34,Gaming Console,3
user_00574,Premium+,2024-02-04,0,13.48,Gaming Console,3
user_00575,Standard,2025-03-24,1,6.58,Tablet,1
user_00576,Premium,2024-11-28,1,5.96,Desktop,
user_00577,Basic,2022-12-03,1,5.0,Desktop,1
user_00578,Standard,2025-03-20,1,31.96,Mobile,1
user_00579,Standard,2024-12-20,1,7.54,Smart TV,
user_00580,Basic,2022-08-19,1,8.71,Gaming Console,3
user_00581,Standard,2025-07-28,0,18.38,Laptop,2
user_00582,Basic,2024-12-30,1,35.04,Mobile,
user_00583,Basic,2024-08-31,1,44.19,Mobile,2
user_00584,Standard,2024-04-29,0,12.98,Gaming Console,2
user_00585,Premium+,2024-05-14,1,25.49,Tablet,1
user_00586,Premium,2023-06-27,1,5.81,Tablet,1
user_00587,Basic,2023-10-04,1,1.91,Smart TV,2
user_00588,Premium,2023-01-04,1,3.04,Laptop,2
user_00589,Standard,2023-11-01,0,7.99,Mobile,7
user_00590,Standard,2023-06-01,1,9.05,Desktop,4
user_00591,Basic,2024-12-09,0,12.94,Laptop,2
user_00592,Basic,2022-09-20,1,12.95,Gaming Console,2
user_00593,Basic,2022-10-08,1,5.19,Laptop,3
user_00594,Standard,2023-03-04,1,17.45,Smart TV,1
user_00595,Premium,2023-08-31,1,7.5,Gaming Console,4
user_00596,Standard,2024-06-17,1,,Laptop,2
user_00597,Standard,2025-06-28,1,15.29,Mobile,3
user_00598,Standard,2025-04-01,1,16.54,Mobile,5
user_00599,Premium,2022-11-24,1,12.05,Desktop,
user_00600,Premium,2022-09-28,1,9.26,Smart TV,2
user_00601,Premium+,2022-11-10,1,30.84,Tablet,2
user_00602,Premium,2022-12-22,1,11.97,Mobile,
user_00603,Basic,2025-03-11,1,13.13,Laptop,
user_00604,Premium,2023-07-02,1,56.09,Tablet,5
user_00605,Basic,2025-01-24,1,14.55,Tablet,5
user_00606,Basic,2025-05-25,1,24.41,Gaming Console,1
user_00607,Standard,2023-11-09,1,20.81,Desktop,2
user_00608,Premium,2024-06-06,1,3.02,Tablet,2
user_00609,Standard,2024-06-30,1,17.82,Tablet,1
user_00610,Premium,2025-03-13,1,25.73,Mobile,
user_00611,Basic,2024-05-21,1,,Smart TV,4
user_00612,Standard,2023-08-04,1,15.89,Gaming Console,7
user_00613,Basic,2025-05-28,1,9.83,Tablet,3
user_00614,Premium,2024-07-24,1,19.19,Gaming Console,2
user_00615,Basic,2025-04-30,1,4.29,Laptop,2
user_00616,Basic,2022-12-09,1,2.22,Laptop,4
user_00617,Standard,2022-12-18,1,8.1,Mobile,7
user_00618,Standard,2025-07-26,1,3.67,Smart TV,4
user_00619,Standard,2024-08-09,1,6.22,Laptop,3
user_00620,Standard,2025-06-12,0,0.41,Gaming Console,1
user_00621,Standard,2023-06-14,1,29.95,Laptop,3
user_00622,Premium,2023-03-12,1,21.52,Mobile,2
user_00623,Premium,2025-06-28,1,,Mobile,2
user_00624,Premium,2023-02-26,1,11.62,Mobile,3
user_00625,Standard,2025-06-09,1,26.58,Desktop,3
user_00626,Basic,2025-02-08,1,26.86,Smart TV,6
user_00627,Standard,2024-07-28,1,19.22,Gaming Console,
user_00628,Premium,2022-10-07,1,21.98,Laptop,1
user_00629,Basic,2023-12-05,1,,Mobile,2
user_00630,Basic,2024-11-19,1,12.7,Desktop,3
user_00631,Premium,2022-09-10,1,,Gaming Console,2
user_00632,Basic,2022-12-23,1,24.98,Gaming Console,3
user_00633,Standard,2024-12-09,1,2.38,Mobile,2
user_00634,Standard,2023-09-25,1,12.23,Smart TV,3
user_00635,Basic,2024-04-07,1,,Smart TV,1
user_00636,Standard,2024-08-26,0,11.33,Tablet,2
user_00637,Premium+,2022-12-19,0,2.86,Laptop,3
user_00638,Premium,2023-10-13,1,26.61,Mobile,
user_00639,Basic,2025-05-14,1,7.29,Gaming Console,3
user_00640,Premium,2023-07-30,1,21.37,Smart TV,4
user_00641,Premium,2024-04-07,1,10.99,Gaming Console,
user_00642,Basic,2025-07-21,1,10.17,Tablet,2
user_00643,Standard,2024-02-01,0,23.24,Mobile,4
user_00644,Premium,2025-02-07,1,10.78,Desktop,1
user_00645,Premium,2023-09-25,1,34.28,Tablet,4
user_00646,Premium,2023-10-12,1,15.87,Desktop,
user_00647,Premium,2025-03-13,1,11.27,Mobile,7
user_00648,Premium,2025-04-20,1,22.84,Smart TV,1
user_00649,Basic,2024-08-25,1,,Desktop,3
user_00650,Standard,2023-02-21,1,15.81,Smart TV,5
user_00651,Basic,2023-06-03,1,40.4,Gaming Console,
user_00652,Standard,2025-01-27,0,25.36,Smart TV,3
user_00653,Standard,2023-12-27,0,,Tablet,4
user_00654,Premium,2023-11-06,1,46.86,Gaming Console,2
user_00655,Premium,2023-05-05,1,,Smart TV,5
user_00656,Basic,2025-06-09,1,10.74,Tablet,
user_00657,Premium,2023-02-20,0,11.4,Mobile,2
user_00658,Standard,2024-09-14,1,,Mobile,
user_00659,Standard,2023-09-10,1,,Gaming Console,2
user_00660,Standard,2023-01-14,1,22.3,Tablet,1
user_00661,Premium,2024-12-29,1,1.32,Gaming Console,
user_00662,Standard,2024-12-04,1,2.7,Tablet,
user_00663,Standard,2022-09-24,1,23.9,Gaming Console,2
user_00664,Standard,2022-08-21,1,11.66,Desktop,5
user_00665,Standard,2023-08-15,0,17.49,Laptop,2
user_00666,Basic,2023-10-15,0,,Smart TV,4
user_00667,Premium,2023-05-30,1,2.66,Smart TV,3
user_00668,Premium,2022-11-16,1,6.85,Mobile,4
user_00669,Premium,2023-01-15,1,5.14,Gaming Console,4
user_00670,Basic,2024-08-10,1,,Laptop,
user_00671,Premium,2023-10-09,1,2.58,Smart TV,2
user_00672,Basic,2024-07-30,1,11.46,Smart TV,4
user_00673,Premium,2024-11-15,1,4.91,Gaming Console,6
user_00674,Premium+,2023-07-24,0,20.66,Mobile,1
user_00675,Basic,2024-01-01,1,9.61,Desktop,2
user_00676,Basic,2025-03-14,1,3.77,Gaming Console,5
user_00677,Premium,2023-11-25,1,28.09,Tablet,3
user_00678,Standard,2023-01-04,1,5.55,Smart TV,6
user_00679,Standard,2024-05-14,1,,Gaming Console,
user_00680,Basic,2024-10-25,1,12.71,Smart TV,5
user_00681,Basic,2024-01-06,1,14.8,Desktop,1
user_00682,Basic,2023-07-07,1,18.14,Desktop,1
user_00683,Standard,2023-05-26,1,22.76,Gaming Console,6
user_00684,Premium,2022-09-15,1,39.82,Mobile,2
user_00685,Standard,2024-12-14,1,,Desktop,
user_00686,Standard,2025-07-24,0,18.59,Mobile,
user_00687,Premium,2024-06-18,1,45.54,Tablet,3
user_00688,Standard,2023-03-02,1,9.52,Laptop,1
user_00689,Standard,2025-02-21,1,21.99,Smart TV,3
user_00690,Premium,2023-07-05,1,7.83,Gaming Console,1
user_00691,Basic,2025-01-30,0,,Smart TV,
user_00692,Premium,2025-06-10,1,20.73,Laptop,3
user_00693,Standard,2024-01-01,1,28.54,Laptop,1
user_00694,Premium,2025-03-13,0,18.69,Tablet,4
user_00695,Premium,2022-12-10,1,7.25,Gaming Console,2
user_00696,Standard,2024-10-14,1,9.76,Smart TV,3
user_00697,Standard,2022-10-21,1,10.39,Gaming Console,1
user_00698,Standard,2024-03-07,1,8.79,Tablet,2
user_00699,Standard,2023-03-11,1,7.55,Smart TV,1
user_00700,Premium,2022-09-24,1,9.77,Laptop,1
user_00701,Standard,2023-10-30,1,,Desktop,4
user_00702,Premium+,2023-11-20,1,8.11,Smart TV,
user_00703,Standard,2024-11-14,1,6.2,Laptop,4
user_00704,Basic,2022-09-03,1,35.63,Mobile,
user_00705,Basic,2023-01-22,1,14.53,Gaming Console,
user_00706,Premium,2023-07-21,1,9.76,Mobile,6
user_00707,Standard,2024-09-26,1,27.33,Desktop,5
user_00708,Standard,2024-04-27,1,26.58,Mobile,3
user_00709,Premium,2024-06-21,1,6.55,Tablet,
user_00710,Premium+,2024-07-28,1,0.98,Laptop,2
user_00711,Premium+,2023-12-11,1,13.73,Tablet,1
user_00712,Premium,2024-12-26,1,17.4,Mobile,4
user_00713,Basic,2025-04-07,0,8.22,Laptop,4
user_00714,Premium,2024-11-16,1,18.44,Laptop,2
user_00715,Standard,2023-11-30,1,22.86,Laptop,2
user_00716,Premium,2025-06-07,1,31.41,Laptop,3
user_00717,Standard,2023-11-07,1,8.76,Tablet,
user_00718,Standard,2024-07-31,0,7.61,Gaming Console,1
user_00719,Basic,2025-01-11,1,25.58,Mobile,1
user_00720,Standard,2022-11-18,1,20.26,Mobile,1
user_00721,Standard,2024-10-21,1,14.56,Desktop,6
user_00722,Basic,2024-11-08,0,12.87,Mobile,4
user_00723,Premium,2023-10-12,1,26.01,Gaming Console,2
user_00724,Premium,2023-07-22,0,5.82,Smart TV,2
user_00725,Basic,2022-08-15,1,,Smart TV,1
user_00726,Premium,2023-11-17,0,13.64,Smart TV,3
user_00727,Premium,2024-09-26,1,46.72,Desktop,1
user_00728,Premium,2024-08-18,1,6.81,Tablet,4
user_00729,Premium,2023-04-13,1,16.89,Tablet,
user_00730,Standard,2025-02-02,1,,Gaming Console,7
user_00731,Standard,2023-02-12,0,13.1,Desktop,1
user_00732,Basic,2024-08-19,1,16.84,Mobile,3
user_00733,Standard,2022-11-16,1,8.53,Laptop,2
user_00734,Standard,2023-08-19,1,6.09,Mobile,3
user_00735,Premium,2025-06-19,1,17.14,Desktop,2
user_00736,Standard,2023-07-19,1,7.66,Laptop,2
user_00737,Premium,2024-03-02,1,23.18,Desktop,5
user_00738,Premium,2025-01-20,0,3.15,Tablet,8
user_00739,Standard,2022-09-20,1,28.24,Gaming Console,
user_00740,Premium,2025-03-25,1,,Mobile,3
user_00741,Premium,2023-05-06,1,5.6,Desktop,6
user_00742,Standard,2025-06-14,1,28.03,Smart TV,5
user_00743,Standard,2023-12-28,0,24.62,Smart TV,
user_00744,Premium,2024-11-21,0,,Laptop,4
user_00745,Premium,2024-06-19,0,5.69,Mobile,2
user_00746,Basic,2024-06-09,1,8.41,Mobile,4
user_00747,Premium,2022-08-23,0,7.22,Tablet,1
user_00748,Standard,2024-03-11,1,18.87,Mobile,4
user_00749,Premium,2025-07-19,1,12.24,Gaming Console,4
user_00750,Premium,2024-10-02,0,26.78,Smart TV,3
user_00751,Standard,2024-03-18,1,4.97,Desktop,4
user_00752,Premium,2023-05-28,1,22.89,Tablet,1
user_00753,Premium,2025-05-06,1,18.16,Gaming Console,2
user_00754,Basic,2023-08-08,1,7.82,Smart TV,3
user_00755,Standard,2024-07-29,1,8.59,Gaming Console,
user_00756,Premium,2025-04-07,1,12.89,Mobile,2
user_00757,Standard,2023-08-25,1,,Gaming Console,3
user_00758,Premium,2023-12-07,1,51.46,Desktop,
user_00759,Premium,2023-10-01,1,9.92,Desktop,2
user_00760,Premium,2025-05-04,1,54.54,Desktop,2
user_00761,Standard,2025-03-12,1,20.22,Smart TV,2
user_00762,Premium,2022-08-06,1,14.0,Laptop,2
user_00763,Basic,2023-11-29,1,2.36,Desktop,1
user_00764,Premium+,2024-05-22,1,17.89,Tablet,4
user_00765,Premium+,2022-10-28,1,23.98,Mobile,
user_00766,Premium,2024-03-22,1,,Desktop,2
user_00767,Basic,2025-06-07,1,23.76,Desktop,3
user_00768,Basic,2023-03-06,1,25.75,Gaming Console,2
user_00769,Standard,2024-09-13,0,,Mobile,
user_00770,Premium+,2024-10-04,1,25.01,Gaming Console,2
user_00771,Standard,2024-04-25,1,43.98,Tablet,
user_00772,Standard,2024-11-01,1,7.21,Laptop,
user_00773,Standard,2024-01-03,1,0.27,Tablet,2
user_00774,Standard,2024-10-13,1,,Desktop,
user_00775,Standard,2023-12-04,1,52.39,Smart TV,2
user_00776,Basic,2025-03-10,1,18.12,Mobile,1
user_00777,Premium,2025-03-27,1,997.8,Desktop,3
user_00778,Basic,2022-10-29,1,26.93,Mobile,
user_00779,Standard,2023-04-08,1,43.41,Gaming Console,4
user_00780,Standard,2024-02-12,1,3.89,Tablet,2
user_00781,Premium,2023-03-23,1,43.7,Desktop,
user_00782,Premium,2022-09-02,1,31.48,Smart TV,
user_00783,Standard,2024-04-14,1,17.41,Gaming Console,1
user_00784,Basic,2024-01-10,1,16.38,Desktop,7
user_00785,Standard,2022-11-16,1,5.13,Mobile,3
user_00786,Premium,2022-12-11,0,10.2,Laptop,1
user_00787,Basic,2023-10-11,1,17.39,Desktop,2
user_00788,Basic,2022-08-28,1,14.99,Mobile,3
user_00789,Standard,2023-06-12,1,24.97,Laptop,2
user_00790,Premium,2023-12-27,0,4.01,Mobile,1
user_00791,Premium,2025-04-03,1,5.33,Smart TV,5
user_00792,Basic,2024-04-23,1,24.29,Desktop,
user_00793,Premium,2024-08-24,1,8.58,Laptop,3
user_00794,Standard,2025-01-22,1,10.08,Mobile,2
user_00795,Premium,2024-09-04,1,14.22,Smart TV,
user_00796,Premium,2023-11-08,1,42.07,Tablet,
user_00797,Basic,2024-05-24,1,,Laptop,2
user_00798,Premium,2024-12-27,1,11.05,Mobile,1
user_00799,Standard,2023-09-30,1,,Smart TV,4
user_00800,Premium,2023-11-25,1,31.3,Gaming Console,2
user_00801,Standard,2023-10-15,1,6.58,Laptop,4
user_00802,Premium,2022-12-06,1,18.4,Gaming Console,7
user_00803,Basic,2025-05-07,1,5.88,Desktop,3
user_00804,Premium,2024-02-15,0,19.25,Gaming Console,1
user_00805,Standard,2023-12-08,1,38.63,Gaming Console,6
user_00806,Basic,2023-11-02,0,2.52,Laptop,2
user_00807,Basic,2023-12-29,1,9.07,Gaming Console,2
user_00808,Standard,2023-02-28,1,30.19,Smart TV,2
user_00809,Standard,2022-12-08,1,4.58,Laptop,2
user_00810,Standard,2022-12-16,1,17.45,Tablet,3
user_00811,Standard,2024-06-20,1,20.53,Mobile,5
user_00812,Premium,2022-12-19,1,26.45,Mobile,
user_00813,Basic,2025-05-14,1,,Desktop,3
user_00814,Premium,2025-01-05,1,24.46,Tablet,5
user_00815,Basic,2023-03-23,1,6.91,Desktop,1
user_00816,Standard,2023-07-20,1,2.77,Mobile,5
user_00817,Basic,2023-05-29,1,17.15,Tablet,2
user_00818,Standard,2022-08-24,1,16.69,Desktop,
user_00819,Basic,2025-02-14,1,14.76,Gaming Console,2
user_00820,Premium+,2023-04-10,1,21.3,Tablet,2
user_00821,Premium,2024-05-23,1,5.15,Laptop,3
user_00822,Standard,2025-02-24,1,11.4,Smart TV,2
user_00823,Standard,2024-09-18,1,12.61,Tablet,2
user_00824,Premium,2024-12-10,1,26.85,Smart TV,4
user_00825,Premium,2022-08-28,1,4.49,Mobile,
user_00826,Premium,2025-04-18,0,0.39,Laptop,3
user_00827,Premium+,2025-04-24,1,,Tablet,
user_00828,Premium,2022-10-06,1,20.55,Laptop,5
user_00829,Premium+,2024-08-01,1,15.42,Laptop,6
user_00830,Premium,2023-06-29,1,18.04,Gaming Console,1
user_00831,Basic,2024-12-11,1,2.22,Laptop,2
user_00832,Premium,2024-08-02,1,,Gaming Console,2
user_00833,Premium+,2025-01-21,1,7.44,Tablet,
user_00834,Premium+,2025-06-06,1,18.99,Tablet,
user_00835,Basic,2024-05-07,0,5.89,Mobile,3
user_00836,Premium,2025-05-22,1,12.48,Desktop,1
user_00837,Premium+,2022-09-13,1,16.3,Laptop,2
user_00838,Standard,2023-01-21,0,2.11,Tablet,4
user_00839,Premium,2025-01-02,1,5.0,Smart TV,2
user_00840,Basic,2023-01-12,1,29.71,Smart TV,3
user_00841,Basic,2023-10-04,1,2.36,Desktop,2
user_00842,Premium,2022-08-10,1,15.43,Gaming Console,4
user_00843,Premium,2022-09-13,1,41.55,Tablet,2
user_00844,Standard,2023-11-21,1,22.52,Desktop,
user_00845,Standard,2025-05-09,0,11.2,Desktop,1
user_00846,Basic,2022-08-04,1,9.28,Mobile,4
user_00847,Premium,2024-04-07,1,9.29,Tablet,3
user_00848,Premium,2023-10-31,1,42.16,Gaming Console,3
user_00849,Premium+,2025-06-24,1,26.44,Gaming Console,
user_00850,Premium,2023-10-01,0,16.42,Laptop,3
user_00851,Premium,2023-08-09,1,,Tablet,3
user_00852,Standard,2024-04-03,1,,Mobile,2
user_00853,Standard,2025-03-03,1,20.16,Mobile,1
user_00854,Basic,2023-06-19,1,5.29,Mobile,1
user_00855,Premium+,2022-08-26,0,16.57,Smart TV,2
user_00856,Standard,2023-04-12,1,27.36,Mobile,1
user_00857,Standard,2022-11-13,1,11.66,Gaming Console,
user_00858,Basic,2024-06-23,1,,Laptop,4
user_00859,Standard,2023-11-15,1,,Laptop,2
user_00860,Standard,2024-05-10,1,9.16,Laptop,2
user_00861,Standard,2025-06-18,1,36.51,Smart TV,
user_00862,Basic,2023-11-30,1,17.57,Gaming Console,5
user_00863,Standard,2024-10-30,1,17.01,Desktop,4
user_00864,Standard,2024-08-25,1,14.21,Gaming Console,
user_00865,Premium,2024-08-27,1,6.97,Desktop,3
user_00866,Premium,2025-06-17,1,15.86,Laptop,2
user_00867,Premium,2022-11-15,1,13.54,Mobile,3
user_00868,Basic,2023-10-26,1,9.13,Tablet,1
user_00869,Premium,2025-05-04,1,38.59,Gaming Console,2
user_00870,Standard,2024-07-22,1,21.98,Tablet,
user_00871,Basic,2024-04-02,1,14.36,Gaming Console,1
user_00872,Standard,2024-07-27,1,14.65,Gaming Console,2
user_00873,Premium,2023-09-16,1,13.18,Tablet,4
user_00874,Standard,2025-03-30,1,23.49,Mobile,5
user_00875,Premium+,2025-05-14,1,15.55,Desktop,2
user_00876,Premium,2024-02-10,1,25.95,Laptop,2
user_00877,Premium+,2024-09-05,1,2.11,Tablet,1
user_00878,Premium,2025-03-04,0,32.52,Gaming Console,4
user_00879,Premium,2024-12-19,1,13.91,Desktop,
user_00880,Basic,2023-12-27,0,38.33,Laptop,4
user_00881,Premium,2023-01-12,1,598.69,Laptop,
user_00882,Premium,2024-06-09,0,23.46,Smart TV,2
user_00883,Basic,2024-03-24,1,22.37,Mobile,5
user_00884,Premium,2024-10-05,1,14.74,Gaming Console,1
user_00885,Premium,2023-06-17,1,11.32,Laptop,
user_00886,Premium,2023-12-29,1,17.2,Tablet,3
user_00887,Premium+,2024-05-31,1,26.62,Mobile,3
user_00888,Premium,2025-03-27,1,4.7,Smart TV,2
user_00889,Standard,2024-01-23,1,14.42,Tablet,1
user_00890,Standard,2024-12-02,1,1.84,Gaming Console,3
user_00891,Basic,2024-06-29,1,6.4,Desktop,7
user_00892,Standard,2022-11-29,1,,Tablet,
user_00893,Premium,2022-10-21,1,7.67,Desktop,4
user_00894,Standard,2024-01-23,1,16.79,Gaming Console,3
user_00895,Premium,2023-09-29,1,8.02,Mobile,4
user_00896,Standard,2023-11-10,0,19.83,Mobile,
user_00897,Premium,2025-03-04,1,29.72,Tablet,1
user_00898,Basic,2024-12-29,1,,Desktop,4
user_00899,Standard,2025-04-02,1,,Smart TV,5
user_00900,Premium+,2023-02-20,1,14.85,Gaming Console,
user_00901,Standard,2024-11-16,1,3.95,Mobile,1
user_00902,Standard,2025-02-03,1,47.13,Mobile,4
user_00903,Premium+,2024-12-07,1,5.22,Mobile,6
user_00904,Premium,2025-07-11,0,8.49,Gaming Console,
user_00905,Premium,2022-08-03,1,21.59,Tablet,2
user_00906,Standard,2024-06-02,0,7.14,Laptop,
user_00907,Basic,2022-08-20,1,14.22,Laptop,3
user_00908,Basic,2024-10-04,1,11.45,Mobile,6
user_00909,Premium,2025-05-25,1,2.7,Laptop,
user_00910,Premium,2022-08-02,1,94.09,Tablet,4
user_00911,Standard,2023-07-04,1,9.13,Laptop,1
user_00912,Premium,2023-10-12,1,24.39,Gaming Console,2
user_00913,Premium,2024-02-22,0,20.83,Gaming Console,1
user_00914,Premium,2024-03-19,1,5.44,Tablet,2
user_00915,Premium,2025-03-02,1,24.48,Laptop,6
user_00916,Premium,2024-08-09,1,37.76,Mobile,3
user_00917,Basic,2023-07-26,1,16.69,Tablet,2
user_00918,Standard,2024-07-27,1,19.38,Smart TV,
user_00919,Premium,2025-05-10,1,29.59,Mobile,7
user_00920,Standard,2024-06-01,1,3.02,Desktop,
user_00921,Premium,2024-07-07,1,31.78,Tablet,3
user_00922,Standard,2024-12-02,0,17.85,Laptop,4
user_00923,Basic,2024-08-20,1,6.84,Laptop,1
user_00924,Premium,2023-02-12,1,20.47,Desktop,4
user_00925,Standard,2024-02-21,1,38.99,Smart TV,3
user_00926,Standard,2025-05-13,0,17.91,Smart TV,4
user_00927,Basic,2023-07-24,1,4.97,Mobile,1
user_00928,Basic,2022-09-21,1,15.08,Mobile,2
user_00929,Basic,2022-08-09,1,17.85,Smart TV,7
user_00930,Basic,2025-03-04,1,10.87,Smart TV,2
user_00931,Standard,2025-06-16,1,19.69,Laptop,7
user_00932,Standard,2025-03-10,1,9.06,Desktop,
user_00933,Standard,2023-09-28,1,46.0,Desktop,5
user_00934,Standard,2023-06-13,0,10.01,Tablet,1
user_00935,Premium,2024-10-19,1,18.8,Gaming Console,1
user_00936,Basic,2024-01-10,1,25.62,Smart TV,2
user_00937,Premium+,2024-10-09,0,7.36,Gaming Console,2
user_00938,Premium+,2023-02-17,1,8.82,Smart TV,
user_00939,Standard,2024-07-18,1,24.24,Tablet,2
user_00940,Standard,2023-04-29,1,9.59,Tablet,1
user_00941,Basic,2023-01-26,1,1.24,Mobile,4
user_00942,Basic,2024-03-24,1,32.06,Desktop,5
user_00943,Standard,2023-04-18,1,44.55,Smart TV,4
user_00944,Standard,2025-03-14,1,8.95,Gaming Console,1
user_00945,Premium+,2022-10-03,1,14.98,Gaming Console,
user_00946,Premium,2023-01-21,1,10.53,Desktop,2
user_00947,Standard,2023-12-04,1,24.8,Mobile,1
user_00948,Premium+,2023-12-14,1,27.51,Smart TV,4
user_00949,Premium+,2025-07-13,1,8.26,Tablet,3
user_00950,Basic,2022-12-20,1,9.92,Tablet,4
user_00951,Standard,2025-02-14,1,12.84,Gaming Console,1
user_00952,Standard,2024-09-27,1,23.95,Mobile,3
user_00953,Premium,2023-05-02,1,16.38,Smart TV,4
user_00954,Premium,2023-06-10,1,22.01,Desktop,2
user_00955,Standard,2023-03-17,1,6.87,Laptop,
user_00956,Premium,2025-03-10,0,5.11,Desktop,2
user_00957,Standard,2023-09-01,1,16.61,Desktop,3
user_00958,Basic,2024-01-27,0,7.46,Mobile,2
user_00959,Premium,2023-08-24,1,8.55,Desktop,2
user_00960,Basic,2023-12-04,1,8.59,Gaming Console,4
user_00961,Basic,2023-07-15,0,3.43,Mobile,2
user_00962,Premium,2022-11-21,0,,Gaming Console,8
user_00963,Premium,2024-05-01,1,24.21,Tablet,2
user_00964,Standard,2022-11-25,1,38.4,Laptop,1
user_00965,Basic,2025-06-21,1,9.58,Desktop,3
user_00966,Premium,2025-07-02,0,,Gaming Console,4
user_00967,Premium,2023-06-26,1,22.38,Tablet,2
user_00968,Premium,2024-07-30,0,23.37,Laptop,2
user_00969,Standard,2023-08-02,0,1.79,Mobile,2
user_00970,Premium+,2022-08-30,1,18.12,Tablet,4
user_00971,Basic,2024-03-18,1,9.73,Mobile,1
user_00972,Premium,2024-05-22,0,6.51,Desktop,1
user_00973,Premium,2024-09-28,0,23.98,Desktop,
user_00974,Standard,2023-05-16,1,6.69,Mobile,4
user_00975,Premium,2024-03-23,0,22.06,Laptop,
user_00976,Basic,2024-03-22,1,26.17,Mobile,3
user_00977,Basic,2022-12-16,1,15.41,Gaming Console,6
user_00978,Basic,2023-11-08,1,5.44,Gaming Console,6
user_00979,Standard,2024-05-14,0,37.48,Tablet,3
user_00980,Premium,2022-08-17,1,11.19,Mobile,2
user_00981,Premium,2023-11-10,1,5.08,Mobile,2
user_00982,Standard,2025-05-12,1,31.29,Desktop,4
user_00983,Standard,2024-06-04,1,68.94,Mobile,4
user_00984,Premium,2022-11-28,0,21.29,Mobile,4
user_00985,Premium,2025-02-21,1,,Tablet,2
user_00986,Premium,2025-07-14,0,25.11,Gaming Console,5
user_00987,Premium,2025-03-12,1,18.04,Laptop,4
user_00988,Standard,2024-01-20,1,4.29,Desktop,1
user_00989,Premium,2023-07-28,1,20.38,Smart TV,3
user_00990,Premium,2024-09-23,1,10.31,Gaming Console,5
user_00991,Premium,2024-08-25,1,10.48,Tablet,7
user_00992,Standard,2025-03-17,1,9.73,Gaming Console,
user_00993,Premium,2023-05-07,1,18.05,Desktop,4
user_00994,Premium,2023-01-14,1,,Tablet,
user_00995,Premium,2022-08-18,1,,Laptop,4
user_00996,Standard,2025-01-14,1,2.79,Laptop,1
user_00997,Standard,2023-03-03,1,1.23,Tablet,2
user_00998,Standard,2025-06-10,1,3.6,Gaming Console,
user_00999,Premium,2024-09-11,1,30.13,Laptop,2
user_01000,Basic,2023-11-04,1,28.45,Mobile,2
user_01001,Premium,2024-01-01,1,14.41,Laptop,2
user_01002,Standard,2025-05-31,1,7.04,Smart TV,4
user_01003,Standard,2023-09-01,1,13.81,Mobile,2
user_01004,Standard,2023-06-05,1,27.93,Mobile,2
user_01005,Standard,2025-01-20,1,35.29,Tablet,1
user_01006,Basic,2025-01-28,1,8.16,Laptop,4
user_01007,Premium,2025-07-24,1,18.92,Laptop,2
user_01008,Standard,2025-05-29,1,18.47,Gaming Console,5
user_01009,Basic,2023-07-13,1,5.29,Desktop,2
user_01010,Premium,2023-05-10,1,14.29,Tablet,
user_01011,Standard,2025-06-15,1,13.83,Tablet,2
user_01012,Basic,2023-04-02,1,,Laptop,2
user_01013,Premium,2025-07-09,1,,Smart TV,
user_01014,Standard,2023-10-20,1,8.96,Mobile,4
user_01015,Standard,2024-04-11,1,9.21,Mobile,8
user_01016,Premium+,2022-11-13,1,9.18,Tablet,2
user_01017,Premium,2024-09-05,1,,Tablet,4
user_01018,Premium,2025-03-04,1,5.25,Smart TV,6
user_01019,Standard,2025-05-18,1,5.98,Smart TV,2
user_01020,Standard,2023-11-14,1,12.81,Gaming Console,3
user_01021,Basic,2022-09-21,0,7.16,Smart TV,1
user_01022,Standard,2023-05-16,0,2.14,Laptop,1
user_01023,Premium,2023-12-17,1,16.23,Tablet,6
user_01024,Standard,2024-03-12,1,27.66,Smart TV,3
user_01025,Standard,2024-02-12,1,927.72,Smart TV,5
user_01026,Basic,2023-07-22,1,9.35,Desktop,2
user_01027,Basic,2022-10-26,1,51.57,Smart TV,6
user_01028,Premium+,2022-11-18,1,20.71,Smart TV,4
user_01029,Premium+,2024-10-10,1,,Tablet,3
user_01030,Standard,2022-10-14,1,9.01,Mobile,2
user_01031,Premium,2023-01-27,0,30.76,Mobile,2
user_01032,Premium,2022-10-13,1,9.01,Smart TV,3
user_01033,Standard,2024-09-25,0,,Gaming Console,2
user_01034,Standard,2024-08-18,1,13.49,Smart TV,
user_01035,Premium,2024-08-19,1,17.96,Smart TV,2
user_01036,Standard,2024-04-14,1,6.99,Tablet,1
user_01037,Basic,2023-04-15,1,18.38,Tablet,1
user_01038,Premium,2024-08-21,1,7.2,Desktop,2
user_01039,Standard,2023-03-27,1,19.42,Smart TV,2
user_01040,Standard,2025-04-22,0,15.69,Tablet,5
user_01041,Standard,2023-04-05,1,8.0,Mobile,3
user_01042,Basic,2024-01-31,1,4.83,Desktop,5
user_01043,Standard,2022-10-27,1,17.27,Tablet,4
user_01044,Premium+,2024-04-23,1,,Gaming Console,3
user_01045,Basic,2022-09-28,1,9.8,Laptop,1
user_01046,Premium,2023-04-06,1,10.84,Desktop,5
user_01047,Premium,2023-09-03,1,12.6,Gaming Console,
user_01048,Premium,2024-08-28,1,11.88,Mobile,2
user_01049,Premium,2024-07-09,1,8.13,Tablet,4
user_01050,Premium+,2024-10-09,1,9.77,Smart TV,4
user_01051,Premium,2024-01-25,1,8.13,Laptop,3
user_01052,Basic,2024-12-08,1,2.39,Gaming Console,1
user_01053,Premium+,2024-08-28,1,,Laptop,
user_01054,Standard,2024-05-28,1,19.52,Gaming Console,2
user_01055,Standard,2024-08-01,1,654.62,Desktop,1
user_01056,Premium,2024-06-27,1,8.06,Tablet,2
user_01057,Standard,2023-03-21,1,,Mobile,2
user_01058,Premium+,2024-01-16,1,6.69,Mobile,1
user_01059,Premium,2024-07-21,1,9.08,Tablet,4
user_01060,Premium+,2023-07-29,1,18.97,Mobile,
user_01061,Standard,2023-05-06,1,18.65,Desktop,3
user_01062,Standard,2025-04-20,1,2.91,Gaming Console,
user_01063,Premium,2022-12-24,1,,Gaming Console,4
user_01064,Basic,2023-07-28,1,20.14,Smart TV,1
user_01065,Standard,2024-04-10,1,29.9,Mobile,
user_01066,Basic,2024-05-13,0,,Laptop,4
user_01067,Premium+,2024-09-06,1,9.35,Laptop,5
user_01068,Premium,2024-05-13,1,8.85,Laptop,4
user_01069,Premium+,2024-06-02,1,8.69,Gaming Console,3
user_01070,Standard,2024-11-04,1,14.9,Desktop,
user_01071,Standard,2024-02-01,1,19.46,Smart TV,5
user_01072,Basic,2025-03-02,1,13.94,Smart TV,3
user_01073,Basic,2024-04-14,1,14.48,Gaming Console,
user_01074,Premium+,2025-02-27,1,29.24,Desktop,2
user_01075,Standard,2024-03-29,1,,Smart TV,2
user_01076,Premium,2023-01-21,1,8.07,Smart TV,8
user_01077,Standard,2024-12-05,1,7.33,Laptop,3
user_01078,Standard,2023-05-17,1,7.11,Tablet,2
user_01079,Standard,2023-03-08,1,18.64,Laptop,3
user_01080,Premium+,2023-10-23,1,10.78,Smart TV,5
user_01081,Basic,2023-06-02,1,18.88,Laptop,2
user_01082,Standard,2022-12-19,1,4.24,Desktop,1
user_01083,Basic,2024-10-09,1,14.53,Mobile,
user_01084,Premium+,2024-03-12,1,16.99,Smart TV,5
user_01085,Premium,2024-09-21,0,16.11,Tablet,5
user_01086,Premium,2023-04-17,1,20.03,Laptop,4
user_01087,Standard,2024-05-07,1,23.97,Laptop,2
user_01088,Basic,2023-01-28,1,23.05,Smart TV,
user_01089,Premium+,2024-08-29,1,18.2,Laptop,3
user_01090,Premium,2024-11-18,0,4.78,Desktop,5
user_01091,Premium+,2025-05-07,1,11.75,Mobile,
user_01092,Standard,2024-07-18,1,12.29,Tablet,2
user_01093,Premium,2024-07-09,1,14.83,Laptop,1
user_01094,Premium+,2024-07-19,1,33.93,Smart TV,4
user_01095,Basic,2024-03-14,1,28.04,Desktop,2
user_01096,Premium,2025-02-04,1,11.96,Tablet,
user_01097,Basic,2023-06-06,1,0.69,Gaming Console,2
user_01098,Standard,2022-08-20,1,6.98,Mobile,1
user_01099,Premium,2024-04-23,1,9.96,Laptop,3
user_01100,Standard,2024-03-15,0,7.64,Desktop,4
user_01101,Standard,2025-02-10,1,4.26,Smart TV,3
user_01102,Premium+,2025-03-25,1,,Desktop,4
user_01103,Premium,2023-11-20,1,29.67,Laptop,2
user_01104,Basic,2023-08-19,1,5.29,Tablet,5
user_01105,Premium,2022-08-08,1,20.94,Desktop,1
user_01106,Standard,2024-03-16,1,7.0,Smart TV,2
user_01107,Standard,2022-12-31,1,47.48,Tablet,
user_01108,Basic,2023-12-02,1,,Tablet,1
user_01109,Premium,2024-04-05,1,,Laptop,4
user_01110,Standard,2025-07-29,1,34.04,Gaming Console,4
user_01111,Basic,2023-10-10,1,22.96,Smart TV,2
user_01112,Standard,2023-07-29,1,13.17,Gaming Console,
user_01113,Standard,2023-03-23,1,6.12,Tablet,1
user_01114,Premium,2024-11-19,1,63.19,Laptop,
user_01115,Standard,2022-09-05,0,40.54,Gaming Console,
user_01116,Standard,2025-01-15,1,4.77,Laptop,3
user_01117,Basic,2023-02-19,1,5.58,Desktop,2
user_01118,Basic,2024-05-17,1,21.27,Mobile,1
user_01119,Premium,2022-08-05,1,19.97,Desktop,1
user_01120,Standard,2024-06-08,1,24.32,Smart TV,6
user_01121,Basic,2022-10-13,1,20.91,Mobile,4
user_01122,Premium,2023-11-25,1,25.27,Smart TV,
user_01123,Premium,2023-04-02,0,,Mobile,
user_01124,Standard,2023-08-23,1,13.02,Laptop,1
user_01125,Basic,2025-01-29,1,31.65,Tablet,5
user_01126,Standard,2024-01-28,1,3.75,Smart TV,3
user_01127,Premium+,2025-07-01,1,10.41,Smart TV,
user_01128,Standard,2024-07-29,1,11.62,Smart TV,2
user_01129,Premium+,2024-11-05,1,25.55,Laptop,1
user_01130,Standard,2025-04-12,0,1.65,Laptop,4
user_01131,Basic,2023-02-17,1,64.82,Smart TV,3
user_01132,Standard,2025-03-31,1,36.21,Tablet,3
user_01133,Standard,2024-06-20,1,,Smart TV,7
user_01134,Premium,2022-08-13,1,93.65,Tablet,2
user_01135,Standard,2023-06-08,1,12.71,Desktop,2
user_01136,Standard,2024-02-11,1,12.97,Smart TV,2
user_01137,Standard,2024-07-31,1,11.74,Tablet,1
user_01138,Premium,2024-07-25,1,8.21,Laptop,1
user_01139,Standard,2023-09-19,1,36.46,Desktop,6
user_01140,Standard,2025-01-25,1,6.03,Desktop,2
user_01141,Premium+,2025-05-21,1,24.2,Tablet,1
user_01142,Standard,2024-04-17,1,7.34,Smart TV,2
user_01143,Standard,2023-12-12,1,33.9,Smart TV,7
user_01144,Standard,2024-07-16,1,29.6,Mobile,2
user_01145,Basic,2024-02-14,1,9.99,Smart TV,4
user_01146,Basic,2023-12-08,1,15.47,Tablet,1
user_01147,Standard,2022-10-06,1,23.36,Mobile,
user_01148,Premium,2025-03-07,0,7.25,Gaming Console,2
user_01149,Standard,2022-09-09,1,6.75,Tablet,3
user_01150,Premium,2024-12-03,1,1.49,Gaming Console,2
user_01151,Premium,2023-08-02,0,6.75,Tablet,1
user_01152,Premium+,2024-01-27,1,17.09,Gaming Console,
user_01153,Basic,2023-07-03,1,17.8,Mobile,2
user_01154,Basic,2024-11-06,1,20.87,Desktop,3
user_01155,Premium,2023-12-30,1,32.22,Mobile,2
user_01156,Premium,2024-04-23,1,0.74,Smart TV,
user_01157,Premium+,2025-08-01,1,430.99,Gaming Console,3
user_01158,Standard,2022-11-03,1,19.22,Tablet,3
user_01159,Standard,2025-06-02,1,15.7,Laptop,4
user_01160,Premium,2024-10-24,0,,Desktop,2
user_01161,Standard,2023-12-11,1,4.86,Laptop,3
user_01162,Premium,2025-05-21,1,16.61,Smart TV,3
user_01163,Standard,2022-09-15,1,9.92,Desktop,1
user_01164,Standard,2024-08-31,1,9.71,Tablet,4
user_01165,Standard,2023-07-20,0,,Smart TV,1
user_01166,Premium,2024-08-25,1,10.41,Smart TV,
user_01167,Premium,2023-12-27,0,21.73,Smart TV,3
user_01168,Premium+,2024-03-25,1,20.62,Mobile,1
user_01169,Premium,2022-08-27,1,5.36,Laptop,5
user_01170,Premium,2025-06-04,1,10.88,Tablet,2
user_01171,Premium,2025-07-19,0,25.87,Desktop,4
user_01172,Premium,2023-08-20,1,6.62,Smart TV,2
user_01173,Premium+,2025-05-19,1,,Mobile,2
user_01174,Premium+,2024-04-26,1,7.89,Desktop,4
user_01175,Premium,2025-01-07,0,11.73,Laptop,1
user_01176,Standard,2022-08-20,1,36.52,Smart TV,
user_01177,Premium,2023-04-14,1,13.65,Mobile,
user_01178,Basic,2023-02-17,0,12.97,Mobile,5
user_01179,Premium,2022-08-06,0,11.32,Smart TV,3
user_01180,Standard,2025-05-26,1,12.41,Tablet,3
user_01181,Premium,2024-11-12,1,7.4,Gaming Console,2
user_01182,Basic,2024-03-04,0,17.38,Mobile,2
user_01183,Premium,2024-12-03,1,11.3,Gaming Console,2
user_01184,Basic,2023-12-05,1,11.61,Desktop,4
user_01185,Premium,2024-12-24,0,6.07,Gaming Console,3
user_01186,Standard,2024-08-01,1,,Tablet,2
user_01187,Standard,2023-10-01,1,,Tablet,2
user_01188,Basic,2023-06-14,1,24.06,Gaming Console,2
user_01189,Basic,2025-04-27,1,37.44,Mobile,1
user_01190,Premium,2025-04-27,1,14.25,Mobile,3
user_01191,Premium+,2024-03-22,1,27.73,Mobile,
user_01192,Premium+,2024-11-14,1,1.87,Laptop,1
user_01193,Standard,2022-11-21,1,7.39,Tablet,2
user_01194,Standard,2025-07-09,0,,Gaming Console,
user_01195,Basic,2025-07-12,1,17.45,Tablet,2
user_01196,Standard,2023-03-18,1,14.08,Laptop,4
user_01197,Standard,2024-05-11,1,29.8,Tablet,1
user_01198,Standard,2025-06-09,1,484.58,Desktop,
user_01199,Basic,2023-04-23,1,9.33,Laptop,
user_01200,Premium,2022-11-26,1,10.45,Smart TV,2
user_01201,Standard,2024-04-25,1,20.7,Tablet,2
user_01202,Standard,2022-11-14,1,46.69,Tablet,4
user_01203,Premium,2025-05-10,1,30.4,Desktop,2
user_01204,Standard,2025-02-21,0,24.22,Gaming Console,3
user_01205,Premium,2022-11-29,1,14.43,Gaming Console,2
user_01206,Basic,2025-07-05,1,9.53,Smart TV,3
user_01207,Premium,2023-05-19,1,0.66,Desktop,2
user_01208,Basic,2024-04-12,0,21.12,Gaming Console,6
user_01209,Premium+,2025-06-16,1,30.01,Desktop,4
user_01210,Premium,2023-06-08,1,25.42,Mobile,2
user_01211,Basic,2022-12-24,1,44.65,Tablet,2
user_01212,Standard,2022-12-09,1,9.16,Smart TV,
user_01213,Premium+,2024-07-04,1,15.27,Smart TV,
user_01214,Premium,2024-01-02,1,7.15,Desktop,3
user_01215,Premium,2022-10-07,0,1.92,Mobile,2
user_01216,Basic,2024-08-01,0,9.76,Desktop,6
user_01217,Premium,2024-09-16,1,7.62,Tablet,2
user_01218,Standard,2025-06-20,1,3.72,Mobile,2
user_01219,Premium+,2024-10-15,1,44.24,Gaming Console,2
user_01220,Basic,2025-03-04,1,,Mobile,5
user_01221,Standard,2024-11-08,0,13.1,Desktop,
user_01222,Premium+,2024-05-14,1,21.29,Laptop,1
user_01223,Standard,2022-10-14,1,10.47,Smart TV,2
user_01224,Basic,2022-11-12,1,47.98,Smart TV,
user_01225,Standard,2024-01-03,1,4.56,Smart TV,2
user_01226,Standard,2024-07-24,1,4.58,Smart TV,2
user_01227,Premium,2023-08-19,0,16.03,Desktop,5
user_01228,Standard,2024-05-25,1,9.62,Laptop,6
user_01229,Premium,2023-02-06,1,18.75,Smart TV,1
user_01230,Standard,2024-02-02,0,39.22,Tablet,3
user_01231,Basic,2024-08-25,1,,Smart TV,4
user_01232,Premium,2022-11-10,1,19.13,Mobile,5
user_01233,Standard,2023-12-14,1,17.9,Gaming Console,2
user_01234,Basic,2024-11-06,1,15.57,Mobile,2
user_01235,Standard,2022-09-15,1,9.13,Tablet,4
user_01236,Standard,2023-03-21,1,34.36,Smart TV,2
user_01237,Standard,2024-11-29,1,,Mobile,2
user_01238,Standard,2025-07-19,1,11.86,Desktop,2
user_01239,Standard,2023-10-22,1,6.79,Laptop,4
user_01240,Premium+,2023-11-03,1,5.04,Desktop,
user_01241,Standard,2023-03-16,0,14.19,Laptop,
user_01242,Premium,2022-10-10,1,40.0,Gaming Console,1
user_01243,Standard,2024-12-06,1,1.8,Desktop,2
user_01244,Standard,2022-11-22,1,33.76,Desktop,
user_01245,Premium+,2025-03-23,1,33.47,Tablet,4
user_01246,Standard,2024-07-25,1,11.49,Gaming Console,3
user_01247,Basic,2023-10-21,1,10.77,Tablet,1
user_01248,Premium,2023-06-05,1,7.29,Tablet,6
user_01249,Standard,2023-03-25,1,,Gaming Console,2
user_01250,Standard,2022-08-02,1,29.53,Smart TV,3
user_01251,Standard,2024-12-14,1,6.09,Desktop,3
user_01252,Premium,2023-01-15,1,7.81,Smart TV,2
user_01253,Standard,2024-10-30,1,14.0,Gaming Console,1
user_01254,Premium,2024-05-31,1,28.44,Smart TV,
user_01255,Premium,2022-08-15,0,4.42,Smart TV,
user_01256,Standard,2022-09-03,1,36.84,Desktop,3
user_01257,Premium,2023-03-28,1,282.42,Gaming Console,2
user_01258,Standard,2025-04-23,1,,Desktop,2
user_01259,Premium,2022-12-17,1,13.68,Laptop,
user_01260,Standard,2025-05-24,1,16.56,Gaming Console,1
user_01261,Basic,2023-04-06,1,2.42,Desktop,1
user_01262,Standard,2023-04-06,1,17.54,Laptop,5
user_01263,Basic,2025-02-20,1,4.91,Mobile,6
user_01264,Premium,2023-10-29,0,23.41,Desktop,4
user_01265,Basic,2023-03-01,1,9.28,Smart TV,
user_01266,Premium,2023-05-01,1,15.22,Laptop,3
user_01267,Premium,2024-03-15,0,5.62,Tablet,3
user_01268,Standard,2024-08-21,1,13.84,Mobile,1
user_01269,Standard,2024-10-01,1,7.8,Mobile,2
user_01270,Basic,2025-07-24,1,6.87,Mobile,3
user_01271,Premium,2024-03-12,1,24.7,Tablet,3
user_01272,Standard,2024-05-21,1,13.02,Mobile,1
user_01273,Premium,2023-06-15,0,6.28,Laptop,1
user_01274,Premium,2025-05-09,1,,Tablet,1
user_01275,Premium,2022-09-24,0,,Desktop,
user_01276,Premium,2022-08-14,1,,Tablet,1
user_01277,Premium+,2024-11-08,1,,Desktop,4
user_01278,Premium,2024-07-27,1,13.65,Laptop,3
user_01279,Standard,2024-09-27,0,11.79,Mobile,6
user_01280,Basic,2022-09-28,0,6.43,Laptop,2
user_01281,Premium,2025-04-16,1,10.81,Mobile,4
user_01282,Premium,2024-01-28,1,34.02,Tablet,
user_01283,Premium,2022-10-03,1,18.6,Laptop,
user_01284,Standard,2023-11-21,1,16.04,Tablet,3
user_01285,Basic,2023-10-10,1,25.83,Gaming Console,2
user_01286,Standard,2023-01-28,0,12.21,Desktop,2
user_01287,Premium+,2023-07-21,0,8.98,Gaming Console,3
user_01288,Standard,2024-07-16,0,8.36,Gaming Console,1
user_01289,Premium,2024-01-26,1,5.99,Smart TV,1
user_01290,Standard,2023-11-23,1,13.75,Tablet,5
user_01291,Premium,2024-01-24,1,16.25,Laptop,2
user_01292,Premium,2022-09-28,1,,Mobile,4
user_01293,Basic,2024-08-11,1,8.45,Mobile,2
user_01294,Basic,2024-06-27,1,0.8,Smart TV,3
user_01295,Premium,2024-10-30,1,5.04,Mobile,3
user_01296,Premium,2023-06-23,1,2.72,Laptop,3
user_01297,Premium+,2023-04-08,1,37.95,Laptop,3
user_01298,Standard,2023-10-11,0,29.11,Gaming Console,2
user_01299,Premium,2023-10-01,1,9.02,Laptop,3
user_01300,Basic,2024-08-23,1,9.2,Mobile,
user_01301,Premium,2023-09-27,1,8.73,Tablet,1
user_01302,Standard,2023-08-22,1,9.94,Smart TV,3
user_01303,Premium,2023-10-30,1,20.64,Gaming Console,1
user_01304,Premium+,2023-03-10,1,6.83,Gaming Console,3
user_01305,Standard,2023-01-17,1,11.64,Laptop,4
user_01306,Basic,2024-05-02,1,12.04,Laptop,3
user_01307,Premium,2023-06-25,1,6.61,Desktop,6
user_01308,Basic,2023-01-02,1,9.29,Gaming Console,7
user_01309,Basic,2022-09-15,1,15.44,Tablet,4
user_01310,Standard,2025-07-25,1,7.93,Tablet,1
user_01311,Basic,2024-10-01,1,9.37,Smart TV,3
user_01312,Premium,2024-07-22,1,23.18,Smart TV,2
user_01313,Premium,2025-05-21,0,10.85,Desktop,2
user_01314,Premium,2025-01-21,1,11.14,Gaming Console,3
user_01315,Standard,2025-07-20,1,,Laptop,1
user_01316,Basic,2023-10-19,1,9.13,Tablet,1
user_01317,Premium,2025-05-23,1,8.72,Laptop,1
user_01318,Premium+,2022-08-09,0,20.71,Tablet,4
user_01319,Standard,2024-07-26,1,,Mobile,1
user_01320,Premium,2024-12-26,1,14.78,Tablet,1
user_01321,Standard,2022-12-19,1,9.64,Mobile,3
user_01322,Standard,2024-07-15,1,15.65,Tablet,2
user_01323,Premium,2024-03-13,0,14.46,Smart TV,2
user_01324,Premium+,2025-01-10,1,11.88,Mobile,1
user_01325,Premium,2024-07-28,1,45.37,Gaming Console,
user_01326,Standard,2025-02-23,0,18.93,Desktop,3
user_01327,Standard,2024-10-06,1,32.96,Mobile,3
user_01328,Basic,2023-10-19,1,1.37,Desktop,3
user_01329,Premium,2023-06-13,1,8.97,Mobile,
user_01330,Standard,2024-09-14,1,34.19,Gaming Console,1
user_01331,Standard,2023-06-02,1,20.24,Tablet,6
user_01332,Standard,2022-11-12,1,5.53,Mobile,2
user_01333,Standard,2023-12-16,1,16.47,Desktop,2
user_01334,Standard,2023-08-27,1,7.38,Desktop,4
user_01335,Basic,2022-10-10,1,32.75,Tablet,1
user_01336,Premium,2023-05-05,1,14.13,Mobile,3
user_01337,Premium+,2022-10-10,1,1.79,Smart TV,
user_01338,Basic,2025-06-24,0,,Tablet,4
user_01339,Basic,2022-11-16,1,2.96,Smart TV,1
user_01340,Standard,2023-09-14,1,6.89,Laptop,3
user_01341,Premium,2023-06-13,1,16.03,Desktop,1
user_01342,Basic,2025-04-06,0,18.27,Tablet,1
user_01343,Standard,2023-09-20,1,26.54,Mobile,5
user_01344,Premium,2024-12-22,1,17.91,Laptop,4
user_01345,Standard,2023-02-07,1,33.25,Desktop,3
user_01346,Standard,2023-02-12,1,7.1,Laptop,2
user_01347,Standard,2023-09-11,1,18.56,Smart TV,2
user_01348,Basic,2025-05-10,1,37.72,Smart TV,5
user_01349,Standard,2025-05-10,1,,Desktop,4
user_01350,Basic,2023-04-29,1,5.78,Laptop,3
user_01351,Premium,2022-11-21,1,37.57,Gaming Console,
user_01352,Premium,2025-06-17,1,20.98,Gaming Console,
user_01353,Standard,2023-10-10,1,4.89,Desktop,1
user_01354,Standard,2022-08-14,1,40.93,Smart TV,1
user_01355,Standard,2024-08-18,0,12.52,Gaming Console,
user_01356,Premium,2023-03-03,1,30.8,Mobile,
user_01357,Standard,2022-11-07,1,16.96,Mobile,5
user_01358,Basic,2024-11-24,0,19.3,Desktop,1
user_01359,Premium,2023-01-07,1,27.71,Gaming Console,7
user_01360,Standard,2023-03-15,1,4.78,Tablet,1
user_01361,Standard,2023-06-30,1,,Gaming Console,2
user_01362,Premium,2024-11-25,1,20.42,Mobile,4
user_01363,Premium+,2022-12-13,1,16.31,Tablet,1
user_01364,Premium+,2023-10-01,1,28.21,Mobile,2
user_01365,Premium,2024-05-02,1,5.48,Laptop,1
user_01366,Standard,2023-09-06,1,18.84,Laptop,4
user_01367,Premium,2025-03-16,1,6.57,Smart TV,1
user_01368,Premium,2024-12-12,0,6.37,Mobile,2
user_01369,Standard,2023-12-31,1,12.07,Mobile,2
user_01370,Standard,2023-07-26,1,8.55,Desktop,6
user_01371,Standard,2023-03-02,1,2.65,Laptop,2
user_01372,Standard,2025-05-13,1,14.46,Tablet,
user_01373,Standard,2024-12-25,1,11.29,Desktop,3
user_01374,Standard,2024-08-02,1,17.09,Tablet,2
user_01375,Premium,2024-09-04,1,20.39,Tablet,2
user_01376,Basic,2022-08-18,1,16.87,Gaming Console,
user_01377,Premium+,2023-11-03,1,16.58,Mobile,
user_01378,Premium,2024-11-27,1,25.52,Mobile,6
user_01379,Premium,2023-05-29,1,5.86,Smart TV,
user_01380,Basic,2022-08-18,1,38.92,Gaming Console,4
user_01381,Premium,2023-07-21,1,,Desktop,1
user_01382,Standard,2025-01-26,0,,Smart TV,2
user_01383,Standard,2023-10-10,0,10.77,Mobile,3
user_01384,Premium,2022-11-26,1,15.48,Tablet,3
user_01385,Premium,2023-11-16,1,49.82,Mobile,2
user_01386,Standard,2022-08-02,1,23.37,Gaming Console,2
user_01387,Premium,2023-12-01,1,30.4,Smart TV,1
user_01388,Standard,2024-07-24,0,4.72,Mobile,2
user_01389,Premium,2023-10-04,0,,Desktop,3
user_01390,Standard,2025-01-15,1,,Tablet,1
user_01391,Standard,2025-01-27,1,23.65,Gaming Console,
user_01392,Basic,2022-11-23,1,0.54,Smart TV,
user_01393,Premium,2024-12-29,1,10.33,Tablet,2
user_01394,Standard,2024-01-19,1,28.55,Gaming Console,4
user_01395,Premium,2023-07-04,1,11.43,Desktop,5
user_01396,Standard,2024-09-19,0,10.17,Mobile,4
user_01397,Basic,2025-03-11,1,,Gaming Console,4
user_01398,Standard,2023-09-15,0,26.01,Mobile,2
user_01399,Premium,2024-08-30,0,39.81,Mobile,
user_01400,Standard,2025-07-20,1,3.61,Gaming Console,6
user_01401,Basic,2022-08-27,1,11.53,Desktop,3
user_01402,Premium,2024-04-09,1,28.33,Smart TV,2
user_01403,Basic,2022-11-28,1,28.44,Gaming Console,4
user_01404,Premium,2023-06-06,1,0.11,Smart TV,5
user_01405,Premium,2023-07-08,0,10.25,Mobile,
user_01406,Standard,2022-09-10,1,,Mobile,2
user_01407,Basic,2025-07-12,1,22.92,Tablet,7
user_01408,Premium+,2025-06-29,1,41.4,Tablet,1
user_01409,Standard,2023-06-07,0,,Mobile,2
user_01410,Premium+,2022-08-06,1,,Tablet,2
user_01411,Premium,2023-01-29,1,26.68,Tablet,3
user_01412,Basic,2024-11-18,1,13.43,Tablet,2
user_01413,Premium,2022-08-03,0,2.14,Laptop,2
user_01414,Premium+,2024-10-19,1,12.53,Mobile,4
user_01415,Premium,2024-11-22,1,31.55,Tablet,2
user_01416,Standard,2023-03-05,1,5.09,Mobile,3
user_01417,Standard,2022-09-25,0,18.86,Tablet,1
user_01418,Basic,2022-12-27,1,23.06,Tablet,2
user_01419,Basic,2022-11-28,1,,Smart TV,3
user_01420,Premium,2024-08-30,1,45.29,Mobile,1
user_01421,Premium+,2024-03-22,0,11.4,Gaming Console,3
user_01422,Premium,2025-03-22,0,5.12,Mobile,5
user_01423,Premium,2022-10-13,1,,Desktop,2
user_01424,Basic,2024-09-14,1,2.85,Smart TV,
user_01425,Premium,2024-12-03,1,7.12,Desktop,4
user_01426,Premium,2024-05-25,1,26.86,Gaming Console,6
user_01427,Premium+,2023-11-13,0,4.81,Tablet,2
user_01428,Standard,2023-12-19,0,7.16,Laptop,3
user_01429,Standard,2023-02-23,1,18.22,Gaming Console,2
user_01430,Basic,2023-06-22,1,6.13,Desktop,6
user_01431,Premium,2024-04-19,1,7.3,Desktop,1
user_01432,Standard,2022-08-06,1,12.3,Tablet,4
user_01433,Standard,2023-08-09,1,9.25,Gaming Console,2
user_01434,Basic,2024-05-25,0,4.56,Laptop,1
user_01435,Premium+,2023-01-01,1,11.62,Desktop,5
user_01436,Premium+,2022-09-25,1,0.75,Smart TV,3
user_01437,Standard,2024-08-01,1,18.83,Gaming Console,
user_01438,Premium,2023-04-22,1,4.49,Mobile,5
user_01439,Premium+,2025-03-08,1,25.0,Gaming Console,2
user_01440,Basic,2024-04-14,0,5.86,Smart TV,2
user_01441,Premium,2022-11-30,1,17.55,Smart TV,3
user_01442,Premium,2025-01-21,1,25.93,Gaming Console,2
user_01443,Premium,2025-01-13,1,7.05,Laptop,2
user_01444,Standard,2023-05-13,1,18.52,Gaming Console,1
user_01445,Premium,2024-01-03,1,29.45,Gaming Console,1
user_01446,Standard,2023-02-08,1,12.85,Gaming Console,5
user_01447,Premium,2024-12-14,1,15.81,Laptop,6
user_01448,Basic,2023-11-28,1,,Gaming Console,6
user_01449,Premium,2023-09-10,1,17.18,Tablet,
user_01450,Premium,2024-05-27,1,24.09,Smart TV,
user_01451,Standard,2025-05-01,1,23.68,Laptop,1
user_01452,Standard,2025-01-04,1,24.77,Desktop,5
user_01453,Standard,2023-10-11,0,10.28,Desktop,4
user_01454,Standard,2025-02-19,1,12.55,Tablet,2
user_01455,Standard,2024-10-26,0,15.33,Desktop,
user_01456,Standard,2023-06-24,1,4.61,Gaming Console,
user_01457,Standard,2022-11-19,1,19.49,Desktop,2
user_01458,Premium+,2024-08-21,1,43.11,Gaming Console,5
user_01459,Standard,2023-12-25,1,,Desktop,3
user_01460,Basic,2023-11-20,1,6.63,Smart TV,5
user_01461,Premium+,2023-05-13,0,,Gaming Console,4
user_01462,Standard,2024-08-25,1,20.41,Tablet,2
user_01463,Premium+,2023-03-17,1,14.67,Laptop,4
user_01464,Standard,2023-02-10,1,11.42,Gaming Console,5
user_01465,Premium,2022-12-03,1,15.57,Laptop,4
user_01466,Standard,2024-03-28,0,15.6,Smart TV,6
user_01467,Premium+,2024-12-03,1,,Tablet,3
user_01468,Standard,2022-10-30,1,14.41,Desktop,1
user_01469,Basic,2024-02-29,1,10.67,Laptop,2
user_01470,Standard,2025-07-19,1,,Desktop,
user_01471,Premium,2023-03-09,1,35.28,Tablet,2
user_01472,Standard,2022-11-07,1,10.27,Tablet,2
user_01473,Standard,2023-02-24,0,51.92,Smart TV,5
user_01474,Basic,2024-01-05,1,6.36,Laptop,1
user_01475,Premium,2024-05-24,1,15.49,Smart TV,2
user_01476,Standard,2025-01-15,1,9.62,Smart TV,3
user_01477,Basic,2023-03-28,1,4.26,Gaming Console,2
user_01478,Premium,2022-12-28,1,17.81,Desktop,1
user_01479,Premium+,2025-05-21,1,7.31,Laptop,4
user_01480,Basic,2022-11-13,1,10.29,Gaming Console,1
user_01481,Premium+,2023-02-02,1,5.14,Smart TV,6
user_01482,Basic,2024-07-22,1,1.94,Smart TV,2
user_01483,Premium,2025-01-28,1,2.87,Tablet,1
user_01484,Premium,2024-06-07,1,8.97,Smart TV,2
user_01485,Premium,2023-04-15,1,9.43,Gaming Console,8
user_01486,Basic,2022-08-04,1,14.95,Tablet,
user_01487,Premium+,2024-10-11,1,4.94,Desktop,
user_01488,Standard,2024-04-26,1,11.89,Tablet,4
user_01489,Standard,2023-07-27,1,14.08,Smart TV,2
user_01490,Premium,2024-02-18,0,30.54,Smart TV,5
user_01491,Basic,2022-10-29,1,,Smart TV,3
user_01492,Premium,2024-08-23,1,12.61,Tablet,2
user_01493,Basic,2024-11-11,1,11.42,Mobile,4
user_01494,Premium+,2023-12-31,0,19.92,Mobile,
user_01495,Standard,2024-02-16,1,0.87,Laptop,2
user_01496,Premium,2024-03-26,1,20.99,Gaming Console,2
user_01497,Premium,2023-07-26,1,7.4,Mobile,4
user_01498,Standard,2024-08-09,1,,Laptop,1
user_01499,Basic,2023-12-20,1,8.83,Gaming Console,2
user_01500,Standard,2024-08-20,0,6.35,Tablet,4
user_01501,Premium,2023-06-06,0,5.88,Smart TV,1
user_01502,Basic,2022-10-06,1,23.28,Smart TV,
user_01503,Standard,2024-07-19,1,23.47,Gaming Console,2
user_01504,Premium,2022-10-17,1,11.73,Laptop,2
user_01505,Premium,2023-10-16,1,6.86,Laptop,2
user_01506,Premium,2024-09-16,0,487.28,Gaming Console,2
user_01507,Standard,2024-04-22,1,9.27,Laptop,1
user_01508,Basic,2025-03-18,1,,Laptop,5
user_01509,Standard,2023-02-24,1,14.65,Gaming Console,2
user_01510,Premium,2023-06-29,1,5.75,Desktop,2
user_01511,Standard,2023-03-20,1,7.03,Mobile,4
user_01512,Premium,2023-09-01,1,8.66,Gaming Console,3
user_01513,Premium,2025-03-08,1,8.58,Mobile,6
user_01514,Basic,2024-01-01,1,20.42,Gaming Console,2
user_01515,Premium+,2025-01-04,0,,Tablet,2
user_01516,Premium,2024-10-31,0,27.7,Gaming Console,2
user_01517,Standard,2022-08-27,1,7.61,Smart TV,
user_01518,Premium,2024-03-10,0,4.46,Mobile,2
user_01519,Standard,2024-06-24,1,,Smart TV,4
user_01520,Basic,2022-09-22,0,,Mobile,3
user_01521,Basic,2024-08-12,1,9.71,Mobile,2
user_01522,Premium,2025-03-30,1,19.46,Smart TV,1
user_01523,Premium,2023-07-28,0,22.23,Gaming Console,3
user_01524,Standard,2024-07-11,1,28.44,Gaming Console,2
user_01525,Standard,2023-03-24,0,22.87,Smart TV,4
user_01526,Standard,2025-06-15,0,21.84,Desktop,2
user_01527,Standard,2024-01-24,1,5.28,Smart TV,2
user_01528,Standard,2024-11-12,1,14.12,Smart TV,1
user_01529,Standard,2024-06-01,1,,Gaming Console,
user_01530,Basic,2025-05-25,1,6.84,Gaming Console,3
user_01531,Premium+,2024-08-20,0,3.95,Gaming Console,1
user_01532,Basic,2024-12-02,1,12.38,Smart TV,3
user_01533,Premium,2022-10-07,1,12.63,Smart TV,2
user_01534,Premium,2023-07-02,1,27.77,Laptop,3
user_01535,Premium,2025-04-25,1,,Smart TV,2
user_01536,Premium,2023-08-15,0,22.81,Tablet,3
user_01537,Basic,2024-06-15,1,33.23,Desktop,5
user_01538,Standard,2025-03-02,1,7.17,Gaming Console,4
user_01539,Standard,2024-04-08,1,15.73,Smart TV,4
user_01540,Basic,2023-06-25,1,9.67,Tablet,7
user_01541,Standard,2023-08-21,0,16.13,Gaming Console,8
user_01542,Premium,2024-07-22,1,12.42,Mobile,2
user_01543,Standard,2023-08-31,1,9.73,Desktop,3
user_01544,Standard,2024-08-31,1,6.31,Desktop,4
user_01545,Premium,2025-03-18,1,16.3,Gaming Console,2
user_01546,Basic,2023-09-02,1,9.19,Laptop,1
user_01547,Basic,2023-12-01,1,,Smart TV,3
user_01548,Standard,2024-09-22,1,,Desktop,
user_01549,Standard,2024-07-24,1,17.68,Laptop,4
user_01550,Standard,2025-04-18,1,30.41,Desktop,2
user_01551,Standard,2025-03-22,1,12.72,Smart TV,4
user_01552,Standard,2022-10-22,1,20.62,Gaming Console,1
user_01553,Basic,2024-02-23,0,18.87,Smart TV,2
user_01554,Premium,2025-07-04,1,22.0,Smart TV,3
user_01555,Standard,2025-01-06,1,5.02,Tablet,3
user_01556,Premium,2023-10-08,0,,Smart TV,4
user_01557,Premium,2022-11-03,1,14.75,Desktop,
user_01558,Standard,2025-03-03,0,12.36,Laptop,6
user_01559,Standard,2025-04-26,1,5.28,Tablet,
user_01560,Basic,2024-11-28,1,7.16,Mobile,1
user_01561,Standard,2024-04-07,1,6.83,Gaming Console,1
user_01562,Standard,2022-11-29,1,8.5,Smart TV,2
user_01563,Premium+,2024-08-19,1,26.32,Smart TV,
user_01564,Premium,2024-06-30,1,30.68,Gaming Console,2
user_01565,Premium+,2023-01-04,1,11.1,Gaming Console,
user_01566,Premium,2024-04-22,1,5.8,Mobile,
user_01567,Basic,2024-04-13,1,9.41,Gaming Console,1
user_01568,Premium,2022-10-21,1,5.64,Smart TV,2
user_01569,Premium,2024-11-16,0,25.65,Smart TV,1
user_01570,Premium,2023-04-08,0,15.94,Laptop,4
user_01571,Standard,2024-05-05,1,16.16,Tablet,2
user_01572,Premium,2025-01-14,0,4.95,Tablet,
user_01573,Standard,2023-01-15,1,,Laptop,1
user_01574,Basic,2023-09-21,1,2.97,Gaming Console,
user_01575,Standard,2024-11-08,1,14.31,Mobile,2
user_01576,Basic,2022-12-22,1,13.37,Tablet,2
user_01577,Standard,2023-05-05,1,29.49,Desktop,4
user_01578,Premium+,2023-07-22,1,11.53,Desktop,6
user_01579,Premium+,2023-06-12,1,12.83,Laptop,2
user_01580,Premium,2023-04-30,1,31.35,Desktop,1
user_01581,Basic,2023-02-02,1,4.57,Desktop,1
user_01582,Premium,2025-05-05,1,4.92,Gaming Console,2
user_01583,Premium+,2023-04-15,0,9.38,Tablet,4
user_01584,Premium+,2024-10-10,0,8.26,Desktop,3
user_01585,Standard,2022-12-24,1,13.54,Desktop,
user_01586,Premium,2023-06-18,1,18.35,Gaming Console,4
user_01587,Standard,2022-12-27,0,,Tablet,3
user_01588,Basic,2023-08-21,1,8.94,Desktop,1
user_01589,Standard,2024-05-13,1,5.11,Gaming Console,
user_01590,Premium+,2024-09-02,0,44.83,Gaming Console,4
user_01591,Standard,2024-07-17,1,27.19,Mobile,2
user_01592,Basic,2024-06-14,1,4.46,Tablet,3
user_01593,Premium,2024-11-15,1,28.2,Mobile,6
user_01594,Basic,2024-01-07,1,19.22,Mobile,5
user_01595,Premium+,2022-09-29,1,7.01,Gaming Console,
user_01596,Premium,2023-05-12,1,30.11,Tablet,2
user_01597,Premium,2024-04-23,1,4.28,Gaming Console,2
user_01598,Standard,2024-10-22,1,11.52,Laptop,
user_01599,Standard,2022-10-15,1,10.76,Mobile,1
user_01600,Basic,2024-06-10,1,6.1,Gaming Console,6
user_01601,Premium,2024-12-16,1,19.69,Gaming Console,6
user_01602,Standard,2022-09-26,1,18.13,Mobile,1
user_01603,Premium,2022-09-20,1,8.99,Gaming Console,2
user_01604,Basic,2024-06-26,0,51.19,Laptop,4
user_01605,Premium,2025-05-29,1,28.61,Smart TV,2
user_01606,Basic,2023-08-29,1,16.41,Mobile,2
user_01607,Standard,2025-04-05,1,4.55,Laptop,1
user_01608,Premium,2024-05-15,0,3.63,Desktop,3
user_01609,Premium,2024-10-13,1,16.81,Laptop,1
user_01610,Premium,2023-10-22,1,10.1,Gaming Console,2
user_01611,Standard,2023-09-22,1,24.2,Mobile,1
user_01612,Standard,2023-03-21,1,4.62,Smart TV,3
user_01613,Standard,2023-10-27,1,19.83,Smart TV,6
user_01614,Basic,2023-07-01,1,8.4,Laptop,4
user_01615,Premium,2023-11-14,1,5.0,Mobile,1
user_01616,Premium,2023-09-12,1,,Desktop,2
user_01617,Premium,2024-07-31,1,17.72,Laptop,4
user_01618,Premium,2024-02-29,1,3.47,Laptop,
user_01619,Basic,2023-07-12,1,15.1,Gaming Console,
user_01620,Premium,2022-10-02,1,23.72,Tablet,
user_01621,Basic,2024-02-21,1,11.17,Desktop,5
user_01622,Basic,2024-03-01,1,23.11,Gaming Console,5
user_01623,Standard,2023-01-07,1,19.68,Laptop,4
user_01624,Standard,2025-02-05,0,556.19,Smart TV,2
user_01625,Standard,2023-05-18,1,39.04,Mobile,
user_01626,Premium,2023-06-15,1,23.8,Tablet,5
user_01627,Standard,2024-06-29,1,3.36,Tablet,2
user_01628,Standard,2024-03-01,1,17.81,Smart TV,2
user_01629,Standard,2022-08-31,1,25.04,Mobile,4
user_01630,Premium,2022-11-07,1,27.36,Laptop,2
user_01631,Standard,2022-11-05,1,15.98,Laptop,4
user_01632,Premium,2023-12-23,1,23.28,Desktop,2
user_01633,Premium,2022-08-06,1,,Gaming Console,4
user_01634,Standard,2025-01-30,1,2.01,Desktop,1
user_01635,Basic,2024-07-31,1,4.41,Smart TV,1
user_01636,Standard,2023-07-08,1,,Desktop,
user_01637,Basic,2024-09-01,1,14.21,Laptop,3
user_01638,Standard,2024-03-30,1,22.16,Desktop,2
user_01639,Premium+,2024-01-07,0,,Laptop,
user_01640,Standard,2023-10-15,1,5.59,Gaming Console,
user_01641,Standard,2023-09-02,1,13.42,Smart TV,1
user_01642,Standard,2023-10-31,1,,Tablet,5
user_01643,Standard,2025-01-30,1,13.57,Mobile,
user_01644,Premium+,2025-02-25,1,18.63,Smart TV,3
user_01645,Standard,2023-09-27,1,19.4,Smart TV,5
user_01646,Standard,2022-08-18,0,49.96,Desktop,4
user_01647,Premium,2023-12-20,1,13.74,Tablet,2
user_01648,Premium,2024-11-19,1,14.96,Smart TV,3
user_01649,Premium,2025-02-08,1,,Gaming Console,3
user_01650,Standard,2025-06-12,1,58.65,Mobile,4
user_01651,Premium,2023-08-14,1,9.16,Desktop,2
user_01652,Standard,2024-09-28,1,11.9,Smart TV,3
user_01653,Premium,2022-11-24,0,21.31,Gaming Console,
user_01654,Standard,2024-02-13,1,43.83,Smart TV,3
user_01655,Standard,2023-01-12,1,20.02,Smart TV,4
user_01656,Basic,2024-06-03,1,4.43,Smart TV,2
user_01657,Basic,2024-06-09,0,,Mobile,3
user_01658,Premium+,2023-01-17,0,1.35,Gaming Console,2
user_01659,Premium,2023-04-01,1,3.14,Gaming Console,2
user_01660,Standard,2025-05-31,1,5.86,Laptop,3
user_01661,Basic,2023-10-22,1,33.3,Smart TV,3
user_01662,Standard,2024-10-10,1,16.25,Desktop,3
user_01663,Premium,2025-06-13,1,7.19,Gaming Console,4
user_01664,Premium,2024-02-08,0,6.75,Mobile,7
user_01665,Standard,2022-08-23,1,23.97,Tablet,
user_01666,Premium+,2023-09-09,1,2.81,Desktop,2
user_01667,Premium+,2022-08-22,1,11.06,Smart TV,3
user_01668,Premium,2025-04-27,1,18.97,Desktop,4
user_01669,Standard,2024-08-07,1,40.45,Desktop,4
user_01670,Basic,2025-05-22,1,13.56,Laptop,5
user_01671,Premium,2022-09-27,1,17.89,Mobile,1
user_01672,Premium,2023-10-17,1,32.55,Gaming Console,6
user_01673,Premium,2023-08-10,1,14.02,Mobile,
user_01674,Premium,2023-09-20,1,667.08,Desktop,3
user_01675,Premium+,2023-07-14,1,16.55,Smart TV,2
user_01676,Standard,2024-04-30,1,35.53,Mobile,2
user_01677,Standard,2023-01-19,1,520.96,Mobile,2
user_01678,Standard,2025-07-18,1,,Desktop,5
user_01679,Basic,2024-11-18,0,8.28,Tablet,4
user_01680,Standard,2024-07-21,1,26.38,Tablet,1
user_01681,Standard,2024-09-13,1,6.67,Mobile,
user_01682,Basic,2023-05-17,0,,Laptop,3
user_01683,Standard,2024-04-11,1,13.28,Tablet,3
user_01684,Premium,2022-10-02,1,13.49,Laptop,3
user_01685,Premium,2024-05-07,1,18.1,Gaming Console,4
user_01686,Premium,2025-03-08,0,12.81,Desktop,1
user_01687,Standard,2024-12-14,1,34.56,Smart TV,2
user_01688,Standard,2024-02-04,1,25.17,Smart TV,3
user_01689,Premium,2023-12-11,1,20.07,Gaming Console,2
user_01690,Basic,2022-11-04,1,18.68,Mobile,4
user_01691,Basic,2022-08-03,1,41.22,Smart TV,3
user_01692,Basic,2024-06-29,1,23.75,Laptop,3
user_01693,Standard,2022-11-02,1,9.8,Gaming Console,1
user_01694,Premium,2024-07-13,1,20.18,Laptop,1
user_01695,Standard,2025-07-04,1,8.36,Laptop,2
user_01696,Premium,2024-04-12,1,,Smart TV,3
user_01697,Standard,2025-03-10,1,33.8,Smart TV,2
user_01698,Basic,2023-08-19,1,5.53,Gaming Console,4
user_01699,Premium,2024-11-19,1,,Laptop,2
user_01700,Premium,2023-03-21,1,21.66,Tablet,2
user_01701,Premium,2025-07-04,1,41.49,Desktop,4
user_01702,Premium,2024-05-16,1,29.95,Gaming Console,1
user_01703,Premium+,2025-03-20,1,7.73,Laptop,3
user_01704,Premium,2025-05-07,0,8.62,Smart TV,6
user_01705,Premium,2025-06-17,1,27.87,Mobile,
user_01706,Standard,2023-11-09,1,8.52,Tablet,2
user_01707,Standard,2024-10-01,1,16.94,Smart TV,3
user_01708,Premium,2022-12-01,0,5.25,Smart TV,
user_01709,Basic,2025-03-10,0,2.88,Laptop,3
user_01710,Premium,2023-04-23,1,14.69,Tablet,3
user_01711,Basic,2023-02-24,1,18.28,Gaming Console,3
user_01712,Premium,2023-08-17,1,20.61,Mobile,3
user_01713,Premium,2023-11-19,1,20.3,Smart TV,4
user_01714,Premium,2022-09-19,1,18.44,Tablet,4
user_01715,Standard,2024-12-12,1,8.55,Smart TV,
user_01716,Standard,2023-12-06,1,22.95,Mobile,3
user_01717,Premium,2023-02-08,1,15.16,Desktop,2
user_01718,Premium,2023-03-31,1,23.4,Desktop,
user_01719,Premium,2024-02-24,1,4.9,Desktop,2
user_01720,Premium,2024-03-02,0,15.05,Tablet,2
user_01721,Premium,2025-06-24,1,24.81,Tablet,
user_01722,Standard,2025-06-17,1,2.32,Tablet,3
user_01723,Standard,2024-08-31,1,1.82,Desktop,2
user_01724,Premium,2022-09-12,1,6.5,Desktop,4
user_01725,Standard,2025-07-30,1,18.33,Gaming Console,
user_01726,Standard,2025-04-10,1,30.13,Mobile,1
user_01727,Basic,2024-08-26,1,12.86,Smart TV,
user_01728,Premium+,2023-06-26,1,17.96,Smart TV,2
user_01729,Standard,2023-06-27,1,8.99,Gaming Console,2
user_01730,Basic,2024-07-07,1,17.73,Gaming Console,1
user_01731,Premium,2022-11-07,1,21.8,Laptop,
user_01732,Premium+,2024-01-02,1,26.17,Mobile,4
user_01733,Premium+,2024-06-10,1,5.89,Mobile,6
user_01734,Basic,2023-01-21,1,7.78,Tablet,6
user_01735,Premium,2024-01-20,1,0.78,Laptop,2
user_01736,Premium,2022-08-27,1,13.36,Smart TV,2
user_01737,Premium+,2024-09-15,0,48.18,Gaming Console,4
user_01738,Premium,2024-11-23,1,,Gaming Console,5
user_01739,Premium,2025-04-29,1,19.54,Mobile,2
user_01740,Premium,2023-05-29,1,10.41,Desktop,5
user_01741,Premium+,2025-02-08,0,0.81,Smart TV,6
user_01742,Premium+,2024-02-22,1,14.41,Smart TV,1
user_01743,Standard,2023-05-08,1,4.98,Tablet,
user_01744,Premium+,2023-10-14,1,16.13,Laptop,5
user_01745,Basic,2023-09-11,1,8.34,Mobile,1
user_01746,Premium,2022-11-07,1,9.11,Tablet,6
user_01747,Premium,2024-01-31,1,,Desktop,4
user_01748,Premium,2023-04-12,1,6.35,Smart TV,
user_01749,Standard,2024-07-16,1,33.77,Desktop,
user_01750,Premium+,2023-05-12,0,18.01,Tablet,2
user_01751,Premium,2022-09-08,1,11.3,Mobile,
user_01752,Standard,2024-04-24,1,,Mobile,1
user_01753,Standard,2023-03-14,1,5.66,Gaming Console,5
user_01754,Premium,2024-09-27,1,11.04,Smart TV,3
user_01755,Premium,2022-09-15,1,5.58,Desktop,6
user_01756,Premium+,2024-09-21,1,17.41,Desktop,1
user_01757,Basic,2025-03-27,1,10.7,Tablet,3
user_01758,Premium,2023-05-11,1,15.87,Gaming Console,3
user_01759,Standard,2023-03-23,1,7.65,Tablet,4
user_01760,Basic,2023-08-10,1,15.81,Desktop,1
user_01761,Basic,2024-06-05,1,56.14,Laptop,3
user_01762,Premium,2024-11-09,1,29.79,Smart TV,1
user_01763,Standard,2025-05-05,1,5.94,Desktop,2
user_01764,Premium,2024-01-22,1,24.34,Gaming Console,6
user_01765,Standard,2023-10-09,1,24.65,Gaming Console,1
user_01766,Premium+,2024-11-06,1,17.47,Laptop,1
user_01767,Basic,2023-04-03,0,2.94,Tablet,
user_01768,Premium,2023-10-14,1,2.61,Smart TV,2
user_01769,Premium+,2023-03-02,1,5.81,Tablet,
user_01770,Standard,2024-11-02,1,7.53,Laptop,2
user_01771,Premium,2024-10-24,1,18.66,Gaming Console,2
user_01772,Premium,2023-05-24,0,,Tablet,2
user_01773,Premium,2023-09-08,1,21.51,Gaming Console,1
user_01774,Premium+,2024-02-29,1,19.6,Mobile,1
user_01775,Standard,2024-05-13,1,6.03,Tablet,3
user_01776,Premium+,2024-01-25,1,22.67,Laptop,2
user_01777,Standard,2023-01-09,1,10.83,Mobile,5
user_01778,Standard,2025-05-02,0,17.25,Mobile,2
user_01779,Premium,2023-01-12,0,11.92,Laptop,3
user_01780,Premium+,2025-06-04,1,10.05,Tablet,2
user_01781,Premium,2024-09-29,1,8.5,Tablet,
user_01782,Premium,2024-05-20,1,48.57,Desktop,
user_01783,Standard,2023-05-08,1,2.49,Smart TV,4
user_01784,Premium+,2023-11-29,1,18.8,Desktop,2
user_01785,Premium,2024-06-10,1,1.2,Desktop,2
user_01786,Basic,2023-05-04,1,11.49,Smart TV,1
user_01787,Premium,2025-03-10,1,7.19,Tablet,2
user_01788,Standard,2024-07-22,1,9.67,Smart TV,
user_01789,Premium,2024-12-12,0,61.09,Mobile,
user_01790,Standard,2023-02-01,1,0.57,Gaming Console,
user_01791,Basic,2023-09-27,1,,Desktop,3
user_01792,Premium,2024-03-07,1,29.79,Mobile,2
user_01793,Premium,2022-08-20,1,,Gaming Console,2
user_01794,Premium,2022-09-16,0,7.91,Gaming Console,
user_01795,Standard,2022-11-26,1,16.94,Smart TV,1
user_01796,Premium,2022-09-23,0,21.18,Laptop,5
user_01797,Premium+,2023-04-01,1,7.98,Desktop,2
user_01798,Standard,2022-11-07,1,4.78,Desktop,7
user_01799,Basic,2023-05-10,0,1.36,Smart TV,2
user_01800,Standard,2023-08-10,1,3.28,Desktop,5
user_01801,Standard,2025-04-22,0,24.28,Gaming Console,3
user_01802,Premium,2023-12-29,0,31.65,Mobile,3
user_01803,Premium,2023-11-22,0,17.02,Gaming Console,4
user_01804,Standard,2025-01-18,1,6.53,Desktop,5
user_01805,Standard,2025-01-25,1,21.62,Gaming Console,
user_01806,Premium+,2025-04-23,1,,Smart TV,
user_01807,Premium,2022-08-09,1,14.6,Desktop,1
user_01808,Standard,2024-08-17,1,52.05,Tablet,3
user_01809,Standard,2024-02-03,1,4.77,Desktop,4
user_01810,Basic,2024-11-29,1,41.31,Smart TV,
user_01811,Premium,2024-07-02,1,11.36,Desktop,4
user_01812,Standard,2024-02-12,1,,Laptop,1
user_01813,Premium,2022-10-27,0,20.27,Laptop,
user_01814,Premium,2025-02-09,1,25.64,Mobile,2
user_01815,Premium+,2023-05-26,1,12.2,Laptop,6
user_01816,Standard,2022-09-02,1,,Smart TV,3
user_01817,Premium+,2025-02-05,1,12.81,Tablet,2
user_01818,Basic,2025-06-11,1,9.84,Gaming Console,1
user_01819,Premium,2024-10-12,1,9.2,Desktop,1
user_01820,Standard,2025-06-21,1,25.9,Laptop,6
user_01821,Premium,2024-11-14,1,8.08,Desktop,2
user_01822,Basic,2025-03-31,1,27.88,Smart TV,4
user_01823,Premium,2022-11-17,1,24.01,Smart TV,4
user_01824,Standard,2022-11-01,1,7.39,Tablet,4
user_01825,Premium,2025-04-24,0,10.55,Desktop,2
user_01826,Premium+,2024-01-16,1,25.74,Laptop,3
user_01827,Premium+,2025-02-18,1,40.76,Laptop,3
user_01828,Standard,2024-06-09,1,10.31,Tablet,2
user_01829,Standard,2025-02-06,1,2.57,Mobile,
user_01830,Basic,2022-12-09,0,,Tablet,2
user_01831,Basic,2022-11-23,1,36.24,Desktop,4
user_01832,Premium,2024-10-10,1,10.34,Tablet,3
user_01833,Premium+,2025-07-17,1,32.16,Tablet,2
user_01834,Standard,2024-07-23,1,9.47,Desktop,5
user_01835,Premium,2025-02-22,1,11.26,Tablet,6
user_01836,Premium,2023-08-01,1,29.48,Laptop,
user_01837,Premium,2023-04-30,1,24.56,Gaming Console,2
user_01838,Standard,2023-07-12,0,17.06,Mobile,4
user_01839,Standard,2024-08-29,0,13.63,Gaming Console,3
user_01840,Basic,2025-01-14,1,5.23,Laptop,3
user_01841,Basic,2024-05-11,1,52.55,Laptop,2
user_01842,Premium,2024-09-13,1,4.98,Smart TV,2
user_01843,Basic,2024-01-11,1,3.55,Tablet,6
user_01844,Standard,2025-06-19,1,4.68,Laptop,3
user_01845,Basic,2022-12-10,1,7.16,Tablet,1
user_01846,Basic,2024-02-20,0,16.85,Desktop,3
user_01847,Basic,2024-12-16,1,25.76,Tablet,2
user_01848,Premium,2025-07-29,1,18.21,Laptop,2
user_01849,Standard,2025-04-13,1,9.82,Laptop,
user_01850,Standard,2024-12-29,1,26.01,Desktop,2
user_01851,Premium,2024-07-30,1,44.39,Gaming Console,3
user_01852,Basic,2023-03-28,1,18.14,Laptop,4
user_01853,Premium,2025-02-27,1,5.4,Mobile,2
user_01854,Premium,2024-11-27,1,12.58,Mobile,4
user_01855,Premium,2025-01-21,1,2.53,Desktop,
user_01856,Premium+,2025-05-03,1,20.98,Laptop,1
user_01857,Premium+,2023-12-04,0,23.64,Mobile,2
user_01858,Standard,2024-01-12,0,16.94,Smart TV,4
user_01859,Basic,2023-11-23,1,6.16,Gaming Console,2
user_01860,Premium,2023-05-17,0,6.41,Tablet,2
user_01861,Standard,2023-05-31,1,12.08,Desktop,5
user_01862,Premium,2023-11-09,1,3.0,Gaming Console,2
user_01863,Standard,2023-03-10,1,11.14,Laptop,2
user_01864,Basic,2025-03-12,1,8.55,Gaming Console,1
user_01865,Premium+,2022-09-24,1,14.72,Desktop,2
user_01866,Premium,2024-03-02,0,4.98,Desktop,4
user_01867,Basic,2023-02-21,1,17.26,Tablet,1
user_01868,Basic,2023-10-21,1,5.07,Laptop,3
user_01869,Premium,2025-01-11,1,6.9,Gaming Console,2
user_01870,Basic,2025-02-15,1,33.49,Laptop,5
user_01871,Basic,2023-04-25,0,9.85,Laptop,
user_01872,Premium,2024-09-14,0,19.65,Tablet,4
user_01873,Basic,2024-02-03,1,5.83,Gaming Console,5
user_01874,Standard,2023-12-26,1,14.79,Mobile,2
user_01875,Premium+,2022-12-30,1,13.77,Mobile,2
user_01876,Basic,2025-04-28,1,3.93,Desktop,5
user_01877,Premium,2023-10-16,0,30.11,Mobile,4
user_01878,Standard,2025-02-15,1,13.79,Smart TV,
user_01879,Standard,2023-04-01,1,15.43,Desktop,
user_01880,Standard,2022-09-18,1,8.53,Tablet,3
user_01881,Premium+,2025-04-19,1,8.7,Tablet,4
user_01882,Basic,2023-01-06,1,6.71,Desktop,2
user_01883,Basic,2025-02-17,1,25.6,Smart TV,2
user_01884,Premium,2025-06-28,1,12.95,Mobile,
user_01885,Standard,2024-10-31,0,24.78,Tablet,4
user_01886,Premium+,2023-02-26,1,11.54,Tablet,2
user_01887,Standard,2024-04-26,1,15.38,Mobile,2
user_01888,Standard,2024-09-11,0,12.76,Desktop,3
user_01889,Premium,2022-09-11,1,10.14,Mobile,1
user_01890,Premium,2024-05-08,1,8.53,Laptop,4
user_01891,Standard,2025-05-18,1,9.34,Desktop,5
user_01892,Basic,2022-12-01,1,2.28,Tablet,2
user_01893,Basic,2024-05-09,1,4.15,Desktop,2
user_01894,Basic,2024-12-09,1,2.56,Desktop,1
user_01895,Basic,2023-03-11,1,6.05,Laptop,3
user_01896,Basic,2024-12-22,0,15.65,Laptop,
user_01897,Basic,2024-10-10,0,,Laptop,5
user_01898,Premium,2023-09-29,1,8.9,Laptop,2
user_01899,Premium,2024-04-25,1,16.91,Laptop,6
user_01900,Standard,2024-02-18,1,27.24,Laptop,
user_01901,Standard,2023-02-22,1,0.99,Desktop,3
user_01902,Premium,2023-08-04,1,19.23,Laptop,
user_01903,Standard,2023-12-17,0,5.76,Laptop,2
user_01904,Basic,2025-04-14,1,,Desktop,1
user_01905,Standard,2023-10-22,1,8.5,Tablet,1
user_01906,Premium,2022-08-19,1,2.07,Tablet,3
user_01907,Standard,2025-06-18,1,16.28,Tablet,
user_01908,Standard,2022-09-29,1,,Tablet,4
user_01909,Premium,2025-06-20,1,1.5,Desktop,3
user_01910,Basic,2023-05-31,0,20.89,Laptop,7
user_01911,Basic,2023-10-04,1,32.5,Desktop,5
user_01912,Standard,2023-05-06,1,26.56,Laptop,1
user_01913,Premium,2023-11-26,1,21.54,Desktop,4
user_01914,Premium,2024-02-05,1,7.8,Tablet,3
user_01915,Standard,2025-04-20,1,27.92,Gaming Console,2
user_01916,Premium,2024-08-28,1,14.62,Smart TV,3
user_01917,Premium,2025-07-28,1,,Tablet,7
user_01918,Standard,2025-03-31,1,14.54,Laptop,2
user_01919,Premium,2023-07-11,1,31.96,Gaming Console,
user_01920,Standard,2025-04-25,1,15.78,Smart TV,4
user_01921,Standard,2025-02-23,1,,Desktop,5
user_01922,Standard,2024-05-13,1,16.78,Laptop,1
user_01923,Standard,2024-11-30,1,13.63,Desktop,
user_01924,Premium+,2024-04-27,1,13.44,Smart TV,2
user_01925,Premium,2024-01-09,1,19.67,Laptop,2
user_01926,Basic,2024-03-23,1,29.9,Gaming Console,5
user_01927,Standard,2023-03-04,1,2.73,Laptop,4
user_01928,Standard,2022-11-27,1,16.77,Desktop,4
user_01929,Basic,2023-04-19,0,27.92,Smart TV,4
user_01930,Premium,2025-03-30,1,16.48,Laptop,1
user_01931,Premium,2023-04-26,1,4.16,Tablet,
user_01932,Premium,2024-10-12,1,13.23,Tablet,5
user_01933,Premium,2024-08-13,1,10.76,Smart TV,1
user_01934,Standard,2024-07-05,1,12.44,Laptop,
user_01935,Basic,2023-07-02,1,14.77,Mobile,2
user_01936,Standard,2023-08-03,1,17.4,Tablet,1
user_01937,Standard,2024-12-20,0,20.81,Desktop,2
user_01938,Basic,2024-05-27,1,33.56,Smart TV,2
user_01939,Premium,2023-08-11,0,6.86,Desktop,1
user_01940,Premium+,2024-06-18,1,6.26,Mobile,3
user_01941,Premium,2025-01-24,1,19.39,Mobile,4
user_01942,Basic,2025-07-07,1,2.72,Smart TV,3
user_01943,Premium,2023-06-07,0,6.66,Desktop,1
user_01944,Premium+,2025-05-12,1,7.8,Desktop,3
user_01945,Standard,2022-11-13,1,,Tablet,
user_01946,Standard,2022-10-05,1,17.87,Gaming Console,2
user_01947,Standard,2024-08-30,1,8.39,Laptop,2
user_01948,Standard,2024-12-23,0,11.8,Gaming Console,2
user_01949,Standard,2025-05-16,1,38.83,Gaming Console,4
user_01950,Standard,2025-04-11,1,18.36,Tablet,2
user_01951,Premium,2023-09-22,1,18.19,Desktop,7
user_01952,Basic,2022-11-22,1,14.7,Smart TV,
user_01953,Standard,2025-01-12,1,20.33,Laptop,2
user_01954,Premium+,2025-02-19,1,18.84,Smart TV,3
user_01955,Premium,2025-06-27,1,8.92,Tablet,3
user_01956,Standard,2022-09-01,1,29.72,Desktop,3
user_01957,Basic,2024-01-23,1,13.04,Smart TV,3
user_01958,Basic,2023-10-03,1,7.66,Desktop,3
user_01959,Premium,2022-12-12,1,,Gaming Console,3
user_01960,Basic,2023-12-28,1,28.18,Gaming Console,2
user_01961,Standard,2024-10-31,1,,Desktop,2
user_01962,Standard,2025-05-13,1,12.65,Desktop,2
user_01963,Standard,2022-12-25,1,16.81,Smart TV,1
user_01964,Standard,2024-11-19,1,24.01,Desktop,3
user_01965,Standard,2024-03-06,1,2.06,Laptop,1
user_01966,Basic,2024-09-06,1,16.33,Smart TV,2
user_01967,Standard,2022-08-15,1,5.09,Mobile,2
user_01968,Basic,2023-09-01,0,10.38,Mobile,2
user_01969,Premium,2023-12-07,1,3.03,Smart TV,1
user_01970,Standard,2024-02-28,1,,Tablet,4
user_01971,Basic,2023-02-15,1,24.81,Smart TV,3
user_01972,Basic,2024-12-19,0,11.23,Desktop,3
user_01973,Premium,2024-01-25,1,20.61,Smart TV,3
user_01974,Standard,2025-04-15,1,15.34,Gaming Console,3
user_01975,Premium,2023-07-06,1,2.77,Desktop,5
user_01976,Premium,2022-11-26,1,12.44,Tablet,3
user_01977,Premium,2023-10-09,1,915.79,Laptop,
user_01978,Premium,2025-06-26,1,32.8,Desktop,2
user_01979,Premium,2024-01-12,1,43.08,Smart TV,5
user_01980,Basic,2024-11-29,1,,Mobile,1
user_01981,Standard,2023-08-10,1,3.48,Mobile,4
user_01982,Premium,2025-01-17,1,7.37,Tablet,
user_01983,Premium+,2024-12-27,1,7.66,Mobile,1
user_01984,Premium,2025-04-05,0,15.76,Smart TV,1
user_01985,Standard,2025-01-30,1,5.6,Laptop,8
user_01986,Basic,2024-06-20,1,,Tablet,
user_01987,Premium,2022-08-17,0,31.77,Gaming Console,1
user_01988,Premium+,2024-10-14,1,17.65,Tablet,3
user_01989,Premium,2025-05-07,1,11.43,Laptop,4
user_01990,Premium+,2025-02-18,1,,Tablet,4
user_01991,Premium,2023-01-04,1,1.99,Tablet,2
user_01992,Standard,2023-01-02,1,34.13,Tablet,2
user_01993,Basic,2022-11-28,0,19.99,Mobile,2
user_01994,Basic,2022-11-24,1,5.38,Gaming Console,1
user_01995,Standard,2023-07-27,1,8.69,Laptop,2
user_01996,Standard,2025-06-02,1,5.78,Tablet,5
user_01997,Premium+,2023-10-07,0,28.17,Desktop,4
user_01998,Standard,2025-01-09,1,8.0,Mobile,
user_01999,Standard,2024-10-11,1,7.67,Gaming Console,1
user_02000,Premium+,2023-06-13,1,1.53,Gaming Console,3
user_02001,Premium,2023-01-03,0,53.49,Laptop,3
user_02002,Premium,2022-08-06,1,31.51,Tablet,
user_02003,Premium,2024-06-22,1,14.28,Desktop,3
user_02004,Premium,2023-12-28,1,28.12,Smart TV,3
user_02005,Basic,2023-08-15,1,,Laptop,1
user_02006,Premium+,2025-01-29,0,21.97,Laptop,2
user_02007,Standard,2023-11-06,1,16.12,Desktop,2
user_02008,Premium,2023-10-05,1,11.57,Mobile,
user_02009,Standard,2023-10-12,0,24.9,Mobile,
user_02010,Premium,2022-09-14,1,,Gaming Console,
user_02011,Basic,2022-12-12,0,7.98,Smart TV,2
user_02012,Standard,2025-05-26,1,7.78,Tablet,4
user_02013,Premium,2024-04-16,1,26.27,Gaming Console,4
user_02014,Basic,2024-10-17,1,20.95,Desktop,
user_02015,Standard,2024-07-04,1,20.28,Smart TV,2
user_02016,Basic,2023-02-14,0,1.72,Gaming Console,4
user_02017,Premium,2025-04-11,1,,Desktop,2
user_02018,Premium,2025-06-09,1,6.01,Desktop,2
user_02019,Standard,2025-03-22,1,9.95,Laptop,
user_02020,Premium,2025-01-02,1,20.78,Tablet,4
user_02021,Standard,2023-05-06,0,55.15,Mobile,2
user_02022,Premium+,2023-02-03,1,26.47,Gaming Console,3
user_02023,Premium,2024-08-02,1,,Tablet,4
user_02024,Standard,2025-06-25,0,30.01,Smart TV,1
user_02025,Basic,2023-04-22,0,17.53,Desktop,2
user_02026,Premium,2022-12-13,1,9.84,Tablet,6
user_02027,Standard,2024-09-06,1,8.55,Gaming Console,3
user_02028,Basic,2022-12-04,1,2.86,Laptop,
user_02029,Standard,2025-02-11,1,5.09,Laptop,
user_02030,Standard,2022-08-29,0,37.01,Gaming Console,2
user_02031,Premium,2023-11-23,1,,Tablet,2
user_02032,Premium+,2024-10-17,1,,Tablet,
user_02033,Basic,2024-07-04,1,29.34,Tablet,3
user_02034,Basic,2024-03-02,1,17.12,Tablet,4
user_02035,Premium+,2024-07-14,1,13.51,Smart TV,3
user_02036,Basic,2025-05-17,1,1.31,Laptop,3
user_02037,Standard,2025-04-09,1,26.35,Gaming Console,4
user_02038,Standard,2022-09-24,1,34.26,Laptop,1
user_02039,Premium+,2024-06-27,0,10.22,Desktop,4
user_02040,Standard,2022-12-21,1,12.62,Mobile,2
user_02041,Standard,2025-03-28,1,,Desktop,8
user_02042,Premium,2024-06-29,0,18.18,Tablet,8
user_02043,Premium+,2024-09-07,0,15.06,Desktop,2
user_02044,Basic,2023-07-17,1,3.61,Desktop,3
user_02045,Premium,2025-02-26,1,10.17,Gaming Console,3
user_02046,Standard,2025-03-25,0,8.18,Mobile,1
user_02047,Standard,2024-12-24,1,44.2,Smart TV,1
user_02048,Premium,2024-07-05,1,14.77,Laptop,7
user_02049,Premium,2025-04-16,1,,Smart TV,2
user_02050,Basic,2023-12-24,1,,Desktop,2
user_02051,Premium,2025-07-30,1,24.21,Desktop,1
user_02052,Premium,2025-05-07,1,0.92,Desktop,2
user_02053,Premium,2024-02-21,0,8.98,Laptop,
user_02054,Standard,2022-10-30,1,16.64,Laptop,7
user_02055,Basic,2023-05-18,1,6.33,Tablet,3
user_02056,Basic,2023-05-11,1,34.95,Smart TV,1
user_02057,Basic,2025-07-05,1,7.24,Mobile,3
user_02058,Basic,2023-10-03,1,10.3,Laptop,3
user_02059,Premium,2023-08-10,1,82.24,Laptop,
user_02060,Standard,2025-04-22,1,,Tablet,2
user_02061,Premium,2024-02-29,1,0.6,Desktop,6
user_02062,Premium,2024-11-16,0,0.45,Mobile,2
user_02063,Premium,2022-10-24,1,15.24,Gaming Console,2
user_02064,Basic,2024-06-12,1,15.51,Tablet,3
user_02065,Premium,2024-04-07,1,4.13,Smart TV,1
user_02066,Basic,2024-09-13,1,7.2,Smart TV,3
user_02067,Basic,2023-03-14,1,41.61,Mobile,1
user_02068,Premium,2022-11-22,1,,Desktop,2
user_02069,Premium,2024-07-30,1,11.54,Tablet,3
user_02070,Standard,2025-05-27,1,10.24,Gaming Console,2
user_02071,Basic,2024-06-04,1,1.74,Mobile,1
user_02072,Premium+,2024-07-17,1,23.09,Mobile,
user_02073,Premium,2023-09-28,0,4.53,Mobile,1
user_02074,Premium,2024-07-26,0,18.16,Laptop,3
user_02075,Premium+,2024-10-21,1,12.17,Laptop,
user_02076,Premium,2023-09-26,1,26.67,Smart TV,
user_02077,Premium,2023-06-30,1,,Desktop,2
user_02078,Premium,2022-12-16,1,17.67,Tablet,2
user_02079,Standard,2024-01-13,1,25.43,Gaming Console,6
user_02080,Premium,2023-09-28,0,3.16,Tablet,4
user_02081,Basic,2024-02-24,1,1.44,Laptop,
user_02082,Standard,2023-05-03,1,1.83,Desktop,5
user_02083,Basic,2025-05-18,1,,Desktop,6
user_02084,Standard,2024-02-29,1,18.33,Gaming Console,2
user_02085,Basic,2024-11-14,1,23.62,Desktop,2
user_02086,Premium+,2024-04-18,1,12.36,Gaming Console,3
user_02087,Premium+,2024-07-04,1,4.99,Desktop,2
user_02088,Standard,2023-03-12,1,30.11,Desktop,2
user_02089,Standard,2024-04-03,1,10.61,Desktop,5
user_02090,Premium,2022-11-12,1,15.8,Desktop,1
user_02091,Basic,2023-02-10,1,25.36,Smart TV,4
user_02092,Standard,2025-01-30,1,9.67,Tablet,1
user_02093,Basic,2022-09-22,1,13.72,Gaming Console,2
user_02094,Premium+,2023-01-24,0,17.49,Smart TV,1
user_02095,Premium,2025-02-26,1,15.57,Laptop,4
user_02096,Premium+,2024-04-29,1,18.19,Tablet,3
user_02097,Basic,2024-09-04,1,,Smart TV,1
user_02098,Standard,2024-06-30,0,8.53,Laptop,2
user_02099,Basic,2025-06-01,1,16.44,Laptop,
user_02100,Standard,2025-07-18,0,7.14,Laptop,
user_02101,Basic,2022-09-08,1,15.59,Laptop,1
user_02102,Premium,2024-11-06,1,14.06,Laptop,1
user_02103,Standard,2024-04-10,1,4.26,Laptop,1
user_02104,Standard,2023-05-11,1,9.42,Tablet,2
user_02105,Basic,2025-06-04,1,10.43,Smart TV,1
user_02106,Standard,2025-06-26,1,31.87,Smart TV,6
user_02107,Standard,2024-10-08,0,830.81,Laptop,2
user_02108,Standard,2025-04-10,0,11.09,Desktop,2
user_02109,Premium,2023-04-20,1,11.08,Tablet,1
user_02110,Premium,2025-01-22,1,13.17,Mobile,3
user_02111,Standard,2022-10-05,0,20.0,Mobile,2
user_02112,Basic,2022-12-01,1,38.84,Tablet,1
user_02113,Standard,2024-09-01,1,32.16,Gaming Console,2
user_02114,Basic,2024-09-15,0,7.36,Tablet,1
user_02115,Basic,2025-07-25,0,7.37,Desktop,5
user_02116,Basic,2022-09-27,1,8.07,Gaming Console,1
user_02117,Standard,2025-03-05,1,12.82,Mobile,3
user_02118,Premium,2024-11-26,1,21.8,Tablet,2
user_02119,Standard,2023-10-28,1,24.11,Mobile,2
user_02120,Basic,2025-03-09,1,,Laptop,1
user_02121,Basic,2022-11-03,1,20.83,Laptop,2
user_02122,Standard,2023-08-31,1,8.8,Desktop,2
user_02123,Standard,2023-11-25,1,11.31,Tablet,3
user_02124,Premium,2023-04-26,1,18.56,Laptop,2
user_02125,Standard,2024-12-07,1,9.19,Tablet,1
user_02126,Standard,2023-10-27,1,2.04,Laptop,1
user_02127,Premium,2022-10-24,1,23.75,Gaming Console,
user_02128,Basic,2023-11-29,1,26.53,Mobile,
user_02129,Premium,2025-02-16,1,17.0,Laptop,5
user_02130,Premium+,2024-08-23,0,5.99,Desktop,2
user_02131,Premium,2023-04-15,1,16.91,Smart TV,
user_02132,Premium,2023-01-20,1,10.55,Mobile,2
user_02133,Premium+,2023-08-03,1,,Gaming Console,4
user_02134,Standard,2023-09-06,1,0.89,Gaming Console,
user_02135,Premium,2023-01-18,1,5.84,Mobile,2
user_02136,Basic,2025-01-08,1,6.64,Desktop,3
user_02137,Basic,2024-06-05,1,16.59,Gaming Console,6
user_02138,Premium,2023-10-08,1,23.46,Desktop,5
user_02139,Premium,2024-10-09,1,7.77,Smart TV,5
user_02140,Standard,2022-08-07,1,,Mobile,2
user_02141,Basic,2023-03-27,1,16.4,Gaming Console,1
user_02142,Premium,2024-05-31,1,36.49,Laptop,4
user_02143,Premium,2023-02-16,1,8.36,Laptop,4
user_02144,Standard,2025-02-25,1,13.76,Mobile,2
user_02145,Standard,2022-11-13,0,8.53,Tablet,1
user_02146,Premium,2024-06-16,1,21.53,Smart TV,7
user_02147,Premium+,2023-04-12,1,22.28,Mobile,3
user_02148,Basic,2024-08-31,1,18.35,Mobile,5
user_02149,Basic,2022-11-19,1,21.23,Mobile,2
user_02150,Basic,2024-01-24,0,,Gaming Console,2
user_02151,Premium,2023-01-12,0,26.99,Mobile,4
user_02152,Premium+,2024-10-31,1,31.28,Gaming Console,
user_02153,Basic,2025-07-23,1,,Tablet,1
user_02154,Premium,2023-08-25,1,30.16,Laptop,4
user_02155,Standard,2023-09-19,1,18.04,Laptop,2
user_02156,Premium,2024-04-23,1,8.79,Gaming Console,1
user_02157,Premium,2024-01-17,1,26.34,Mobile,4
user_02158,Premium+,2025-03-29,0,9.73,Smart TV,5
user_02159,Standard,2024-07-28,1,5.65,Gaming Console,7
user_02160,Standard,2025-06-30,1,9.58,Desktop,
user_02161,Basic,2025-06-02,1,16.08,Laptop,3
user_02162,Standard,2025-02-26,1,8.97,Desktop,
user_02163,Premium,2022-09-10,1,925.62,Smart TV,3
user_02164,Premium+,2022-09-09,1,18.57,Tablet,
user_02165,Premium,2023-03-28,1,3.88,Desktop,
user_02166,Standard,2023-10-10,1,13.15,Laptop,2
user_02167,Premium,2022-11-27,1,7.64,Tablet,4
user_02168,Standard,2024-11-05,1,15.55,Tablet,2
user_02169,Premium,2025-07-26,1,8.65,Tablet,3
user_02170,Basic,2024-04-15,1,8.45,Tablet,3
user_02171,Premium,2023-10-10,0,12.22,Tablet,1
user_02172,Standard,2023-11-02,1,21.4,Desktop,5
user_02173,Premium+,2023-06-16,1,,Smart TV,5
user_02174,Basic,2023-09-28,1,19.35,Gaming Console,
user_02175,Standard,2025-02-24,1,38.37,Desktop,2
user_02176,Premium,2023-09-14,0,797.59,Tablet,3
user_02177,Premium+,2024-03-07,1,13.94,Mobile,
user_02178,Basic,2025-03-09,0,13.56,Tablet,3
user_02179,Standard,2025-01-24,1,14.66,Tablet,1
user_02180,Basic,2024-09-20,1,,Desktop,2
user_02181,Premium,2024-07-08,1,,Desktop,
user_02182,Standard,2023-12-14,1,2.64,Smart TV,2
user_02183,Basic,2024-09-19,1,11.43,Tablet,3
user_02184,Premium,2023-09-09,1,10.02,Mobile,2
user_02185,Basic,2025-07-22,0,33.39,Smart TV,4
user_02186,Premium,2023-03-25,0,7.79,Laptop,
user_02187,Standard,2023-02-07,1,12.79,Smart TV,6
user_02188,Standard,2024-11-18,1,,Laptop,
user_02189,Premium,2024-08-02,0,13.38,Desktop,4
user_02190,Standard,2022-08-03,1,,Smart TV,2
user_02191,Standard,2025-01-12,1,,Laptop,1
user_02192,Premium,2023-04-13,0,10.54,Desktop,3
user_02193,Premium,2023-06-26,1,34.64,Mobile,4
user_02194,Standard,2025-02-10,1,,Gaming Console,2
user_02195,Premium,2023-11-08,1,18.7,Gaming Console,
user_02196,Premium,2024-01-04,1,7.08,Mobile,2
user_02197,Basic,2024-05-30,1,9.0,Smart TV,2
user_02198,Standard,2025-04-01,1,16.41,Desktop,5
user_02199,Premium,2025-03-12,1,9.48,Tablet,5
user_02200,Standard,2024-11-17,0,33.03,Mobile,5
user_02201,Premium,2023-06-18,1,3.37,Gaming Console,1
user_02202,Standard,2025-01-11,1,9.95,Tablet,2
user_02203,Standard,2024-10-01,1,16.9,Smart TV,1
user_02204,Premium,2023-03-03,1,19.68,Tablet,6
user_02205,Standard,2024-01-14,1,4.77,Gaming Console,2
user_02206,Premium,2024-10-05,1,28.0,Gaming Console,2
user_02207,Standard,2024-04-08,0,,Tablet,2
user_02208,Standard,2025-05-23,1,16.62,Gaming Console,4
user_02209,Premium+,2025-05-06,1,,Laptop,4
user_02210,Basic,2022-08-11,1,21.09,Laptop,3
user_02211,Standard,2022-08-19,1,1.98,Gaming Console,4
user_02212,Premium,2025-04-17,1,15.45,Mobile,4
user_02213,Premium,2023-08-08,1,5.4,Smart TV,3
user_02214,Standard,2023-07-31,1,18.27,Desktop,1
user_02215,Premium,2023-04-11,1,24.39,Smart TV,
user_02216,Standard,2024-05-31,0,39.63,Desktop,4
user_02217,Basic,2024-04-18,1,17.67,Tablet,1
user_02218,Premium+,2023-04-30,1,32.73,Gaming Console,1
user_02219,Premium,2023-06-02,1,30.97,Desktop,3
user_02220,Standard,2023-08-26,1,19.45,Gaming Console,1
user_02221,Basic,2023-01-29,1,23.91,Desktop,6
user_02222,Basic,2024-06-09,1,3.76,Laptop,
user_02223,Standard,2023-07-16,1,8.88,Mobile,2
user_02224,Premium,2024-01-09,0,23.14,Tablet,1
user_02225,Standard,2023-11-09,1,8.36,Desktop,1
user_02226,Basic,2023-06-16,0,4.2,Laptop,1
user_02227,Standard,2024-03-03,0,8.0,Mobile,7
user_02228,Premium,2024-04-28,0,5.45,Desktop,3
user_02229,Standard,2023-11-27,0,3.11,Tablet,3
user_02230,Standard,2023-07-31,1,408.1,Desktop,3
user_02231,Standard,2024-01-15,1,4.18,Smart TV,
user_02232,Premium,2024-05-11,1,22.36,Gaming Console,1
user_02233,Premium,2022-10-21,1,3.93,Tablet,6
user_02234,Basic,2023-09-05,1,4.1,Desktop,2
user_02235,Premium,2024-05-13,1,9.81,Smart TV,1
user_02236,Premium,2024-11-10,0,29.95,Tablet,5
user_02237,Premium,2024-11-18,1,22.04,Laptop,1
user_02238,Standard,2025-02-02,0,31.94,Laptop,8
user_02239,Standard,2025-01-13,0,,Gaming Console,4
user_02240,Premium,2023-02-27,1,8.87,Smart TV,3
user_02241,Standard,2025-02-10,0,777.58,Gaming Console,5
user_02242,Standard,2023-12-31,1,11.45,Smart TV,3
user_02243,Standard,2023-04-30,1,27.83,Laptop,5
user_02244,Premium,2024-07-03,1,10.62,Desktop,2
user_02245,Premium,2023-10-24,1,19.15,Smart TV,
user_02246,Standard,2024-01-14,1,13.32,Mobile,1
user_02247,Standard,2023-01-21,1,42.95,Laptop,
user_02248,Premium,2023-08-30,1,10.26,Laptop,2
user_02249,Premium+,2023-06-15,1,24.39,Gaming Console,1
user_02250,Premium,2023-08-06,1,4.91,Laptop,2
user_02251,Standard,2023-02-19,1,5.14,Desktop,
user_02252,Premium+,2022-09-30,1,,Mobile,2
user_02253,Standard,2022-08-09,1,28.7,Tablet,4
user_02254,Premium,2025-05-27,1,40.28,Gaming Console,3
user_02255,Premium,2024-01-20,1,6.03,Tablet,4
user_02256,Premium,2023-10-26,1,16.44,Smart TV,
user_02257,Standard,2024-10-11,1,32.48,Gaming Console,3
user_02258,Premium,2024-08-08,0,3.07,Mobile,
user_02259,Standard,2022-09-30,1,8.76,Laptop,4
user_02260,Premium,2022-11-03,1,23.76,Desktop,
user_02261,Premium+,2024-11-24,1,14.6,Tablet,5
user_02262,Standard,2024-09-12,1,29.23,Laptop,2
user_02263,Standard,2024-07-30,1,9.32,Tablet,4
user_02264,Standard,2024-03-01,1,7.06,Gaming Console,3
user_02265,Standard,2025-07-26,1,5.62,Desktop,1
user_02266,Premium+,2023-10-16,1,,Desktop,3
user_02267,Standard,2022-09-02,1,11.5,Desktop,
user_02268,Basic,2023-08-28,0,38.92,Smart TV,3
user_02269,Basic,2022-10-23,1,24.67,Smart TV,1
user_02270,Standard,2023-01-07,1,18.56,Smart TV,3
user_02271,Premium,2022-11-17,1,,Tablet,2
user_02272,Premium+,2025-06-04,1,12.89,Tablet,1
user_02273,Standard,2024-10-24,1,32.8,Desktop,4
user_02274,Standard,2025-07-15,1,21.98,Gaming Console,1
user_02275,Basic,2022-09-08,1,14.78,Desktop,1
user_02276,Premium,2024-01-03,1,10.02,Laptop,1
user_02277,Standard,2022-09-06,1,4.82,Desktop,2
user_02278,Standard,2022-11-09,1,15.53,Smart TV,3
user_02279,Standard,2025-05-24,1,15.09,Mobile,4
user_02280,Standard,2022-12-15,1,9.94,Gaming Console,2
user_02281,Standard,2023-02-15,1,17.89,Tablet,6
user_02282,Standard,2023-08-12,1,29.35,Gaming Console,2
user_02283,Premium,2023-03-21,1,5.32,Tablet,2
user_02284,Basic,2024-07-20,1,,Mobile,4
user_02285,Standard,2023-04-09,1,15.72,Laptop,3
user_02286,Standard,2024-04-08,1,8.48,Smart TV,1
user_02287,Basic,2022-10-15,1,7.45,Tablet,2
user_02288,Basic,2022-11-14,1,30.95,Tablet,
user_02289,Premium+,2024-07-14,1,14.96,Smart TV,1
user_02290,Premium+,2024-01-23,1,0.15,Mobile,3
user_02291,Standard,2023-11-01,1,26.25,Desktop,1
user_02292,Premium,2024-01-21,0,9.96,Gaming Console,
user_02293,Standard,2025-03-22,1,1.87,Mobile,2
user_02294,Premium,2025-05-19,1,,Tablet,2
user_02295,Premium,2025-04-21,1,9.04,Gaming Console,3
user_02296,Premium,2025-06-09,0,10.26,Laptop,4
user_02297,Basic,2024-04-11,1,21.36,Tablet,1
user_02298,Premium+,2023-09-30,1,9.66,Desktop,4
user_02299,Premium,2023-05-08,0,,Smart TV,1
user_02300,Basic,2022-12-27,1,4.85,Mobile,6
user_02301,Premium+,2023-08-23,1,1.22,Mobile,2
user_02302,Standard,2024-01-11,1,23.2,Desktop,1
user_02303,Basic,2024-01-01,1,7.07,Smart TV,5
user_02304,Premium,2023-02-21,1,35.21,Mobile,1
user_02305,Basic,2025-05-01,1,16.73,Smart TV,1
user_02306,Premium+,2024-04-06,1,7.74,Laptop,
user_02307,Premium,2022-12-02,1,,Mobile,4
user_02308,Basic,2024-08-29,0,27.42,Desktop,6
user_02309,Standard,2023-07-17,0,3.79,Desktop,2
user_02310,Basic,2022-09-08,1,,Tablet,
user_02311,Premium,2023-12-17,0,35.54,Laptop,1
user_02312,Standard,2023-04-24,1,35.68,Gaming Console,5
user_02313,Premium,2024-03-02,1,25.64,Desktop,4
user_02314,Standard,2025-01-06,1,5.7,Tablet,
user_02315,Standard,2023-11-18,1,23.65,Desktop,5
user_02316,Standard,2022-08-25,1,,Smart TV,4
user_02317,Basic,2022-08-25,1,5.75,Smart TV,6
user_02318,Premium,2022-11-08,0,8.62,Laptop,1
user_02319,Basic,2023-05-17,1,1.17,Smart TV,8
user_02320,Premium,2023-01-17,1,5.96,Mobile,3
user_02321,Standard,2022-09-29,1,26.69,Gaming Console,3
user_02322,Premium,2023-08-23,0,6.63,Gaming Console,7
user_02323,Premium+,2025-03-02,0,32.79,Laptop,2
user_02324,Basic,2024-05-17,1,,Laptop,
user_02325,Standard,2022-12-27,0,14.97,Laptop,
user_02326,Standard,2022-10-27,1,33.24,Tablet,4
user_02327,Premium,2024-10-03,1,2.15,Smart TV,2
user_02328,Premium,2023-03-23,1,,Smart TV,3
user_02329,Standard,2025-05-05,1,7.62,Gaming Console,4
user_02330,Standard,2025-07-06,0,344.49,Desktop,5
user_02331,Premium,2024-09-15,1,25.77,Gaming Console,
user_02332,Premium,2025-02-15,0,5.42,Laptop,1
user_02333,Premium,2024-07-28,0,16.52,Mobile,
user_02334,Premium,2025-06-05,0,24.55,Gaming Console,4
user_02335,Standard,2025-04-16,1,13.14,Laptop,4
user_02336,Premium,2024-08-04,0,29.1,Smart TV,3
user_02337,Standard,2025-07-06,1,,Smart TV,4
user_02338,Standard,2023-07-10,0,11.77,Mobile,1
user_02339,Standard,2023-02-14,1,,Mobile,7
user_02340,Premium,2024-12-24,1,6.14,Desktop,2
user_02341,Premium+,2024-03-10,0,8.12,Smart TV,3
user_02342,Standard,2022-11-09,1,26.59,Gaming Console,3
user_02343,Basic,2024-09-26,1,7.02,Smart TV,1
user_02344,Standard,2024-09-12,0,9.64,Desktop,1
user_02345,Premium,2024-06-10,1,12.5,Tablet,2
user_02346,Standard,2025-04-26,1,26.94,Smart TV,6
user_02347,Premium+,2025-06-13,1,8.9,Mobile,7
user_02348,Premium,2023-09-14,1,21.08,Desktop,3
user_02349,Basic,2023-09-09,1,11.1,Tablet,2
user_02350,Standard,2022-08-28,0,16.77,Gaming Console,5
user_02351,Standard,2023-02-24,1,,Laptop,3
user_02352,Premium+,2024-10-30,0,12.65,Laptop,4
user_02353,Premium,2024-01-02,1,,Desktop,3
user_02354,Premium+,2023-09-08,1,19.92,Mobile,5
user_02355,Premium,2025-04-07,1,9.46,Gaming Console,3
user_02356,Standard,2023-09-09,1,11.07,Tablet,
user_02357,Basic,2023-03-07,1,10.34,Laptop,2
user_02358,Premium+,2022-08-19,0,10.37,Tablet,2
user_02359,Premium,2023-12-23,0,10.13,Laptop,3
user_02360,Premium,2024-04-11,1,9.17,Laptop,5
user_02361,Premium,2024-03-02,1,6.81,Gaming Console,2
user_02362,Premium,2024-10-06,1,4.84,Tablet,3
user_02363,Premium+,2022-08-11,1,,Desktop,4
user_02364,Basic,2023-02-28,1,3.14,Desktop,4
user_02365,Premium,2022-10-02,1,0.67,Gaming Console,2
user_02366,Premium,2022-11-27,1,2.23,Laptop,
user_02367,Standard,2025-07-03,1,7.55,Tablet,7
user_02368,Standard,2023-04-06,1,27.46,Tablet,4
user_02369,Standard,2023-11-29,1,25.73,Mobile,3
user_02370,Premium,2023-05-17,1,8.94,Smart TV,
user_02371,Premium,2025-07-21,1,29.47,Smart TV,1
user_02372,Premium,2022-12-31,1,18.64,Gaming Console,1
user_02373,Premium,2023-05-23,1,26.36,Mobile,2
user_02374,Standard,2022-09-05,0,5.83,Smart TV,3
user_02375,Standard,2023-10-05,1,29.94,Gaming Console,3
user_02376,Standard,2025-04-26,1,6.61,Tablet,3
user_02377,Standard,2023-09-15,1,11.02,Mobile,
user_02378,Premium,2024-07-02,1,10.09,Gaming Console,2
user_02379,Basic,2022-10-07,1,14.7,Smart TV,1
user_02380,Standard,2023-08-13,1,19.57,Desktop,3
user_02381,Premium,2022-08-24,1,2.96,Mobile,3
user_02382,Premium+,2025-06-06,1,29.1,Laptop,7
user_02383,Standard,2024-07-26,1,12.28,Tablet,2
user_02384,Basic,2022-10-13,0,,Smart TV,
user_02385,Premium,2023-08-12,0,21.87,Desktop,
user_02386,Premium,2023-03-14,1,18.22,Mobile,4
user_02387,Premium,2025-02-26,1,542.33,Smart TV,2
user_02388,Standard,2023-05-16,1,6.52,Tablet,2
user_02389,Standard,2024-08-03,1,17.33,Tablet,3
user_02390,Standard,2024-02-15,1,7.1,Smart TV,3
user_02391,Premium,2023-09-02,0,7.9,Mobile,2
user_02392,Basic,2023-07-13,1,21.91,Tablet,3
user_02393,Premium,2024-04-22,1,6.38,Smart TV,3
user_02394,Premium,2024-12-10,1,9.49,Laptop,3
user_02395,Premium+,2023-03-01,1,21.78,Desktop,1
user_02396,Basic,2023-02-14,1,20.64,Smart TV,2
user_02397,Premium,2023-07-08,0,7.16,Desktop,
user_02398,Standard,2024-11-19,0,13.64,Mobile,2
user_02399,Basic,2024-12-15,0,,Gaming Console,3
user_02400,Premium,2025-01-01,1,9.06,Mobile,3
user_02401,Standard,2023-12-12,1,4.55,Laptop,2
user_02402,Basic,2024-02-22,1,10.38,Laptop,7
user_02403,Premium,2025-06-09,0,17.9,Laptop,2
user_02404,Basic,2023-01-12,1,14.38,Mobile,3
user_02405,Premium,2022-10-04,1,18.37,Tablet,6
user_02406,Premium+,2024-08-08,1,34.49,Laptop,5
user_02407,Premium,2023-05-09,1,15.9,Desktop,
user_02408,Basic,2022-10-12,1,4.65,Mobile,2
user_02409,Premium,2023-06-01,1,14.76,Gaming Console,2
user_02410,Premium+,2024-07-26,1,5.71,Smart TV,4
user_02411,Premium+,2022-08-30,1,33.7,Laptop,3
user_02412,Standard,2025-04-22,1,12.41,Smart TV,1
user_02413,Basic,2025-04-06,1,14.57,Tablet,4
user_02414,Standard,2025-04-01,1,,Mobile,2
user_02415,Premium,2024-09-09,1,8.76,Gaming Console,3
user_02416,Basic,2024-06-01,1,8.51,Mobile,
user_02417,Standard,2023-03-22,1,,Tablet,
user_02418,Premium,2024-10-22,1,4.61,Desktop,
user_02419,Premium,2024-08-07,1,47.91,Gaming Console,
user_02420,Basic,2024-05-31,1,20.41,Tablet,1
user_02421,Standard,2024-12-16,1,28.0,Gaming Console,2
user_02422,Premium,2024-12-05,1,2.18,Tablet,3
user_02423,Premium,2022-08-27,1,29.56,Desktop,1
user_02424,Premium,2025-05-25,1,28.78,Gaming Console,6
user_02425,Premium,2024-01-06,1,,Gaming Console,1
user_02426,Standard,2024-12-23,1,3.08,Gaming Console,4
user_02427,Standard,2023-01-22,1,24.36,Gaming Console,2
user_02428,Standard,2022-12-13,1,4.37,Smart TV,7
user_02429,Standard,2024-02-21,1,22.44,Mobile,4
user_02430,Basic,2023-04-28,1,19.64,Laptop,3
user_02431,Standard,2023-02-02,0,17.24,Gaming Console,4
user_02432,Premium,2024-02-09,1,39.66,Tablet,3
user_02433,Standard,2024-11-29,0,9.56,Mobile,
user_02434,Basic,2023-02-11,1,,Gaming Console,2
user_02435,Basic,2024-06-10,1,17.23,Tablet,3
user_02436,Standard,2024-01-25,1,28.36,Gaming Console,3
user_02437,Premium+,2025-03-19,1,12.19,Laptop,2
user_02438,Basic,2023-01-20,1,,Smart TV,2
user_02439,Premium+,2025-01-12,1,4.75,Tablet,2
user_02440,Standard,2022-08-31,1,8.03,Mobile,5
user_02441,Standard,2023-03-16,1,10.94,Desktop,3
user_02442,Standard,2023-08-06,1,,Mobile,1
user_02443,Premium,2022-11-21,1,3.7,Laptop,
user_02444,Standard,2024-02-12,1,3.18,Gaming Console,3
user_02445,Premium,2023-10-20,1,2.13,Tablet,3
user_02446,Standard,2023-10-15,0,56.96,Laptop,1
user_02447,Standard,2022-10-29,1,,Smart TV,1
user_02448,Premium,2023-08-06,0,10.72,Smart TV,4
user_02449,Premium,2025-04-26,1,6.69,Desktop,4
user_02450,Premium+,2023-05-18,1,13.93,Laptop,4
user_02451,Basic,2023-07-22,1,14.31,Mobile,2
user_02452,Standard,2023-05-20,0,,Smart TV,
user_02453,Premium,2024-06-09,1,18.04,Smart TV,1
user_02454,Premium+,2023-09-18,0,16.58,Smart TV,2
user_02455,Standard,2023-08-27,1,16.79,Smart TV,5
user_02456,Standard,2023-04-28,1,32.92,Tablet,3
user_02457,Basic,2025-06-30,1,18.51,Mobile,3
user_02458,Premium+,2024-10-14,1,5.36,Mobile,
user_02459,Premium+,2023-04-29,1,10.09,Mobile,6
user_02460,Premium+,2024-04-10,1,9.54,Desktop,2
user_02461,Standard,2025-05-10,1,5.47,Tablet,
user_02462,Premium,2024-05-01,1,11.27,Gaming Console,2
user_02463,Premium,2023-03-01,1,,Desktop,5
user_02464,Premium+,2023-12-02,1,17.86,Desktop,4
user_02465,Standard,2024-02-13,1,15.4,Tablet,5
user_02466,Standard,2024-02-08,1,2.16,Gaming Console,
user_02467,Premium,2024-04-02,1,,Mobile,1
user_02468,Standard,2023-02-26,0,,Smart TV,3
user_02469,Standard,2024-04-29,1,11.01,Smart TV,4
user_02470,Premium,2023-09-06,1,,Gaming Console,1
user_02471,Premium+,2022-08-16,1,11.91,Gaming Console,2
user_02472,Basic,2024-03-12,1,6.39,Mobile,3
user_02473,Basic,2024-07-10,1,17.87,Mobile,2
user_02474,Basic,2025-03-01,0,,Smart TV,3
user_02475,Basic,2024-09-11,1,16.46,Mobile,2
user_02476,Basic,2023-03-24,0,13.06,Gaming Console,1
user_02477,Premium,2024-07-04,1,17.28,Smart TV,
user_02478,Premium,2024-01-05,1,9.56,Laptop,7
user_02479,Premium+,2024-03-11,0,4.21,Desktop,1
user_02480,Basic,2024-01-28,1,,Tablet,
user_02481,Standard,2024-05-08,1,28.44,Smart TV,3
user_02482,Premium,2024-02-27,1,49.34,Laptop,2
user_02483,Premium,2024-08-12,0,5.99,Smart TV,3
user_02484,Premium+,2025-07-02,1,4.4,Desktop,3
user_02485,Premium,2025-01-25,1,26.6,Desktop,3
user_02486,Basic,2024-02-12,1,1.24,Tablet,4
user_02487,Standard,2022-08-25,1,33.62,Smart TV,3
user_02488,Standard,2023-06-14,1,24.21,Laptop,
user_02489,Standard,2025-03-08,1,35.22,Mobile,2
user_02490,Standard,2023-07-30,1,11.2,Desktop,2
user_02491,Premium+,2023-11-29,1,3.49,Smart TV,1
user_02492,Premium,2024-10-24,0,10.69,Tablet,5
user_02493,Basic,2023-08-03,1,17.37,Laptop,3
user_02494,Premium,2025-02-08,1,15.04,Desktop,5
user_02495,Premium,2024-08-23,1,8.82,Desktop,
user_02496,Basic,2025-01-24,1,22.77,Laptop,1
user_02497,Basic,2023-04-09,1,18.63,Gaming Console,
user_02498,Premium+,2025-02-05,1,,Smart TV,3
user_02499,Premium+,2023-02-16,0,9.66,Tablet,2
user_02500,Premium,2023-06-30,0,41.14,Laptop,
user_02501,Premium,2025-06-25,1,24.1,Gaming Console,6
user_02502,Standard,2025-05-03,1,13.07,Desktop,2
user_02503,Standard,2022-11-08,1,28.48,Mobile,1
user_02504,Basic,2025-07-06,1,6.75,Desktop,4
user_02505,Standard,2022-08-23,1,20.35,Desktop,
user_02506,Standard,2023-03-24,1,5.7,Mobile,4
user_02507,Premium,2025-01-14,1,11.84,Gaming Console,4
user_02508,Basic,2023-08-09,1,2.6,Desktop,
user_02509,Basic,2025-06-28,1,9.17,Mobile,
user_02510,Standard,2024-08-05,1,825.27,Smart TV,2
user_02511,Premium,2023-03-29,1,9.02,Smart TV,4
user_02512,Premium,2024-05-03,1,30.47,Smart TV,4
user_02513,Basic,2023-04-21,1,12.11,Smart TV,5
user_02514,Premium,2025-04-01,1,9.83,Mobile,1
user_02515,Basic,2022-10-28,1,18.43,Gaming Console,1
user_02516,Premium+,2025-01-09,0,21.51,Laptop,6
user_02517,Premium,2023-08-27,1,8.51,Tablet,2
user_02518,Standard,2024-06-25,1,4.71,Desktop,2
user_02519,Standard,2024-06-28,1,3.8,Laptop,2
user_02520,Premium,2025-04-06,1,22.42,Smart TV,4
user_02521,Premium,2023-09-07,1,25.35,Mobile,2
user_02522,Premium+,2025-02-06,1,26.74,Desktop,3
user_02523,Premium+,2023-03-22,0,,Gaming Console,4
user_02524,Premium+,2022-10-20,1,10.9,Mobile,
user_02525,Standard,2023-05-26,0,9.69,Gaming Console,
user_02526,Premium,2025-05-19,1,18.23,Smart TV,
user_02527,Standard,2023-03-02,1,1.34,Gaming Console,5
user_02528,Premium,2024-12-14,1,13.38,Gaming Console,1
user_02529,Standard,2025-06-15,1,23.75,Laptop,3
user_02530,Standard,2023-10-11,0,21.67,Tablet,2
user_02531,Standard,2025-04-14,1,23.53,Laptop,1
user_02532,Standard,2024-02-29,1,3.39,Gaming Console,2
user_02533,Premium,2023-07-15,1,24.42,Laptop,1
user_02534,Premium,2022-11-19,1,6.72,Smart TV,2
user_02535,Standard,2024-01-18,1,33.9,Smart TV,5
user_02536,Premium,2023-11-21,1,34.46,Smart TV,1
user_02537,Premium,2025-01-11,1,26.76,Smart TV,5
user_02538,Premium,2024-09-11,0,17.21,Smart TV,3
user_02539,Standard,2024-02-25,1,19.67,Gaming Console,2
user_02540,Standard,2023-04-03,1,35.47,Mobile,7
user_02541,Premium+,2023-05-15,1,6.81,Gaming Console,
user_02542,Standard,2023-04-30,1,41.16,Laptop,1
user_02543,Premium,2024-01-15,1,36.68,Tablet,
user_02544,Premium+,2024-06-30,1,21.88,Gaming Console,1
user_02545,Standard,2024-09-07,1,,Smart TV,4
user_02546,Standard,2025-05-28,0,,Gaming Console,2
user_02547,Premium,2023-03-03,1,9.88,Laptop,2
user_02548,Basic,2025-03-03,0,4.86,Mobile,8
user_02549,Premium,2025-05-15,1,5.8,Gaming Console,4
user_02550,Basic,2023-08-01,1,20.2,Desktop,
user_02551,Standard,2025-04-13,1,5.57,Tablet,8
user_02552,Premium,2023-12-03,1,,Laptop,
user_02553,Premium,2024-04-06,1,21.72,Mobile,3
user_02554,Premium,2023-12-14,1,7.17,Gaming Console,2
user_02555,Premium,2023-09-06,1,14.2,Smart TV,1
user_02556,Standard,2023-02-23,1,8.12,Tablet,3
user_02557,Basic,2024-05-06,1,22.11,Mobile,5
user_02558,Standard,2023-08-26,1,17.85,Gaming Console,4
user_02559,Premium,2023-11-10,1,10.99,Laptop,3
user_02560,Premium,2025-07-03,1,1.73,Smart TV,1
user_02561,Basic,2024-03-07,1,8.83,Tablet,
user_02562,Premium,2024-09-24,1,,Mobile,3
user_02563,Standard,2025-03-18,0,16.51,Tablet,5
user_02564,Standard,2025-05-29,1,18.38,Desktop,1
user_02565,Standard,2023-08-13,1,11.9,Tablet,5
user_02566,Premium+,2024-08-26,0,8.83,Tablet,3
user_02567,Premium,2024-03-10,0,8.62,Laptop,2
user_02568,Premium,2024-09-27,1,11.75,Smart TV,1
user_02569,Standard,2023-11-25,1,18.26,Desktop,
user_02570,Basic,2024-12-31,1,4.12,Laptop,2
user_02571,Standard,2024-07-28,1,,Desktop,2
user_02572,Standard,2024-04-12,1,8.89,Gaming Console,2
user_02573,Premium,2023-02-05,1,13.56,Gaming Console,2
user_02574,Premium,2025-05-03,1,4.69,Laptop,2
user_02575,Standard,2024-06-26,1,22.26,Laptop,
user_02576,Premium,2024-07-13,1,38.37,Tablet,3
user_02577,Standard,2023-05-23,1,18.4,Desktop,1
user_02578,Standard,2025-01-18,0,13.7,Laptop,4
user_02579,Basic,2023-05-20,1,8.48,Mobile,6
user_02580,Standard,2024-05-09,0,5.28,Tablet,6
user_02581,Premium,2024-09-19,1,12.9,Smart TV,
user_02582,Basic,2022-11-22,1,35.59,Smart TV,2
user_02583,Premium,2023-03-11,0,46.69,Smart TV,2
user_02584,Premium+,2023-08-09,0,8.06,Laptop,
user_02585,Standard,2025-05-17,1,23.72,Laptop,2
user_02586,Standard,2024-03-20,1,43.04,Desktop,4
user_02587,Premium+,2025-07-30,1,1.12,Laptop,5
user_02588,Standard,2022-08-05,0,33.85,Tablet,5
user_02589,Basic,2022-10-16,0,8.39,Gaming Console,4
user_02590,Premium,2022-10-11,1,13.08,Desktop,1
user_02591,Standard,2024-05-22,0,1.04,Mobile,
user_02592,Premium,2024-05-09,1,11.85,Mobile,
user_02593,Standard,2023-03-05,1,23.7,Smart TV,3
user_02594,Premium,2023-04-24,1,4.82,Laptop,
user_02595,Premium,2022-08-17,1,12.28,Smart TV,4
user_02596,Standard,2024-03-24,1,18.2,Laptop,1
user_02597,Basic,2025-04-05,1,65.29,Laptop,1
user_02598,Premium+,2024-12-10,1,1.63,Gaming Console,7
user_02599,Premium,2023-11-16,1,9.14,Laptop,3
user_02600,Premium+,2023-02-26,0,22.03,Tablet,4
user_02601,Standard,2024-10-18,1,,Gaming Console,2
user_02602,Premium,2023-12-26,1,23.98,Desktop,6
user_02603,Basic,2022-11-24,1,4.66,Mobile,
user_02604,Standard,2022-08-19,1,16.82,Smart TV,4
user_02605,Premium+,2023-09-05,0,,Tablet,2
user_02606,Basic,2023-08-01,1,12.87,Mobile,
user_02607,Standard,2023-02-08,1,2.24,Mobile,6
user_02608,Premium,2023-02-22,1,7.14,Tablet,6
user_02609,Standard,2025-05-13,1,22.96,Mobile,4
user_02610,Standard,2025-06-01,1,6.02,Desktop,
user_02611,Basic,2024-10-13,1,24.61,Tablet,3
user_02612,Premium+,2024-03-07,1,28.16,Smart TV,4
user_02613,Standard,2025-01-15,1,,Desktop,2
user_02614,Basic,2025-06-19,1,10.46,Mobile,2
user_02615,Basic,2022-08-19,1,27.48,Smart TV,3
user_02616,Standard,2022-08-03,1,20.95,Laptop,
user_02617,Premium,2022-09-19,1,7.01,Gaming Console,2
user_02618,Premium,2022-09-18,1,14.5,Desktop,4
user_02619,Standard,2022-09-23,1,4.11,Desktop,3
user_02620,Standard,2023-04-18,1,54.91,Laptop,3
user_02621,Standard,2024-07-05,0,33.5,Desktop,2
user_02622,Premium,2023-11-10,1,6.87,Gaming Console,3
user_02623,Premium+,2022-08-03,1,0.51,Smart TV,
user_02624,Basic,2025-02-15,1,,Laptop,3
user_02625,Basic,2025-03-23,1,,Gaming Console,3
user_02626,Basic,2024-08-27,1,16.92,Desktop,7
user_02627,Basic,2024-09-30,1,4.28,Gaming Console,2
user_02628,Standard,2023-02-11,1,7.94,Laptop,3
user_02629,Premium,2024-06-12,1,11.34,Tablet,5
user_02630,Premium,2022-08-16,1,5.84,Smart TV,2
user_02631,Standard,2024-11-07,1,14.12,Mobile,
user_02632,Premium+,2023-09-01,0,,Gaming Console,2
user_02633,Basic,2024-10-28,1,12.93,Mobile,3
user_02634,Premium+,2025-03-07,1,28.8,Gaming Console,2
user_02635,Standard,2022-10-09,1,4.24,Tablet,1
user_02636,Premium,2023-07-01,1,15.55,Desktop,3
user_02637,Premium,2023-11-30,1,3.41,Laptop,1
user_02638,Standard,2025-07-30,1,3.46,Mobile,2
user_02639,Premium,2025-06-19,1,,Tablet,3
user_02640,Standard,2023-05-14,1,23.2,Gaming Console,2
user_02641,Premium,2025-04-19,1,5.01,Laptop,1
user_02642,Premium,2024-11-14,1,42.87,Desktop,
user_02643,Premium,2024-01-08,1,11.66,Smart TV,1
user_02644,Basic,2024-06-20,0,5.69,Gaming Console,1
user_02645,Premium,2024-11-25,1,17.69,Laptop,
user_02646,Premium,2023-04-05,1,15.79,Smart TV,2
user_02647,Standard,2024-09-10,1,4.06,Tablet,7
user_02648,Premium,2023-03-02,1,7.51,Mobile,2
user_02649,Basic,2024-09-05,1,28.01,Smart TV,4
user_02650,Premium,2025-05-23,1,20.81,Laptop,1
user_02651,Premium,2024-02-21,0,23.2,Tablet,6
user_02652,Premium,2024-11-30,1,34.27,Gaming Console,5
user_02653,Standard,2022-11-02,1,,Gaming Console,3
user_02654,Premium+,2025-04-16,1,,Gaming Console,3
user_02655,Premium,2025-01-11,1,11.14,Smart TV,3
user_02656,Premium,2022-08-04,1,20.19,Desktop,
user_02657,Premium,2025-03-17,1,24.72,Mobile,3
user_02658,Premium,2025-02-28,1,19.47,Desktop,1
user_02659,Premium,2023-12-04,1,15.51,Laptop,1
user_02660,Standard,2024-02-13,1,23.9,Mobile,1
user_02661,Premium+,2024-02-15,1,13.93,Desktop,3
user_02662,Premium,2025-05-03,1,4.43,Mobile,2
user_02663,Standard,2024-05-15,1,5.45,Gaming Console,8
user_02664,Basic,2022-08-29,1,20.42,Gaming Console,
user_02665,Premium,2023-09-04,1,4.99,Smart TV,3
user_02666,Basic,2023-08-30,1,34.3,Smart TV,2
user_02667,Premium,2023-07-21,1,29.56,Smart TV,1
user_02668,Standard,2023-04-15,1,34.47,Mobile,
user_02669,Standard,2023-01-07,0,,Mobile,1
user_02670,Premium,2023-01-17,1,29.84,Laptop,
user_02671,Premium,2022-08-17,1,2.62,Smart TV,3
user_02672,Premium,2024-08-18,1,34.67,Tablet,2
user_02673,Standard,2022-10-26,1,1.27,Laptop,1
user_02674,Standard,2022-11-15,1,7.37,Mobile,1
user_02675,Basic,2024-02-18,1,5.15,Mobile,6
user_02676,Premium,2025-04-20,1,8.19,Smart TV,
user_02677,Premium+,2025-07-12,0,5.81,Desktop,3
user_02678,Premium,2023-02-14,1,22.76,Smart TV,
user_02679,Premium,2023-09-14,1,22.13,Gaming Console,1
user_02680,Standard,2023-01-04,1,23.25,Tablet,
user_02681,Standard,2023-01-08,1,34.93,Gaming Console,5
user_02682,Premium,2023-06-05,1,10.46,Laptop,6
user_02683,Premium,2025-06-24,1,16.41,Mobile,3
user_02684,Basic,2024-09-02,1,,Mobile,1
user_02685,Premium,2023-02-26,1,7.39,Desktop,2
user_02686,Premium,2023-01-06,1,3.75,Desktop,4
user_02687,Standard,2025-04-08,1,11.51,Desktop,
user_02688,Standard,2024-03-21,1,16.33,Smart TV,3
user_02689,Premium,2024-12-22,1,22.98,Tablet,4
user_02690,Premium,2022-10-14,1,22.42,Smart TV,2
user_02691,Standard,2023-06-12,1,17.84,Tablet,2
user_02692,Premium+,2024-05-07,1,10.65,Tablet,1
user_02693,Premium+,2022-12-12,1,6.11,Gaming Console,4
user_02694,Standard,2025-06-28,1,30.24,Smart TV,4
user_02695,Premium,2023-09-24,1,14.65,Laptop,1
user_02696,Premium+,2023-03-26,1,33.76,Laptop,2
user_02697,Standard,2024-09-22,1,26.18,Laptop,2
user_02698,Standard,2023-10-03,1,497.73,Desktop,
user_02699,Standard,2023-05-27,0,16.86,Mobile,
user_02700,Basic,2022-10-05,1,32.0,Desktop,2
user_02701,Premium,2023-08-24,1,6.85,Gaming Console,1
user_02702,Premium,2024-04-08,1,,Laptop,8
user_02703,Basic,2025-06-14,1,17.12,Gaming Console,8
user_02704,Standard,2022-09-19,1,15.34,Desktop,2
user_02705,Standard,2022-11-24,1,13.27,Smart TV,2
user_02706,Basic,2023-07-09,1,28.45,Gaming Console,
user_02707,Premium,2023-01-31,1,11.04,Smart TV,1
user_02708,Premium+,2022-08-12,1,9.46,Mobile,
user_02709,Basic,2022-12-05,1,6.55,Laptop,
user_02710,Standard,2022-10-18,0,6.62,Laptop,
user_02711,Premium,2024-05-04,1,8.6,Smart TV,5
user_02712,Premium+,2025-02-20,1,11.64,Mobile,2
user_02713,Premium,2022-08-16,1,8.99,Desktop,2
user_02714,Standard,2024-12-30,1,4.08,Smart TV,
user_02715,Premium,2024-10-22,1,2.16,Desktop,4
user_02716,Basic,2024-06-23,1,,Gaming Console,
user_02717,Premium,2023-07-28,1,1.37,Smart TV,2
user_02718,Standard,2024-11-30,0,,Laptop,1
user_02719,Premium,2024-11-28,0,2.98,Gaming Console,3
user_02720,Standard,2024-10-25,1,2.39,Gaming Console,1
user_02721,Premium,2025-05-13,1,1.89,Mobile,4
user_02722,Standard,2024-06-11,1,29.01,Mobile,3
user_02723,Premium,2023-12-08,1,3.78,Smart TV,
user_02724,Premium+,2023-02-16,1,21.94,Mobile,4
user_02725,Basic,2023-12-12,1,20.02,Desktop,3
user_02726,Premium,2025-06-24,1,10.65,Desktop,3
user_02727,Premium,2025-03-14,0,10.76,Desktop,2
user_02728,Standard,2023-02-08,1,20.69,Desktop,3
user_02729,Basic,2023-05-01,1,,Laptop,2
user_02730,Standard,2023-05-27,1,984.45,Smart TV,3
user_02731,Premium,2024-12-30,1,4.98,Smart TV,2
user_02732,Premium,2024-06-03,1,6.33,Gaming Console,
user_02733,Basic,2024-07-01,1,12.75,Laptop,1
user_02734,Premium,2022-09-24,1,,Smart TV,
user_02735,Basic,2023-10-05,1,12.45,Mobile,
user_02736,Standard,2025-05-21,1,8.07,Desktop,1
user_02737,Standard,2023-04-07,1,43.18,Desktop,3
user_02738,Premium,2025-07-08,1,13.6,Smart TV,3
user_02739,Premium+,2024-09-11,1,15.4,Smart TV,4
user_02740,Standard,2023-05-05,1,7.73,Tablet,3
user_02741,Premium,2024-06-29,1,10.59,Mobile,5
user_02742,Standard,2022-10-25,1,2.19,Smart TV,4
user_02743,Basic,2024-09-20,1,2.2,Gaming Console,6
user_02744,Premium+,2022-10-11,1,1.85,Mobile,2
user_02745,Premium,2024-06-04,1,0.62,Laptop,3
user_02746,Standard,2022-10-13,1,14.71,Tablet,
user_02747,Premium,2024-12-30,1,10.27,Smart TV,2
user_02748,Premium,2024-03-23,1,4.69,Mobile,2
user_02749,Standard,2024-08-10,1,3.91,Laptop,
user_02750,Standard,2024-12-06,1,20.19,Smart TV,2
user_02751,Premium,2023-01-27,1,45.81,Desktop,4
user_02752,Premium,2024-07-19,1,,Gaming Console,1
user_02753,Standard,2023-12-02,1,,Desktop,4
user_02754,Premium,2022-10-21,1,8.49,Desktop,5
user_02755,Premium,2022-08-17,0,11.77,Mobile,2
user_02756,Basic,2022-08-08,1,15.33,Smart TV,1
user_02757,Basic,2023-01-19,0,6.7,Mobile,3
user_02758,Premium,2023-11-23,1,55.16,Desktop,3
user_02759,Standard,2025-06-21,1,20.37,Tablet,1
user_02760,Standard,2023-11-13,1,7.32,Desktop,5
user_02761,Basic,2023-07-20,1,17.1,Mobile,2
user_02762,Premium,2024-02-04,1,9.68,Desktop,4
user_02763,Standard,2023-03-31,1,8.91,Tablet,4
user_02764,Standard,2024-11-18,1,16.49,Gaming Console,5
user_02765,Basic,2023-07-13,1,19.7,Gaming Console,6
user_02766,Premium,2025-05-08,1,6.82,Desktop,1
user_02767,Basic,2022-10-28,1,26.3,Laptop,6
user_02768,Basic,2025-04-14,1,0.41,Smart TV,1
user_02769,Premium,2023-01-27,1,,Tablet,2
user_02770,Basic,2024-05-27,1,8.71,Mobile,1
user_02771,Premium+,2023-03-21,0,31.74,Gaming Console,4
user_02772,Standard,2024-08-30,1,5.62,Desktop,
user_02773,Premium,2023-02-04,1,17.61,Smart TV,2
user_02774,Premium,2025-03-24,1,48.7,Smart TV,1
user_02775,Basic,2024-06-22,1,28.95,Desktop,4
user_02776,Premium+,2024-08-04,1,11.98,Mobile,4
user_02777,Premium,2024-10-17,1,9.02,Desktop,2
user_02778,Standard,2025-07-02,0,23.65,Tablet,6
user_02779,Standard,2023-04-20,1,17.22,Mobile,4
user_02780,Premium+,2024-02-23,1,21.32,Tablet,1
user_02781,Basic,2023-09-28,1,19.05,Mobile,6
user_02782,Premium+,2023-10-02,0,4.7,Desktop,
user_02783,Standard,2025-02-09,1,7.88,Tablet,
user_02784,Basic,2024-08-15,1,37.29,Mobile,1
user_02785,Premium,2023-07-07,1,9.24,Tablet,4
user_02786,Premium,2025-05-15,1,29.62,Laptop,1
user_02787,Standard,2024-10-18,1,60.46,Tablet,
user_02788,Premium,2023-04-10,1,11.34,Mobile,3
user_02789,Premium,2025-05-26,0,15.18,Tablet,3
user_02790,Premium+,2024-03-02,1,6.65,Tablet,3
user_02791,Standard,2023-06-10,1,16.09,Mobile,2
user_02792,Basic,2024-06-17,0,14.3,Smart TV,3
user_02793,Standard,2022-12-26,1,,Desktop,1
user_02794,Premium,2025-05-22,1,16.16,Mobile,2
user_02795,Standard,2023-09-26,1,6.34,Mobile,4
user_02796,Basic,2025-03-22,1,5.91,Gaming Console,2
user_02797,Premium,2022-11-10,1,,Tablet,2
user_02798,Premium+,2024-10-26,1,25.46,Laptop,
user_02799,Premium+,2023-07-29,1,9.52,Tablet,8
user_02800,Premium+,2024-08-12,1,1.82,Mobile,2
user_02801,Standard,2023-08-24,1,7.46,Mobile,
user_02802,Premium,2023-02-01,0,,Smart TV,1
user_02803,Standard,2023-08-31,1,20.12,Laptop,1
user_02804,Standard,2025-04-28,1,28.2,Tablet,
user_02805,Premium,2025-01-07,1,4.69,Laptop,1
user_02806,Standard,2024-03-01,1,12.01,Tablet,1
user_02807,Standard,2024-06-24,1,1.54,Laptop,3
user_02808,Standard,2025-04-22,1,19.69,Desktop,3
user_02809,Standard,2024-12-29,1,31.09,Desktop,4
user_02810,Premium,2023-08-21,1,5.95,Smart TV,3
user_02811,Premium,2023-01-21,0,26.16,Gaming Console,
user_02812,Premium,2025-01-30,0,36.9,Gaming Console,2
user_02813,Standard,2025-07-05,1,341.82,Mobile,3
user_02814,Standard,2022-10-01,1,14.0,Tablet,1
user_02815,Basic,2024-01-31,1,7.74,Gaming Console,2
user_02816,Basic,2025-05-09,1,19.29,Laptop,1
user_02817,Basic,2023-06-06,1,60.41,Smart TV,1
user_02818,Standard,2023-11-19,1,8.25,Laptop,5
user_02819,Standard,2025-04-15,1,,Gaming Console,5
user_02820,Basic,2023-11-04,1,30.71,Gaming Console,2
user_02821,Standard,2022-11-08,1,14.19,Mobile,3
user_02822,Premium,2024-01-30,1,0.53,Desktop,4
user_02823,Premium,2025-06-05,1,8.3,Tablet,3
user_02824,Premium,2024-10-13,1,3.21,Tablet,2
user_02825,Basic,2024-11-22,1,12.67,Laptop,3
user_02826,Standard,2024-06-20,1,,Desktop,5
user_02827,Basic,2025-07-14,1,7.48,Gaming Console,4
user_02828,Basic,2024-05-25,1,18.59,Desktop,1
user_02829,Premium,2022-11-18,1,6.51,Mobile,2
user_02830,Premium,2023-08-29,1,7.67,Laptop,3
user_02831,Premium+,2022-10-11,1,,Tablet,2
user_02832,Standard,2024-07-06,1,6.85,Tablet,5
user_02833,Basic,2023-08-09,1,11.19,Mobile,
user_02834,Standard,2025-04-01,1,17.95,Gaming Console,1
user_02835,Premium,2023-04-28,1,,Desktop,
user_02836,Premium,2023-08-09,1,1.42,Desktop,2
user_02837,Standard,2024-09-30,1,13.69,Gaming Console,4
user_02838,Premium,2024-10-27,1,8.76,Gaming Console,2
user_02839,Premium,2023-01-22,1,,Desktop,1
user_02840,Premium,2023-01-04,1,16.0,Laptop,
user_02841,Standard,2025-06-09,1,35.61,Laptop,1
user_02842,Standard,2023-03-08,0,4.63,Tablet,4
user_02843,Premium,2023-07-30,1,19.57,Smart TV,1
user_02844,Premium,2024-02-20,0,9.58,Laptop,1
user_02845,Standard,2024-10-30,1,15.09,Tablet,3
user_02846,Premium,2025-03-09,0,,Smart TV,4
user_02847,Premium,2024-08-18,1,8.95,Desktop,
user_02848,Premium+,2024-02-02,1,15.3,Laptop,1
user_02849,Premium,2025-03-17,1,18.42,Laptop,2
user_02850,Premium,2023-11-06,0,8.53,Laptop,3
user_02851,Basic,2024-04-16,1,22.24,Tablet,
user_02852,Premium,2024-05-12,0,817.54,Gaming Console,3
user_02853,Standard,2024-10-17,1,,Mobile,
user_02854,Premium,2022-12-21,1,7.25,Mobile,1
user_02855,Standard,2024-04-17,1,15.34,Desktop,2
user_02856,Standard,2023-07-19,1,7.92,Tablet,
user_02857,Standard,2023-06-12,1,10.6,Smart TV,3
user_02858,Premium,2024-09-07,1,20.9,Tablet,2
user_02859,Premium,2025-06-17,1,11.15,Gaming Console,
user_02860,Basic,2024-08-26,0,12.89,Desktop,
user_02861,Premium,2023-11-09,0,7.18,Desktop,5
user_02862,Standard,2025-07-09,1,5.98,Laptop,
user_02863,Basic,2023-03-28,1,16.9,Tablet,3
user_02864,Standard,2023-10-11,1,20.21,Tablet,1
user_02865,Premium,2024-06-10,1,57.0,Desktop,1
user_02866,Standard,2024-07-01,1,9.13,Desktop,
user_02867,Standard,2025-05-30,1,945.47,Desktop,1
user_02868,Premium,2023-03-26,1,20.16,Desktop,2
user_02869,Basic,2022-09-29,1,18.43,Tablet,2
user_02870,Premium,2024-11-01,1,10.22,Desktop,4
user_02871,Premium+,2022-09-05,1,9.39,Laptop,2
user_02872,Basic,2024-10-02,1,19.01,Gaming Console,4
user_02873,Standard,2024-12-07,1,9.32,Tablet,3
user_02874,Standard,2024-09-16,1,68.52,Laptop,2
user_02875,Standard,2024-09-06,1,612.58,Smart TV,
user_02876,Standard,2024-02-13,1,14.56,Laptop,1
user_02877,Premium,2022-08-03,1,27.76,Desktop,1
user_02878,Standard,2023-11-05,1,35.96,Mobile,2
user_02879,Basic,2023-01-31,1,12.09,Gaming Console,4
user_02880,Premium,2023-05-14,1,8.47,Tablet,2
user_02881,Premium,2024-10-11,1,,Smart TV,5
user_02882,Standard,2023-11-25,0,6.17,Desktop,4
user_02883,Standard,2024-06-03,1,1.5,Desktop,2
user_02884,Basic,2023-03-20,1,8.27,Desktop,3
user_02885,Standard,2024-10-13,1,32.37,Smart TV,2
user_02886,Standard,2022-10-04,1,4.63,Smart TV,4
user_02887,Standard,2025-06-21,1,10.02,Mobile,2
user_02888,Basic,2024-08-29,1,47.52,Laptop,2
user_02889,Standard,2024-03-02,0,12.12,Tablet,2
user_02890,Premium,2025-02-16,0,3.64,Smart TV,2
user_02891,Standard,2024-02-28,1,35.84,Smart TV,
user_02892,Premium,2023-07-08,1,4.48,Mobile,4
user_02893,Premium,2023-12-15,0,7.63,Tablet,4
user_02894,Standard,2025-02-25,1,7.43,Tablet,4
user_02895,Premium,2025-05-17,1,4.84,Gaming Console,2
user_02896,Standard,2025-03-06,0,,Laptop,2
user_02897,Standard,2024-07-20,0,40.2,Smart TV,2
user_02898,Basic,2024-09-16,0,7.24,Laptop,1
user_02899,Premium,2024-04-26,1,,Laptop,
user_02900,Standard,2024-02-03,0,5.2,Laptop,1
user_02901,Premium+,2024-03-24,1,12.52,Desktop,2
user_02902,Standard,2023-05-06,1,11.99,Laptop,4
user_02903,Standard,2024-06-18,1,10.62,Desktop,4
user_02904,Premium,2022-09-02,1,9.19,Laptop,1
user_02905,Standard,2023-12-20,0,12.27,Tablet,6
user_02906,Standard,2024-01-28,1,14.28,Smart TV,1
user_02907,Premium,2024-12-06,1,23.67,Laptop,
user_02908,Standard,2024-02-17,1,22.87,Tablet,1
user_02909,Basic,2025-05-07,1,9.75,Desktop,
user_02910,Basic,2024-12-24,1,21.57,Laptop,2
user_02911,Standard,2025-04-26,1,12.17,Smart TV,6
user_02912,Basic,2024-07-28,1,25.81,Desktop,
user_02913,Premium,2023-09-27,1,9.62,Tablet,2
user_02914,Standard,2023-11-17,1,,Desktop,1
user_02915,Premium,2024-01-12,1,19.45,Gaming Console,3
user_02916,Premium,2024-09-03,1,7.56,Laptop,1
user_02917,Basic,2024-05-09,1,10.68,Tablet,1
user_02918,Premium,2024-02-16,1,17.91,Laptop,1
user_02919,Standard,2024-01-23,1,22.62,Mobile,3
user_02920,Premium,2024-01-04,1,21.94,Gaming Console,3
user_02921,Standard,2022-11-21,1,12.57,Tablet,4
user_02922,Premium,2025-02-13,1,8.86,Desktop,2
user_02923,Premium,2023-05-30,1,2.64,Smart TV,7
user_02924,Premium+,2024-01-24,1,15.52,Mobile,1
user_02925,Premium,2023-07-31,1,43.12,Smart TV,2
user_02926,Premium,2024-11-21,1,33.91,Mobile,1
user_02927,Basic,2024-09-07,1,6.13,Laptop,2
user_02928,Premium,2024-09-05,1,5.83,Laptop,3
user_02929,Premium+,2025-05-10,1,,Desktop,3
user_02930,Basic,2023-01-26,1,18.69,Desktop,1
user_02931,Standard,2023-04-05,1,5.73,Tablet,5
user_02932,Premium+,2024-06-09,1,12.92,Gaming Console,3
user_02933,Premium,2023-03-04,1,10.24,Smart TV,3
user_02934,Premium,2022-08-20,1,,Smart TV,2
user_02935,Premium,2024-05-16,1,35.73,Mobile,1
user_02936,Premium,2023-03-12,1,4.6,Mobile,6
user_02937,Standard,2023-02-13,1,11.07,Smart TV,7
user_02938,Premium+,2023-12-02,1,13.21,Tablet,7
user_02939,Premium,2023-07-29,1,6.05,Mobile,4
user_02940,Standard,2025-05-26,1,18.18,Smart TV,2
user_02941,Premium,2024-05-19,0,41.29,Mobile,5
user_02942,Standard,2022-12-23,1,1.32,Desktop,
user_02943,Premium,2025-03-05,1,32.43,Tablet,5
user_02944,Premium,2024-07-28,0,8.48,Gaming Console,
user_02945,Premium,2022-11-19,0,12.0,Desktop,2
user_02946,Premium+,2024-07-17,1,11.47,Laptop,1
user_02947,Basic,2025-04-24,1,,Smart TV,1
user_02948,Standard,2025-02-15,1,30.42,Gaming Console,3
user_02949,Premium,2024-12-18,1,17.02,Mobile,3
user_02950,Standard,2024-12-03,1,8.9,Gaming Console,4
user_02951,Premium+,2023-08-11,1,21.68,Desktop,4
user_02952,Premium+,2024-11-15,0,18.52,Tablet,4
user_02953,Premium,2025-06-09,1,15.01,Tablet,
user_02954,Basic,2023-03-06,1,12.51,Laptop,1
user_02955,Premium+,2024-07-04,1,18.21,Tablet,2
user_02956,Premium,2023-03-22,1,12.63,Gaming Console,3
user_02957,Premium,2023-08-16,1,11.4,Gaming Console,3
user_02958,Standard,2023-05-15,1,5.96,Mobile,
user_02959,Premium,2025-03-07,1,10.74,Gaming Console,6
user_02960,Standard,2025-05-29,0,23.57,Tablet,6
user_02961,Standard,2024-08-28,1,8.97,Laptop,6
user_02962,Standard,2025-02-25,0,4.54,Desktop,1
user_02963,Premium,2022-09-03,1,18.03,Gaming Console,2
user_02964,Basic,2024-06-12,1,20.29,Laptop,2
user_02965,Standard,2023-06-11,1,24.34,Mobile,
user_02966,Standard,2024-05-12,1,9.81,Gaming Console,2
user_02967,Premium,2024-11-15,1,,Desktop,
user_02968,Premium+,2023-02-17,0,10.77,Smart TV,7
user_02969,Premium,2023-07-07,1,30.55,Gaming Console,2
user_02970,Standard,2025-08-01,1,9.61,Desktop,3
user_02971,Standard,2022-09-28,1,19.62,Tablet,2
user_02972,Standard,2024-05-11,1,9.8,Mobile,3
user_02973,Standard,2024-09-20,0,19.57,Gaming Console,1
user_02974,Basic,2024-02-29,1,4.52,Gaming Console,2
user_02975,Basic,2023-02-04,0,7.08,Tablet,2
user_02976,Basic,2022-11-12,0,20.09,Desktop,1
user_02977,Premium,2023-08-05,1,34.09,Smart TV,8
user_02978,Standard,2025-03-13,1,,Smart TV,5
user_02979,Premium+,2023-04-13,1,28.91,Tablet,1
user_02980,Premium,2024-10-18,1,15.73,Desktop,
user_02981,Basic,2025-05-17,1,35.44,Gaming Console,4
user_02982,Premium+,2022-10-18,1,26.74,Mobile,2
user_02983,Standard,2024-11-21,1,20.87,Gaming Console,7
user_02984,Basic,2024-11-07,0,17.47,Desktop,
user_02985,Premium,2025-03-06,1,4.58,Smart TV,3
user_02986,Basic,2024-12-11,1,20.16,Gaming Console,3
user_02987,Standard,2025-02-26,1,8.74,Smart TV,1
user_02988,Standard,2022-11-24,1,7.91,Laptop,
user_02989,Premium,2023-02-23,1,12.7,Tablet,4
user_02990,Premium+,2024-03-16,1,3.94,Desktop,2
user_02991,Basic,2023-08-14,1,3.99,Desktop,3
user_02992,Standard,2024-06-01,1,25.29,Desktop,
user_02993,Standard,2023-09-22,1,39.59,Gaming Console,1
user_02994,Basic,2025-05-20,1,14.54,Desktop,5
user_02995,Basic,2024-11-03,1,17.68,Laptop,2
user_02996,Standard,2025-03-05,1,6.43,Mobile,
user_02997,Basic,2023-03-22,1,16.7,Gaming Console,
user_02998,Standard,2024-01-11,1,19.52,Gaming Console,2
user_02999,Basic,2025-03-07,1,44.26,Laptop,3
user_03000,Premium,2023-10-10,0,12.09,Gaming Console,5
user_03001,Basic,2023-01-05,1,7.38,Desktop,3
user_03002,Premium,2024-10-06,1,10.68,Tablet,1
user_03003,Standard,2023-03-02,1,18.71,Tablet,5
user_03004,Standard,2025-01-28,1,5.27,Tablet,2
user_03005,Premium+,2022-12-07,1,46.09,Desktop,3
user_03006,Premium+,2024-08-12,1,43.24,Tablet,2
user_03007,Premium,2023-02-19,1,1.17,Desktop,4
user_03008,Premium,2024-12-01,1,24.18,Laptop,2
user_03009,Premium+,2025-06-09,0,12.89,Tablet,1
user_03010,Standard,2024-11-25,1,8.43,Mobile,2
user_03011,Standard,2023-11-23,1,18.26,Gaming Console,2
user_03012,Standard,2023-09-30,1,21.6,Desktop,3
user_03013,Premium+,2023-01-01,0,41.75,Gaming Console,
user_03014,Standard,2023-11-30,1,3.03,Gaming Console,3
user_03015,Standard,2024-03-26,1,30.32,Desktop,3
user_03016,Basic,2023-01-04,1,21.77,Smart TV,1
user_03017,Premium,2023-12-27,1,15.66,Mobile,5
user_03018,Premium,2022-10-30,1,13.13,Smart TV,1
user_03019,Standard,2023-08-10,1,20.93,Gaming Console,
user_03020,Standard,2024-11-18,1,31.78,Mobile,1
user_03021,Standard,2023-04-21,1,,Laptop,1
user_03022,Premium,2023-04-17,1,21.61,Tablet,4
user_03023,Premium,2023-01-12,0,21.26,Tablet,2
user_03024,Standard,2025-04-17,0,6.84,Laptop,4
user_03025,Basic,2023-03-21,1,,Tablet,3
user_03026,Basic,2024-12-26,1,20.54,Tablet,3
user_03027,Premium,2023-07-03,1,10.56,Smart TV,3
user_03028,Basic,2024-10-08,1,9.22,Tablet,1
user_03029,Premium,2022-08-07,1,35.62,Gaming Console,8
user_03030,Standard,2023-06-17,1,1.35,Desktop,4
user_03031,Premium,2025-04-19,1,709.15,Laptop,4
user_03032,Basic,2023-11-10,1,20.24,Desktop,2
user_03033,Premium,2025-02-12,1,7.81,Mobile,3
user_03034,Standard,2023-01-30,1,11.02,Laptop,4
user_03035,Standard,2023-02-26,1,,Mobile,
user_03036,Premium,2022-12-09,1,40.27,Smart TV,2
user_03037,Standard,2023-01-27,1,19.89,Laptop,4
user_03038,Premium,2024-06-26,1,,Laptop,2
user_03039,Premium,2023-05-29,1,28.53,Tablet,4
user_03040,Standard,2023-01-25,0,8.85,Tablet,5
user_03041,Premium,2023-08-16,1,11.56,Gaming Console,4
user_03042,Premium,2024-02-06,1,8.41,Gaming Console,7
user_03043,Premium,2023-03-30,1,3.61,Desktop,4
user_03044,Premium,2023-07-18,1,49.62,Smart TV,
user_03045,Standard,2022-09-30,1,20.84,Smart TV,1
user_03046,Standard,2025-02-10,1,4.64,Gaming Console,2
user_03047,Basic,2022-12-30,1,16.2,Laptop,3
user_03048,Premium+,2023-11-23,1,7.74,Gaming Console,7
user_03049,Premium+,2023-04-20,0,19.38,Tablet,4
user_03050,Premium+,2023-05-21,1,20.32,Laptop,3
user_03051,Standard,2023-07-07,0,17.2,Gaming Console,
user_03052,Premium,2024-03-10,1,17.61,Smart TV,2
user_03053,Premium,2024-09-02,1,16.26,Tablet,5
user_03054,Standard,2022-09-14,1,18.3,Tablet,2
user_03055,Premium,2023-11-20,1,10.2,Tablet,1
user_03056,Basic,2022-12-28,1,5.41,Smart TV,2
user_03057,Premium+,2024-06-09,1,19.63,Tablet,4
user_03058,Premium+,2023-06-19,1,836.4,Desktop,
user_03059,Standard,2024-05-31,1,11.33,Tablet,3
user_03060,Standard,2022-08-13,0,13.65,Gaming Console,4
user_03061,Premium,2022-12-10,1,,Gaming Console,4
user_03062,Basic,2022-11-29,1,,Desktop,1
user_03063,Premium,2025-06-17,1,7.8,Laptop,1
user_03064,Basic,2024-09-23,0,2.92,Mobile,
user_03065,Standard,2023-10-11,1,,Laptop,2
user_03066,Premium,2023-05-29,1,,Smart TV,3
user_03067,Standard,2022-09-14,1,9.5,Gaming Console,3
user_03068,Premium+,2025-03-07,1,13.56,Tablet,
user_03069,Premium,2025-02-28,0,16.06,Gaming Console,
user_03070,Premium,2025-07-13,1,5.91,Laptop,
user_03071,Standard,2023-09-05,1,13.6,Laptop,3
user_03072,Standard,2024-04-12,1,17.9,Desktop,1
user_03073,Standard,2024-09-27,0,5.45,Tablet,3
user_03074,Standard,2025-01-08,1,13.44,Smart TV,
user_03075,Premium,2023-03-28,1,14.0,Laptop,
user_03076,Basic,2025-05-29,0,19.21,Tablet,4
user_03077,Premium,2023-09-29,1,17.99,Tablet,2
user_03078,Standard,2023-07-17,1,18.73,Laptop,5
user_03079,Premium,2022-11-23,1,11.91,Smart TV,3
user_03080,Basic,2024-05-03,1,5.39,Mobile,1
user_03081,Premium+,2024-05-13,1,,Gaming Console,5
user_03082,Basic,2024-10-09,1,3.51,Mobile,2
user_03083,Basic,2025-05-15,0,5.82,Mobile,1
user_03084,Basic,2024-01-21,1,7.13,Desktop,2
user_03085,Basic,2024-12-04,1,2.45,Laptop,3
user_03086,Standard,2023-04-16,1,2.34,Laptop,1
user_03087,Basic,2024-11-12,1,12.93,Tablet,3
user_03088,Standard,2023-11-26,1,4.82,Laptop,
user_03089,Standard,2023-02-14,1,9.26,Mobile,5
user_03090,Premium,2022-11-30,1,15.92,Mobile,2
user_03091,Premium+,2024-01-05,1,33.86,Gaming Console,
user_03092,Premium+,2025-04-04,1,8.75,Smart TV,2
user_03093,Premium,2024-07-05,1,,Tablet,4
user_03094,Basic,2024-03-09,1,13.61,Tablet,4
user_03095,Premium,2025-05-22,1,,Laptop,
user_03096,Basic,2024-02-18,1,3.08,Mobile,4
user_03097,Standard,2024-04-27,1,28.96,Mobile,2
user_03098,Premium,2024-12-18,1,18.28,Desktop,3
user_03099,Basic,2024-01-21,1,8.39,Mobile,1
user_03100,Basic,2022-11-17,1,3.61,Smart TV,3
user_03101,Standard,2024-05-29,1,15.06,Gaming Console,6
user_03102,Basic,2025-06-30,0,9.81,Laptop,1
user_03103,Standard,2023-01-07,1,11.19,Tablet,1
user_03104,Standard,2024-09-08,1,11.57,Desktop,
user_03105,Basic,2024-11-08,1,28.04,Gaming Console,3
user_03106,Standard,2023-10-30,1,,Tablet,5
user_03107,Premium,2022-12-19,1,12.33,Tablet,4
user_03108,Basic,2023-05-30,1,12.56,Desktop,
user_03109,Premium,2023-07-22,1,25.89,Laptop,2
user_03110,Premium,2023-05-06,1,11.5,Laptop,1
user_03111,Premium,2025-03-11,1,5.75,Laptop,1
user_03112,Basic,2024-04-23,1,26.63,Tablet,2
user_03113,Basic,2024-01-16,1,20.53,Smart TV,6
user_03114,Standard,2023-02-20,1,28.14,Gaming Console,5
user_03115,Premium+,2025-05-03,1,27.4,Smart TV,3
user_03116,Standard,2024-01-30,1,14.33,Smart TV,3
user_03117,Premium,2024-03-10,1,12.73,Mobile,6
user_03118,Premium,2023-08-10,1,14.36,Tablet,6
user_03119,Basic,2024-03-31,1,13.25,Tablet,3
user_03120,Standard,2024-08-15,1,947.18,Mobile,1
user_03121,Standard,2023-06-28,1,14.09,Gaming Console,3
user_03122,Standard,2023-05-24,1,13.23,Tablet,2
user_03123,Standard,2025-02-03,1,17.86,Mobile,5
user_03124,Basic,2023-01-25,0,13.73,Laptop,
user_03125,Standard,2023-04-17,1,10.03,Desktop,6
user_03126,Standard,2024-11-22,1,2.58,Desktop,1
user_03127,Premium+,2022-11-01,1,,Mobile,
user_03128,Standard,2022-11-07,1,6.91,Desktop,6
user_03129,Premium+,2024-09-20,1,11.07,Gaming Console,2
user_03130,Premium,2023-12-06,1,10.79,Gaming Console,2
user_03131,Premium,2024-05-10,1,5.44,Tablet,6
user_03132,Basic,2024-04-30,1,25.57,Smart TV,3
user_03133,Standard,2025-06-10,1,16.72,Tablet,7
user_03134,Premium,2024-12-24,1,20.38,Laptop,1
user_03135,Standard,2022-11-17,1,18.24,Desktop,6
user_03136,Standard,2025-01-26,0,4.15,Gaming Console,2
user_03137,Standard,2025-03-30,1,12.55,Mobile,5
user_03138,Premium,2025-03-06,0,15.28,Desktop,4
user_03139,Premium,2024-01-18,1,53.29,Gaming Console,2
user_03140,Basic,2024-06-20,1,41.1,Laptop,2
user_03141,Basic,2024-11-19,1,12.52,Desktop,3
user_03142,Premium,2025-01-24,1,28.1,Mobile,5
user_03143,Premium,2022-10-18,1,27.05,Tablet,5
user_03144,Basic,2024-07-23,1,60.04,Desktop,3
user_03145,Standard,2025-07-27,1,15.21,Gaming Console,
user_03146,Premium,2024-02-10,1,10.56,Tablet,1
user_03147,Premium+,2024-08-15,1,13.31,Laptop,3
user_03148,Standard,2023-01-12,1,19.18,Gaming Console,1
user_03149,Premium,2025-03-17,1,9.7,Gaming Console,2
user_03150,Basic,2024-02-20,1,5.71,Smart TV,2
user_03151,Standard,2023-04-15,1,3.45,Laptop,1
user_03152,Premium+,2024-03-11,1,26.22,Gaming Console,
user_03153,Standard,2025-01-16,1,16.88,Laptop,2
user_03154,Basic,2023-05-07,1,15.1,Gaming Console,2
user_03155,Standard,2022-09-20,1,14.39,Smart TV,5
user_03156,Standard,2024-07-27,1,14.21,Gaming Console,4
user_03157,Premium,2022-09-05,1,7.45,Laptop,1
user_03158,Premium,2022-08-04,1,23.2,Desktop,4
user_03159,Premium+,2023-04-13,1,41.1,Mobile,5
user_03160,Basic,2023-12-22,0,16.48,Desktop,
user_03161,Premium,2022-12-06,0,41.23,Smart TV,7
user_03162,Premium,2025-03-15,1,8.56,Mobile,7
user_03163,Premium,2023-04-16,1,,Mobile,
user_03164,Premium,2025-07-24,0,28.64,Smart TV,5
user_03165,Basic,2025-05-19,1,13.17,Desktop,1
user_03166,Standard,2024-06-13,1,13.31,Desktop,2
user_03167,Standard,2024-11-21,1,,Desktop,5
user_03168,Premium,2022-12-11,1,19.45,Laptop,
user_03169,Standard,2023-02-10,0,8.62,Gaming Console,1
user_03170,Premium+,2023-04-23,1,19.63,Mobile,5
user_03171,Basic,2024-07-18,1,15.18,Smart TV,6
user_03172,Premium,2024-08-27,1,13.23,Gaming Console,2
user_03173,Premium+,2023-04-23,1,21.98,Mobile,3
user_03174,Basic,2024-05-06,1,,Tablet,4
user_03175,Premium,2024-07-12,1,14.58,Laptop,1
user_03176,Standard,2023-07-09,1,14.22,Laptop,4
user_03177,Basic,2023-02-27,1,11.92,Smart TV,1
user_03178,Standard,2025-06-04,0,16.73,Desktop,3
user_03179,Premium,2024-05-29,1,32.23,Smart TV,6
user_03180,Standard,2022-10-04,1,20.78,Laptop,4
user_03181,Basic,2022-08-30,1,8.82,Tablet,3
user_03182,Standard,2024-01-26,0,8.92,Smart TV,2
user_03183,Basic,2024-03-15,1,4.1,Gaming Console,4
user_03184,Premium,2024-01-01,1,7.39,Tablet,4
user_03185,Standard,2023-12-11,1,19.19,Smart TV,1
user_03186,Standard,2023-03-10,1,60.87,Gaming Console,6
user_03187,Standard,2024-01-31,1,19.89,Laptop,3
user_03188,Premium,2024-07-31,1,13.76,Gaming Console,4
user_03189,Standard,2025-07-06,1,31.2,Tablet,1
user_03190,Standard,2024-07-26,1,12.31,Gaming Console,4
user_03191,Premium,2024-11-07,0,3.33,Laptop,2
user_03192,Basic,2025-07-26,0,5.95,Desktop,
user_03193,Premium,2025-07-26,1,15.86,Laptop,6
user_03194,Basic,2023-06-08,1,12.16,Desktop,
user_03195,Standard,2023-10-03,1,,Smart TV,2
user_03196,Standard,2022-09-13,1,8.55,Tablet,4
user_03197,Premium,2024-07-15,1,5.63,Gaming Console,2
user_03198,Standard,2025-05-02,0,52.07,Gaming Console,
user_03199,Standard,2024-04-07,1,11.28,Laptop,6
user_03200,Standard,2023-01-17,1,6.71,Gaming Console,1
user_03201,Basic,2023-03-23,1,14.28,Tablet,2
user_03202,Premium,2023-05-19,1,3.19,Smart TV,1
user_03203,Standard,2023-02-07,1,22.85,Smart TV,3
user_03204,Basic,2025-06-11,1,35.79,Desktop,
user_03205,Premium,2023-05-16,1,13.22,Desktop,1
user_03206,Premium+,2023-05-13,1,6.67,Tablet,2
user_03207,Standard,2023-01-03,0,,Gaming Console,
user_03208,Premium,2023-02-10,1,42.1,Smart TV,
user_03209,Premium,2023-03-25,1,6.74,Desktop,2
user_03210,Premium,2022-10-31,1,3.09,Laptop,
user_03211,Premium,2024-03-22,1,5.74,Laptop,4
user_03212,Standard,2025-04-15,0,16.26,Smart TV,4
user_03213,Premium,2024-10-20,1,11.78,Tablet,
user_03214,Standard,2024-05-02,1,15.7,Mobile,4
user_03215,Premium,2023-07-26,1,26.2,Tablet,2
user_03216,Premium+,2024-01-25,1,23.84,Gaming Console,5
user_03217,Premium,2024-06-03,1,35.89,Tablet,2
user_03218,Premium+,2024-06-14,1,22.48,Mobile,4
user_03219,Premium,2024-10-11,1,15.64,Mobile,2
user_03220,Premium,2025-02-25,1,28.89,Gaming Console,5
user_03221,Standard,2025-06-02,1,17.48,Tablet,4
user_03222,Premium,2024-01-25,1,16.47,Laptop,3
user_03223,Premium,2025-04-18,1,15.38,Gaming Console,1
user_03224,Standard,2023-10-18,1,8.42,Tablet,6
user_03225,Basic,2024-08-01,1,18.2,Tablet,2
user_03226,Standard,2025-03-02,1,18.64,Mobile,1
user_03227,Premium,2024-02-28,1,10.09,Gaming Console,1
user_03228,Premium,2023-04-02,1,14.08,Desktop,2
user_03229,Standard,2025-04-12,1,12.64,Laptop,2
user_03230,Standard,2025-04-19,1,10.79,Tablet,1
user_03231,Standard,2023-02-11,1,5.75,Smart TV,
user_03232,Premium,2024-11-02,1,,Smart TV,
user_03233,Premium,2022-08-18,1,,Gaming Console,3
user_03234,Basic,2025-07-14,1,13.68,Mobile,1
user_03235,Premium,2023-12-05,1,5.67,Smart TV,1
user_03236,Standard,2023-01-02,1,9.19,Laptop,1
user_03237,Premium+,2024-07-04,0,5.63,Mobile,1
user_03238,Premium+,2024-07-03,1,8.12,Mobile,1
user_03239,Standard,2024-12-27,1,11.54,Tablet,1
user_03240,Standard,2023-04-10,0,25.68,Gaming Console,2
user_03241,Premium,2024-08-01,1,8.35,Smart TV,1
user_03242,Premium,2023-12-16,1,,Gaming Console,
user_03243,Standard,2024-09-12,1,5.95,Laptop,2
user_03244,Basic,2023-04-11,1,2.21,Smart TV,3
user_03245,Basic,2025-06-14,1,18.67,Desktop,4
user_03246,Premium,2025-01-31,1,,Mobile,4
user_03247,Standard,2024-02-05,0,21.46,Tablet,3
user_03248,Standard,2024-09-26,1,,Gaming Console,7
user_03249,Basic,2024-02-27,1,38.01,Tablet,1
user_03250,Premium,2023-05-08,1,9.14,Laptop,
user_03251,Standard,2022-08-10,1,20.34,Tablet,2
user_03252,Premium,2023-04-02,1,13.59,Smart TV,2
user_03253,Basic,2024-04-17,0,,Laptop,2
user_03254,Standard,2025-02-14,1,15.63,Desktop,
user_03255,Premium+,2023-05-08,0,31.91,Mobile,6
user_03256,Standard,2025-07-10,1,19.22,Mobile,2
user_03257,Basic,2022-12-17,1,16.11,Laptop,1
user_03258,Standard,2023-12-10,1,11.48,Laptop,2
user_03259,Standard,2023-07-25,1,8.0,Laptop,5
user_03260,Basic,2025-04-20,1,13.56,Laptop,1
user_03261,Premium,2023-02-09,1,10.89,Laptop,4
user_03262,Premium,2022-10-15,1,5.51,Gaming Console,1
user_03263,Standard,2023-03-05,1,41.41,Tablet,2
user_03264,Standard,2025-05-03,1,3.11,Mobile,6
user_03265,Basic,2025-04-21,1,21.35,Desktop,
user_03266,Standard,2024-10-24,1,25.8,Gaming Console,1
user_03267,Standard,2023-06-26,1,10.93,Mobile,
user_03268,Premium,2023-06-17,1,10.34,Gaming Console,1
user_03269,Premium,2022-10-30,1,7.68,Desktop,
user_03270,Premium,2025-07-14,1,29.24,Tablet,2
user_03271,Premium,2024-12-18,1,19.9,Desktop,3
user_03272,Premium,2023-09-08,1,13.26,Mobile,6
user_03273,Premium,2024-04-04,1,33.3,Tablet,4
user_03274,Premium+,2023-09-15,1,34.68,Gaming Console,2
user_03275,Premium+,2025-05-15,1,18.24,Laptop,4
user_03276,Premium,2022-09-01,1,3.54,Mobile,1
user_03277,Premium,2023-02-01,1,10.33,Laptop,2
user_03278,Premium+,2024-07-30,1,3.87,Tablet,2
user_03279,Premium,2023-08-31,1,23.98,Mobile,
user_03280,Standard,2023-03-24,1,24.95,Laptop,
user_03281,Premium+,2023-09-16,1,28.46,Gaming Console,2
user_03282,Basic,2023-05-08,1,9.44,Tablet,1
user_03283,Premium,2022-11-19,1,1.51,Tablet,1
user_03284,Premium,2025-03-05,1,17.96,Gaming Console,2
user_03285,Basic,2024-01-25,1,3.47,Gaming Console,
user_03286,Premium+,2025-03-12,1,11.56,Smart TV,1
user_03287,Basic,2024-07-14,0,26.41,Mobile,3
user_03288,Standard,2025-03-09,0,24.92,Tablet,5
user_03289,Premium+,2025-04-21,1,10.95,Gaming Console,1
user_03290,Standard,2023-08-14,1,14.49,Tablet,
user_03291,Standard,2025-07-02,1,5.6,Gaming Console,3
user_03292,Premium,2024-01-21,1,6.5,Mobile,2
user_03293,Premium,2023-02-12,1,16.18,Gaming Console,4
user_03294,Premium+,2023-01-24,1,17.6,Desktop,4
user_03295,Basic,2025-01-14,1,20.51,Smart TV,
user_03296,Premium,2025-01-24,0,4.73,Smart TV,4
user_03297,Standard,2022-10-05,1,36.12,Mobile,1
user_03298,Premium,2024-04-11,0,9.37,Gaming Console,4
user_03299,Standard,2023-07-15,1,3.4,Tablet,4
user_03300,Premium,2023-06-14,1,30.05,Gaming Console,3
user_03301,Standard,2023-02-06,1,1.71,Mobile,
user_03302,Standard,2024-01-21,1,16.54,Gaming Console,4
user_03303,Basic,2023-05-21,0,5.51,Laptop,4
user_03304,Premium,2025-06-13,1,8.1,Mobile,1
user_03305,Premium,2025-07-19,1,13.33,Desktop,1
user_03306,Basic,2024-09-02,1,33.54,Mobile,2
user_03307,Standard,2024-01-03,0,833.07,Laptop,4
user_03308,Basic,2023-11-24,1,9.01,Mobile,1
user_03309,Basic,2024-06-11,1,10.04,Mobile,3
user_03310,Premium+,2024-03-20,1,,Mobile,3
user_03311,Standard,2024-01-04,1,46.9,Tablet,2
user_03312,Basic,2024-12-19,1,14.93,Tablet,
user_03313,Basic,2024-03-29,1,18.18,Tablet,3
user_03314,Premium,2023-10-12,1,7.56,Mobile,1
user_03315,Premium+,2024-11-27,1,2.78,Desktop,3
user_03316,Standard,2023-12-28,0,12.94,Tablet,
user_03317,Premium+,2023-10-25,1,33.75,Mobile,7
user_03318,Premium+,2024-08-26,1,3.95,Tablet,3
user_03319,Premium,2023-02-21,1,14.47,Tablet,3
user_03320,Standard,2023-07-28,1,7.34,Laptop,2
user_03321,Basic,2024-08-12,1,16.46,Gaming Console,4
user_03322,Basic,2023-10-30,1,9.16,Smart TV,5
user_03323,Premium,2024-03-16,0,31.29,Tablet,3
user_03324,Premium,2023-02-27,0,8.1,Tablet,2
user_03325,Premium,2025-03-09,1,18.41,Smart TV,
user_03326,Standard,2025-01-10,1,18.69,Laptop,3
user_03327,Premium,2023-11-25,1,,Laptop,1
user_03328,Premium+,2023-06-04,1,8.92,Mobile,3
user_03329,Basic,2022-09-13,1,18.22,Desktop,
user_03330,Standard,2023-03-02,1,25.2,Desktop,2
user_03331,Standard,2025-03-21,1,21.62,Mobile,3
user_03332,Standard,2023-08-04,1,25.99,Mobile,3
user_03333,Premium,2024-01-02,1,23.85,Smart TV,
user_03334,Premium,2024-12-08,1,38.02,Mobile,3
user_03335,Premium+,2024-11-05,1,,Desktop,3
user_03336,Premium,2023-07-18,1,9.6,Smart TV,4
user_03337,Standard,2024-02-17,1,24.0,Desktop,4
user_03338,Standard,2025-07-06,1,16.92,Desktop,2
user_03339,Basic,2023-12-06,0,11.05,Laptop,
user_03340,Standard,2023-01-02,0,28.03,Desktop,1
user_03341,Standard,2024-07-15,1,,Laptop,
user_03342,Premium,2024-08-14,1,,Mobile,
user_03343,Standard,2023-06-09,1,15.81,Gaming Console,
user_03344,Premium,2023-01-20,1,10.35,Mobile,1
user_03345,Standard,2022-09-09,0,254.95,Tablet,4
user_03346,Premium,2025-05-15,1,28.57,Tablet,3
user_03347,Basic,2023-01-21,1,8.7,Laptop,3
user_03348,Standard,2025-06-07,1,20.35,Laptop,3
user_03349,Premium,2022-08-24,1,6.32,Tablet,1
user_03350,Standard,2023-03-08,1,47.81,Laptop,2
user_03351,Premium+,2024-10-12,1,1.77,Smart TV,2
user_03352,Premium,2025-03-22,1,32.76,Mobile,
user_03353,Standard,2023-12-21,1,9.25,Desktop,3
user_03354,Standard,2025-02-14,1,4.86,Gaming Console,1
user_03355,Premium+,2024-09-14,1,19.07,Laptop,3
user_03356,Basic,2024-02-04,1,21.78,Gaming Console,4
user_03357,Basic,2025-04-06,1,54.01,Tablet,2
user_03358,Premium+,2023-11-05,1,16.19,Laptop,
user_03359,Basic,2025-06-02,1,22.24,Mobile,3
user_03360,Premium,2025-02-18,1,12.45,Smart TV,3
user_03361,Premium,2024-04-27,1,4.94,Mobile,1
user_03362,Basic,2025-01-14,1,6.23,Smart TV,3
user_03363,Standard,2024-08-11,1,24.47,Desktop,3
user_03364,Standard,2022-09-28,0,26.97,Gaming Console,2
user_03365,Premium+,2024-04-09,1,36.83,Mobile,3
user_03366,Standard,2025-02-22,1,25.15,Tablet,
user_03367,Standard,2024-06-16,0,6.12,Mobile,1
user_03368,Standard,2024-08-02,1,19.13,Tablet,6
user_03369,Premium,2024-03-04,1,2.58,Smart TV,4
user_03370,Premium+,2024-09-19,1,0.51,Smart TV,2
user_03371,Standard,2024-03-08,1,9.43,Desktop,1
user_03372,Standard,2025-06-08,1,9.3,Smart TV,3
user_03373,Basic,2024-12-12,1,33.51,Gaming Console,1
user_03374,Basic,2023-11-16,1,18.59,Gaming Console,2
user_03375,Premium,2025-06-10,1,3.45,Smart TV,1
user_03376,Premium,2025-04-29,1,6.27,Desktop,
user_03377,Premium,2022-08-22,1,47.54,Tablet,2
user_03378,Premium,2024-09-26,0,16.83,Tablet,5
user_03379,Premium+,2022-12-16,1,24.72,Mobile,5
user_03380,Basic,2025-01-29,1,5.24,Gaming Console,1
user_03381,Basic,2025-01-28,1,,Gaming Console,3
user_03382,Premium,2025-05-12,0,40.33,Mobile,2
user_03383,Premium,2024-06-12,1,20.98,Desktop,2
user_03384,Premium+,2025-03-15,1,13.27,Mobile,2
user_03385,Premium,2024-05-21,1,20.79,Smart TV,2
user_03386,Premium,2024-11-17,1,5.89,Mobile,6
user_03387,Basic,2022-09-30,1,13.76,Smart TV,1
user_03388,Premium,2024-04-21,0,4.32,Laptop,
user_03389,Premium,2024-08-25,1,20.67,Laptop,7
user_03390,Standard,2024-03-29,0,12.74,Laptop,2
user_03391,Premium,2025-04-02,1,8.96,Mobile,3
user_03392,Premium,2024-05-22,1,4.45,Laptop,1
user_03393,Premium,2023-02-16,1,,Smart TV,2
user_03394,Premium,2023-07-01,1,13.39,Mobile,
user_03395,Premium,2023-01-05,1,4.46,Smart TV,
user_03396,Premium,2025-01-09,1,12.01,Tablet,
user_03397,Premium,2023-02-24,1,12.44,Gaming Console,4
user_03398,Standard,2023-03-14,1,286.35,Smart TV,5
user_03399,Standard,2022-10-28,0,8.42,Tablet,4
user_03400,Premium+,2024-10-26,1,8.06,Laptop,2
user_03401,Basic,2024-12-04,1,12.72,Mobile,
user_03402,Basic,2023-08-10,1,,Desktop,4
user_03403,Premium,2023-05-23,1,3.78,Smart TV,1
user_03404,Premium,2023-01-26,1,4.81,Desktop,2
user_03405,Premium,2023-05-31,1,17.74,Gaming Console,
user_03406,Basic,2023-04-11,1,21.84,Tablet,1
user_03407,Standard,2024-02-23,1,3.77,Gaming Console,2
user_03408,Basic,2023-01-12,1,8.95,Desktop,1
user_03409,Basic,2022-09-10,1,47.71,Smart TV,1
user_03410,Premium,2025-05-30,1,22.83,Gaming Console,3
user_03411,Basic,2023-08-25,0,24.91,Mobile,2
user_03412,Standard,2025-06-12,1,15.49,Tablet,
user_03413,Premium,2022-10-22,1,19.03,Laptop,2
user_03414,Premium+,2024-05-10,1,14.93,Desktop,5
user_03415,Standard,2023-10-17,1,33.87,Tablet,1
user_03416,Premium,2023-06-09,1,4.83,Mobile,3
user_03417,Premium,2024-01-18,1,2.96,Laptop,1
user_03418,Basic,2024-11-17,1,6.52,Gaming Console,1
user_03419,Basic,2022-09-09,0,4.77,Smart TV,5
user_03420,Premium+,2022-10-03,1,,Laptop,4
user_03421,Standard,2025-06-16,1,17.12,Gaming Console,1
user_03422,Premium,2024-05-13,1,5.19,Smart TV,1
user_03423,Basic,2024-08-08,1,25.07,Mobile,1
user_03424,Premium,2023-10-03,0,26.71,Desktop,6
user_03425,Standard,2023-07-22,1,3.81,Gaming Console,5
user_03426,Standard,2024-04-05,1,12.68,Desktop,6
user_03427,Premium+,2024-09-06,1,20.75,Mobile,2
user_03428,Premium,2023-08-14,1,20.7,Tablet,2
user_03429,Standard,2023-05-31,1,,Gaming Console,4
user_03430,Standard,2023-06-25,1,4.74,Tablet,1
user_03431,Standard,2022-08-24,1,,Gaming Console,3
user_03432,Premium,2023-11-01,0,,Desktop,1
user_03433,Standard,2024-03-18,1,9.4,Tablet,3
user_03434,Standard,2024-02-11,1,4.05,Laptop,5
user_03435,Premium,2022-11-28,0,3.21,Mobile,5
user_03436,Basic,2025-02-26,1,26.87,Desktop,
user_03437,Basic,2023-01-26,1,13.8,Mobile,2
user_03438,Basic,2024-06-18,1,9.47,Desktop,1
user_03439,Standard,2025-01-24,1,28.54,Desktop,4
user_03440,Standard,2025-06-01,1,8.9,Desktop,2
user_03441,Standard,2023-08-14,0,18.97,Desktop,
user_03442,Premium,2024-12-29,1,20.04,Smart TV,2
user_03443,Premium,2024-02-02,1,42.91,Smart TV,3
user_03444,Premium,2023-03-12,1,13.91,Mobile,
user_03445,Standard,2023-07-03,1,4.41,Mobile,2
user_03446,Basic,2023-06-18,1,4.44,Desktop,1
user_03447,Premium,2022-11-01,0,22.75,Desktop,2
user_03448,Premium,2023-09-27,1,9.77,Laptop,
user_03449,Standard,2023-12-29,1,,Tablet,3
user_03450,Premium,2025-06-08,1,,Desktop,2
user_03451,Premium+,2025-06-17,1,33.84,Laptop,
user_03452,Standard,2023-11-20,1,8.46,Laptop,4
user_03453,Standard,2023-09-27,1,31.2,Mobile,2
user_03454,Basic,2024-11-12,1,2.25,Gaming Console,2
user_03455,Premium,2024-02-22,1,10.62,Gaming Console,3
user_03456,Premium,2022-12-09,1,78.9,Smart TV,1
user_03457,Standard,2025-05-21,0,12.67,Gaming Console,
user_03458,Standard,2024-04-06,0,12.3,Tablet,8
user_03459,Standard,2025-06-23,0,6.23,Tablet,2
user_03460,Premium+,2024-10-12,1,15.68,Laptop,5
user_03461,Basic,2025-04-19,1,15.98,Tablet,2
user_03462,Standard,2025-03-24,1,,Desktop,2
user_03463,Premium,2024-04-10,1,,Desktop,6
user_03464,Basic,2024-08-31,1,7.93,Desktop,1
user_03465,Premium,2022-09-13,1,10.36,Desktop,3
user_03466,Standard,2025-07-29,0,10.69,Desktop,3
user_03467,Premium+,2025-06-01,1,8.2,Desktop,4
user_03468,Basic,2025-05-11,1,17.87,Desktop,3
user_03469,Premium+,2023-02-26,1,30.38,Laptop,3
user_03470,Premium+,2025-04-30,0,10.45,Desktop,6
user_03471,Premium,2022-09-28,1,25.84,Tablet,1
user_03472,Standard,2022-09-22,1,34.31,Gaming Console,2
user_03473,Basic,2023-06-10,1,6.29,Mobile,2
user_03474,Premium+,2023-10-02,1,23.38,Gaming Console,6
user_03475,Premium,2023-06-03,1,11.8,Tablet,1
user_03476,Standard,2023-12-21,1,18.31,Tablet,2
user_03477,Basic,2024-12-18,1,16.75,Tablet,
user_03478,Basic,2025-01-09,0,0.81,Desktop,4
user_03479,Basic,2023-11-03,1,10.74,Smart TV,2
user_03480,Standard,2022-12-01,1,21.56,Tablet,2
user_03481,Premium,2025-06-01,1,5.5,Desktop,5
user_03482,Standard,2024-01-11,0,13.16,Laptop,4
user_03483,Basic,2022-10-05,1,19.35,Desktop,4
user_03484,Premium,2022-08-04,1,9.97,Laptop,2
user_03485,Basic,2022-12-01,0,,Gaming Console,3
user_03486,Basic,2023-01-14,1,5.4,Mobile,2
user_03487,Basic,2025-03-17,1,33.23,Mobile,2
user_03488,Premium,2022-09-16,0,28.47,Laptop,1
user_03489,Basic,2023-09-22,1,9.68,Desktop,3
user_03490,Premium,2023-11-04,1,24.63,Mobile,4
user_03491,Standard,2023-06-22,1,5.96,Gaming Console,5
user_03492,Premium,2024-03-10,1,25.08,Tablet,4
user_03493,Standard,2024-09-09,1,9.49,Desktop,4
user_03494,Standard,2024-10-30,1,14.8,Tablet,2
user_03495,Premium,2023-01-25,1,2.69,Smart TV,2
user_03496,Premium,2023-09-27,1,37.24,Smart TV,2
user_03497,Premium,2023-03-25,1,8.57,Smart TV,4
user_03498,Basic,2023-06-03,0,3.76,Gaming Console,2
user_03499,Premium,2025-01-16,1,0.39,Mobile,2
user_03500,Premium,2023-06-24,1,,Tablet,3
user_03501,Basic,2024-08-20,1,10.16,Laptop,1
user_03502,Basic,2025-05-13,1,30.3,Mobile,5
user_03503,Standard,2024-12-07,1,11.63,Smart TV,4
user_03504,Premium+,2022-08-10,1,1.92,Tablet,3
user_03505,Standard,2023-05-19,1,16.22,Laptop,1
user_03506,Standard,2024-06-02,1,16.27,Laptop,3
user_03507,Premium+,2025-05-20,1,4.23,Laptop,1
user_03508,Standard,2023-11-27,1,19.98,Gaming Console,3
user_03509,Premium,2024-06-28,1,6.27,Mobile,4
user_03510,Premium,2023-09-29,1,21.98,Desktop,1
user_03511,Basic,2024-02-08,1,2.38,Smart TV,3
user_03512,Basic,2025-02-08,1,14.66,Tablet,4
user_03513,Premium,2024-12-27,0,18.39,Mobile,3
user_03514,Premium,2024-12-16,1,21.44,Gaming Console,1
user_03515,Basic,2023-08-23,1,20.8,Smart TV,5
user_03516,Basic,2025-01-03,1,20.61,Desktop,1
user_03517,Standard,2023-02-13,0,8.29,Laptop,2
user_03518,Premium+,2023-11-19,1,8.6,Gaming Console,3
user_03519,Basic,2025-03-15,1,21.26,Desktop,5
user_03520,Standard,2023-07-24,1,13.28,Desktop,8
user_03521,Basic,2024-05-14,1,4.28,Laptop,3
user_03522,Premium+,2024-01-10,1,21.13,Laptop,
user_03523,Basic,2022-09-05,1,33.21,Laptop,5
user_03524,Premium,2023-07-14,1,15.02,Tablet,4
user_03525,Premium,2023-08-24,1,11.27,Tablet,3
user_03526,Premium,2023-04-21,1,7.4,Gaming Console,2
user_03527,Standard,2024-09-30,1,,Tablet,2
user_03528,Standard,2024-12-06,1,9.21,Gaming Console,3
user_03529,Standard,2022-12-27,1,16.08,Smart TV,2
user_03530,Standard,2023-05-04,1,0.53,Gaming Console,
user_03531,Standard,2023-02-10,1,4.38,Desktop,4
user_03532,Premium+,2024-02-25,1,34.31,Mobile,3
user_03533,Premium,2025-07-30,1,,Smart TV,4
user_03534,Basic,2025-07-28,1,5.61,Laptop,5
user_03535,Basic,2023-10-19,1,17.1,Gaming Console,2
user_03536,Standard,2022-12-25,1,24.7,Tablet,1
user_03537,Basic,2024-06-19,1,22.63,Desktop,1
user_03538,Standard,2024-11-28,1,1.67,Mobile,2
user_03539,Basic,2024-09-20,1,8.09,Gaming Console,2
user_03540,Premium+,2024-02-15,1,38.81,Mobile,
user_03541,Premium,2023-04-29,1,21.03,Laptop,2
user_03542,Basic,2024-04-14,1,13.11,Gaming Console,2
user_03543,Premium,2022-09-01,1,23.66,Mobile,4
user_03544,Standard,2022-08-20,1,6.54,Laptop,2
user_03545,Standard,2025-06-23,1,20.32,Smart TV,3
user_03546,Standard,2022-09-13,1,2.64,Desktop,1
user_03547,Standard,2022-12-18,1,4.91,Tablet,4
user_03548,Premium,2024-09-22,1,11.14,Mobile,1
user_03549,Premium,2025-03-24,0,12.75,Gaming Console,1
user_03550,Basic,2023-01-02,1,6.49,Laptop,2
user_03551,Premium,2025-01-09,1,7.62,Tablet,3
user_03552,Standard,2024-06-22,1,8.5,Mobile,2
user_03553,Standard,2023-02-14,1,41.63,Tablet,
user_03554,Premium,2023-02-13,1,3.27,Mobile,1
user_03555,Standard,2025-01-03,1,35.91,Desktop,6
user_03556,Premium,2025-04-09,1,7.02,Mobile,4
user_03557,Basic,2023-11-06,1,26.09,Smart TV,3
user_03558,Premium,2023-10-23,1,10.89,Tablet,3
user_03559,Basic,2023-09-27,0,6.12,Smart TV,3
user_03560,Premium,2025-04-01,1,3.51,Tablet,1
user_03561,Standard,2023-11-28,1,13.85,Laptop,
user_03562,Premium+,2023-12-28,0,6.28,Desktop,
user_03563,Standard,2023-03-03,1,7.47,Mobile,3
user_03564,Premium,2024-11-15,0,2.08,Smart TV,5
user_03565,Premium,2023-12-29,1,13.87,Gaming Console,1
user_03566,Standard,2022-09-21,1,13.73,Smart TV,2
user_03567,Standard,2024-02-29,1,4.37,Laptop,5
user_03568,Standard,2025-06-24,1,28.16,Tablet,1
user_03569,Basic,2023-11-29,1,7.27,Laptop,3
user_03570,Premium,2023-12-10,1,5.86,Mobile,4
user_03571,Basic,2023-10-12,1,5.3,Desktop,1
user_03572,Standard,2024-05-10,1,13.5,Desktop,1
user_03573,Premium,2024-07-01,1,,Mobile,
user_03574,Basic,2022-11-28,1,15.16,Mobile,2
user_03575,Premium,2025-03-17,1,37.38,Smart TV,2
user_03576,Premium,2024-11-03,1,2.68,Laptop,
user_03577,Premium,2025-03-06,0,8.88,Smart TV,2
user_03578,Standard,2023-04-15,0,7.97,Desktop,2
user_03579,Premium,2023-01-13,1,5.07,Gaming Console,
user_03580,Premium+,2023-06-02,1,14.73,Laptop,1
user_03581,Basic,2024-08-17,1,24.62,Smart TV,5
user_03582,Premium,2025-07-07,1,16.64,Gaming Console,6
user_03583,Premium,2024-09-30,1,,Desktop,3
user_03584,Premium,2025-02-16,1,2.74,Laptop,2
user_03585,Basic,2025-02-08,1,8.82,Tablet,2
user_03586,Premium,2025-01-09,1,,Mobile,6
user_03587,Premium+,2024-06-07,1,28.35,Smart TV,4
user_03588,Premium+,2023-08-21,1,2.71,Desktop,4
user_03589,Standard,2022-12-23,1,,Tablet,2
user_03590,Premium+,2024-04-22,1,8.14,Gaming Console,2
user_03591,Standard,2023-07-18,1,8.83,Desktop,3
user_03592,Standard,2024-09-14,1,7.69,Laptop,
user_03593,Premium,2023-07-11,0,12.41,Gaming Console,1
user_03594,Standard,2025-04-24,1,,Mobile,2
user_03595,Premium,2024-05-02,1,5.01,Desktop,5
user_03596,Standard,2025-05-28,1,18.38,Tablet,6
user_03597,Premium+,2024-06-15,1,6.99,Mobile,4
user_03598,Basic,2024-03-06,0,7.58,Smart TV,3
user_03599,Premium,2025-03-13,1,14.69,Desktop,5
user_03600,Standard,2025-01-17,1,12.61,Mobile,5
user_03601,Premium,2025-05-19,1,20.21,Mobile,5
user_03602,Premium,2025-01-02,1,25.78,Laptop,3
user_03603,Standard,2022-12-05,0,29.64,Mobile,
user_03604,Basic,2023-11-08,0,24.91,Smart TV,2
user_03605,Basic,2023-10-30,1,15.68,Mobile,4
user_03606,Premium,2023-11-14,1,12.99,Smart TV,
user_03607,Standard,2024-12-24,1,5.76,Desktop,2
user_03608,Premium,2025-07-10,1,29.86,Tablet,6
user_03609,Basic,2023-10-27,1,19.43,Tablet,2
user_03610,Standard,2025-01-14,1,9.13,Laptop,2
user_03611,Standard,2022-08-30,1,9.88,Smart TV,2
user_03612,Standard,2022-08-12,1,1.76,Gaming Console,3
user_03613,Basic,2022-10-10,1,19.7,Mobile,
user_03614,Basic,2023-03-10,1,5.99,Laptop,1
user_03615,Standard,2025-07-28,1,9.91,Tablet,2
user_03616,Premium,2024-08-04,1,,Tablet,
user_03617,Basic,2025-01-27,0,420.91,Mobile,4
user_03618,Standard,2023-04-24,1,6.67,Smart TV,1
user_03619,Premium+,2022-12-10,1,32.9,Tablet,4
user_03620,Premium,2024-01-18,1,11.11,Tablet,1
user_03621,Premium,2025-04-04,1,10.77,Mobile,5
user_03622,Premium,2023-06-02,1,20.64,Desktop,
user_03623,Premium,2024-08-21,1,,Mobile,2
user_03624,Standard,2023-08-12,1,27.85,Smart TV,
user_03625,Basic,2024-07-24,1,13.77,Gaming Console,2
user_03626,Standard,2023-09-29,1,27.64,Desktop,
user_03627,Standard,2023-04-13,1,13.33,Tablet,
user_03628,Standard,2024-06-21,0,4.3,Smart TV,3
user_03629,Basic,2025-04-25,1,8.88,Gaming Console,3
user_03630,Basic,2024-01-09,1,14.1,Smart TV,1
user_03631,Premium,2023-05-04,0,18.02,Gaming Console,2
user_03632,Standard,2024-04-29,0,2.44,Desktop,4
user_03633,Premium,2024-12-28,1,15.4,Gaming Console,2
user_03634,Basic,2023-07-26,1,22.52,Tablet,6
user_03635,Basic,2025-02-15,0,11.2,Gaming Console,
user_03636,Standard,2022-10-30,1,18.54,Laptop,1
user_03637,Premium,2024-02-13,1,7.74,Laptop,1
user_03638,Standard,2022-12-21,1,1.32,Gaming Console,2
user_03639,Standard,2024-08-05,1,5.78,Gaming Console,2
user_03640,Standard,2024-02-21,0,28.27,Laptop,4
user_03641,Standard,2023-06-07,1,8.95,Desktop,2
user_03642,Standard,2025-05-10,1,72.11,Desktop,3
user_03643,Standard,2024-08-08,1,16.56,Smart TV,4
user_03644,Premium,2024-11-20,1,3.64,Laptop,3
user_03645,Standard,2024-09-19,1,3.88,Smart TV,
user_03646,Basic,2025-07-30,1,10.29,Smart TV,1
user_03647,Basic,2023-11-09,1,31.8,Desktop,1
user_03648,Premium,2024-11-30,0,3.48,Desktop,
user_03649,Premium,2024-08-25,0,3.65,Gaming Console,1
user_03650,Standard,2024-02-21,1,11.17,Tablet,
user_03651,Premium,2024-12-13,1,8.13,Tablet,2
user_03652,Basic,2023-11-08,1,1.48,Desktop,5
user_03653,Premium+,2023-12-31,1,,Mobile,4
user_03654,Standard,2025-07-24,1,10.11,Gaming Console,
user_03655,Standard,2024-08-24,1,26.86,Laptop,1
user_03656,Basic,2024-03-09,0,4.09,Laptop,
user_03657,Basic,2022-09-25,1,12.13,Mobile,1
user_03658,Basic,2025-01-08,1,25.23,Laptop,4
user_03659,Premium,2024-11-01,1,8.16,Smart TV,1
user_03660,Premium+,2023-01-31,1,8.76,Desktop,
user_03661,Premium,2023-06-15,0,7.02,Smart TV,6
user_03662,Standard,2023-04-17,1,6.56,Laptop,1
user_03663,Basic,2023-10-11,1,23.81,Desktop,
user_03664,Premium,2023-08-02,1,36.16,Tablet,3
user_03665,Standard,2024-01-16,1,14.26,Mobile,3
user_03666,Standard,2022-10-23,1,1.9,Gaming Console,2
user_03667,Standard,2022-09-15,1,18.17,Mobile,2
user_03668,Basic,2022-09-27,1,9.97,Smart TV,3
user_03669,Premium,2023-01-28,1,21.33,Desktop,2
user_03670,Standard,2024-05-16,1,5.53,Gaming Console,
user_03671,Basic,2023-07-13,1,18.6,Tablet,3
user_03672,Standard,2023-01-11,1,45.44,Mobile,1
user_03673,Premium,2025-05-22,1,,Gaming Console,
user_03674,Premium,2023-02-13,1,21.03,Laptop,1
user_03675,Premium,2022-08-27,1,8.28,Tablet,1
user_03676,Basic,2024-04-13,1,14.92,Mobile,3
user_03677,Premium,2023-05-09,1,10.95,Desktop,2
user_03678,Premium,2023-12-27,1,6.17,Mobile,4
user_03679,Standard,2025-04-07,1,28.5,Desktop,3
user_03680,Basic,2024-01-04,0,17.0,Tablet,2
user_03681,Premium+,2022-08-24,1,23.31,Gaming Console,5
user_03682,Premium,2025-04-03,1,22.67,Gaming Console,2
user_03683,Standard,2024-11-14,1,37.93,Mobile,4
user_03684,Standard,2025-06-07,1,20.81,Gaming Console,
user_03685,Basic,2023-03-14,1,14.71,Mobile,
user_03686,Standard,2023-01-03,1,10.97,Laptop,1
user_03687,Premium,2023-08-03,1,8.84,Desktop,3
user_03688,Premium,2024-04-30,0,0.95,Desktop,1
user_03689,Standard,2023-07-28,1,14.46,Laptop,3
user_03690,Standard,2023-02-04,1,22.03,Desktop,5
user_03691,Premium+,2024-01-14,1,6.79,Laptop,4
user_03692,Standard,2024-01-14,1,15.03,Laptop,
user_03693,Standard,2023-11-09,1,9.6,Tablet,3
user_03694,Premium,2023-07-29,0,27.99,Smart TV,5
user_03695,Basic,2025-07-08,1,18.2,Gaming Console,3
user_03696,Standard,2025-02-03,1,17.55,Gaming Console,1
user_03697,Standard,2024-02-13,1,,Tablet,5
user_03698,Premium,2022-10-07,1,4.2,Mobile,
user_03699,Standard,2022-12-26,1,17.36,Mobile,5
user_03700,Standard,2025-05-04,1,,Mobile,3
user_03701,Premium,2025-02-28,1,5.88,Laptop,2
user_03702,Standard,2024-01-27,1,6.69,Smart TV,1
user_03703,Premium,2024-08-14,1,4.43,Desktop,2
user_03704,Premium,2024-01-26,1,18.56,Smart TV,
user_03705,Premium,2023-11-12,1,2.45,Laptop,
user_03706,Premium+,2024-01-05,1,27.3,Laptop,1
user_03707,Premium,2024-05-01,1,23.34,Mobile,
user_03708,Premium,2025-07-10,1,,Gaming Console,2
user_03709,Premium,2025-05-28,1,,Gaming Console,4
user_03710,Standard,2025-03-09,1,15.36,Gaming Console,2
user_03711,Standard,2024-11-12,1,12.6,Gaming Console,1
user_03712,Standard,2023-10-03,1,7.92,Desktop,3
user_03713,Premium,2023-07-24,1,21.57,Mobile,3
user_03714,Standard,2025-04-23,1,,Smart TV,2
user_03715,Basic,2023-02-01,1,,Laptop,2
user_03716,Premium,2025-02-27,1,5.7,Laptop,2
user_03717,Basic,2022-12-29,1,,Laptop,3
user_03718,Standard,2024-10-11,1,15.78,Laptop,5
user_03719,Premium,2023-01-12,1,44.57,Mobile,2
user_03720,Premium,2024-11-23,1,15.32,Desktop,3
user_03721,Basic,2024-03-08,1,,Desktop,3
user_03722,Standard,2023-03-26,1,28.5,Tablet,2
user_03723,Basic,2024-06-13,1,29.26,Tablet,2
user_03724,Premium,2022-12-04,1,17.82,Smart TV,2
user_03725,Basic,2025-02-18,0,7.65,Mobile,2
user_03726,Basic,2024-12-28,1,37.02,Mobile,
user_03727,Basic,2022-08-17,1,18.73,Desktop,2
user_03728,Basic,2025-02-15,1,8.88,Mobile,5
user_03729,Basic,2025-01-26,0,1.2,Gaming Console,3
user_03730,Premium,2023-02-23,1,,Smart TV,
user_03731,Standard,2024-04-09,1,12.87,Laptop,3
user_03732,Standard,2024-07-29,1,14.81,Gaming Console,5
user_03733,Premium,2024-04-10,1,13.01,Smart TV,2
user_03734,Standard,2023-03-10,1,7.59,Desktop,2
user_03735,Premium,2024-01-12,1,15.03,Laptop,6
user_03736,Premium,2024-10-28,1,1.47,Tablet,2
user_03737,Basic,2025-02-08,1,6.06,Laptop,4
user_03738,Standard,2023-02-07,1,9.75,Gaming Console,5
user_03739,Basic,2022-12-13,1,24.41,Tablet,3
user_03740,Premium,2024-01-16,1,18.17,Smart TV,2
user_03741,Standard,2023-11-18,1,35.93,Laptop,2
user_03742,Premium,2022-12-05,1,25.84,Gaming Console,1
user_03743,Premium+,2024-03-26,1,21.87,Mobile,2
user_03744,Premium,2022-09-15,1,3.19,Mobile,2
user_03745,Premium+,2025-06-13,1,20.94,Desktop,2
user_03746,Premium,2023-02-28,1,,Gaming Console,1
user_03747,Standard,2022-10-09,1,20.12,Smart TV,
user_03748,Premium+,2023-11-18,1,19.71,Laptop,2
user_03749,Standard,2025-03-12,1,5.15,Tablet,5
user_03750,Standard,2024-12-23,0,10.97,Smart TV,1
user_03751,Basic,2025-06-03,1,1.62,Mobile,4
user_03752,Standard,2023-04-19,1,31.52,Smart TV,3
user_03753,Basic,2022-09-19,1,19.63,Desktop,
user_03754,Standard,2024-05-31,1,21.05,Desktop,1
user_03755,Premium+,2023-11-20,1,10.05,Mobile,2
user_03756,Standard,2024-12-19,1,24.9,Desktop,1
user_03757,Premium,2025-04-25,1,10.54,Desktop,3
user_03758,Standard,2024-04-18,1,41.02,Desktop,2
user_03759,Premium,2025-06-09,1,11.08,Tablet,3
user_03760,Premium,2025-02-09,1,19.54,Mobile,4
user_03761,Premium,2023-07-08,1,3.31,Tablet,
user_03762,Premium+,2024-01-31,1,7.35,Mobile,2
user_03763,Premium,2025-01-15,1,,Gaming Console,2
user_03764,Premium,2022-10-14,1,18.04,Mobile,3
user_03765,Standard,2024-09-28,0,10.95,Smart TV,1
user_03766,Standard,2022-10-27,1,31.91,Laptop,2
user_03767,Premium,2023-09-21,1,14.05,Smart TV,1
user_03768,Standard,2024-03-11,1,5.66,Gaming Console,1
user_03769,Premium,2024-03-08,1,13.54,Mobile,3
user_03770,Standard,2023-04-24,1,34.23,Smart TV,4
user_03771,Premium,2024-07-29,1,13.48,Smart TV,2
user_03772,Standard,2023-12-02,1,40.99,Smart TV,3
user_03773,Basic,2022-09-27,1,2.51,Mobile,4
user_03774,Basic,2024-10-27,1,36.12,Smart TV,3
user_03775,Basic,2024-01-12,1,12.53,Laptop,2
user_03776,Premium+,2023-08-14,1,49.46,Tablet,2
user_03777,Standard,2024-06-16,1,6.68,Laptop,4
user_03778,Standard,2025-04-07,1,8.58,Gaming Console,5
user_03779,Standard,2024-03-23,1,13.07,Desktop,2
user_03780,Standard,2025-05-19,1,12.39,Tablet,6
user_03781,Basic,2023-10-25,1,9.14,Gaming Console,2
user_03782,Standard,2023-07-07,1,9.46,Gaming Console,2
user_03783,Standard,2023-05-31,1,11.77,Gaming Console,3
user_03784,Basic,2025-02-07,1,,Mobile,3
user_03785,Premium,2022-09-23,1,11.82,Desktop,2
user_03786,Standard,2023-01-02,0,28.51,Gaming Console,1
user_03787,Premium,2024-09-30,1,5.02,Gaming Console,2
user_03788,Premium+,2024-01-14,1,27.67,Gaming Console,2
user_03789,Basic,2024-08-11,1,15.08,Smart TV,1
user_03790,Standard,2023-07-10,0,21.03,Mobile,1
user_03791,Premium,2025-07-11,0,,Laptop,1
user_03792,Premium,2024-12-05,1,16.01,Laptop,3
user_03793,Standard,2024-06-27,1,19.07,Gaming Console,7
user_03794,Basic,2024-07-05,1,4.94,Gaming Console,2
user_03795,Premium,2024-05-09,1,23.35,Gaming Console,2
user_03796,Premium+,2022-09-15,1,17.38,Desktop,4
user_03797,Standard,2023-03-29,1,7.75,Gaming Console,2
user_03798,Premium,2022-12-20,0,27.39,Gaming Console,2
user_03799,Standard,2024-04-01,1,7.55,Tablet,2
user_03800,Standard,2022-10-29,1,15.51,Desktop,2
user_03801,Premium+,2024-05-28,1,11.15,Gaming Console,3
user_03802,Standard,2023-03-22,1,13.26,Gaming Console,3
user_03803,Premium,2024-11-20,1,18.37,Smart TV,1
user_03804,Premium,2023-10-16,1,,Desktop,
user_03805,Premium,2023-10-16,1,11.6,Tablet,5
user_03806,Standard,2023-03-19,1,27.45,Laptop,5
user_03807,Premium,2024-02-28,1,19.34,Tablet,5
user_03808,Premium,2024-02-28,0,5.54,Laptop,2
user_03809,Premium,2023-07-03,1,15.24,Smart TV,
user_03810,Standard,2023-06-16,1,1.2,Laptop,
user_03811,Basic,2023-09-17,1,36.84,Laptop,
user_03812,Basic,2022-11-23,1,2.87,Laptop,4
user_03813,Basic,2023-11-14,1,10.1,Gaming Console,2
user_03814,Basic,2023-01-03,1,8.1,Mobile,5
user_03815,Premium,2023-04-10,1,9.29,Laptop,
user_03816,Premium,2024-09-16,1,,Desktop,1
user_03817,Standard,2024-09-29,0,,Desktop,
user_03818,Standard,2025-01-01,1,12.5,Gaming Console,3
user_03819,Standard,2023-01-08,1,15.37,Mobile,2
user_03820,Basic,2025-05-07,0,1.46,Laptop,1
user_03821,Premium+,2024-06-13,1,17.19,Tablet,4
user_03822,Standard,2023-07-23,1,12.25,Laptop,5
user_03823,Premium,2025-02-12,1,6.47,Desktop,
user_03824,Basic,2025-02-01,1,15.49,Tablet,
user_03825,Premium,2024-11-16,1,14.76,Smart TV,6
user_03826,Basic,2023-11-04,1,3.9,Laptop,
user_03827,Basic,2024-11-22,1,16.27,Smart TV,7
user_03828,Premium+,2025-06-24,1,26.92,Laptop,4
user_03829,Standard,2023-03-18,1,17.96,Laptop,2
user_03830,Premium,2024-07-14,1,20.4,Tablet,1
user_03831,Standard,2023-12-14,1,16.29,Desktop,2
user_03832,Premium+,2024-09-11,1,,Mobile,4
user_03833,Basic,2022-08-09,0,9.45,Desktop,2
user_03834,Premium,2023-01-03,1,19.07,Smart TV,
user_03835,Standard,2023-10-29,1,21.33,Smart TV,7
user_03836,Premium+,2023-04-27,1,38.72,Smart TV,2
user_03837,Standard,2023-06-29,1,4.42,Mobile,2
user_03838,Premium,2024-11-16,1,1.4,Tablet,4
user_03839,Basic,2022-10-13,0,22.12,Smart TV,1
user_03840,Premium,2025-07-04,1,22.18,Laptop,4
user_03841,Premium,2024-01-11,1,12.64,Desktop,4
user_03842,Standard,2022-10-10,1,10.46,Laptop,3
user_03843,Basic,2025-07-16,1,4.58,Gaming Console,2
user_03844,Standard,2022-12-15,0,7.24,Laptop,
user_03845,Standard,2023-03-16,1,37.96,Mobile,3
user_03846,Standard,2022-10-23,1,25.06,Mobile,
user_03847,Premium+,2023-01-19,1,20.3,Desktop,4
user_03848,Premium+,2022-09-27,1,9.02,Desktop,4
user_03849,Premium,2024-05-22,1,15.13,Tablet,1
user_03850,Basic,2022-12-22,1,10.41,Smart TV,2
user_03851,Basic,2025-07-22,1,18.65,Mobile,4
user_03852,Standard,2024-08-21,0,28.52,Desktop,2
user_03853,Premium,2023-07-03,1,16.3,Smart TV,2
user_03854,Standard,2022-12-13,1,34.33,Smart TV,5
user_03855,Standard,2025-01-10,1,9.99,Smart TV,4
user_03856,Premium,2025-06-27,1,15.54,Desktop,
user_03857,Premium,2024-06-21,1,2.36,Tablet,3
user_03858,Premium,2025-05-20,1,39.58,Smart TV,2
user_03859,Standard,2025-02-14,1,6.28,Gaming Console,2
user_03860,Standard,2023-10-02,1,1.49,Laptop,1
user_03861,Premium,2023-10-24,1,3.53,Laptop,1
user_03862,Premium+,2024-04-29,1,7.2,Smart TV,2
user_03863,Basic,2025-05-26,1,25.37,Laptop,1
user_03864,Premium+,2023-04-24,0,4.24,Gaming Console,8
user_03865,Premium,2023-01-09,1,5.28,Smart TV,1
user_03866,Premium,2023-10-17,1,47.86,Smart TV,6
user_03867,Standard,2023-12-26,1,18.02,Desktop,4
user_03868,Premium,2024-08-04,1,2.66,Desktop,3
user_03869,Premium,2023-11-09,1,6.58,Desktop,2
user_03870,Standard,2025-03-18,1,14.24,Tablet,1
user_03871,Premium,2022-11-16,1,29.87,Tablet,2
user_03872,Basic,2024-09-20,1,5.72,Mobile,4
user_03873,Standard,2025-05-08,1,,Smart TV,4
user_03874,Standard,2024-11-23,0,12.69,Tablet,6
user_03875,Premium+,2023-11-26,1,12.91,Laptop,1
user_03876,Premium,2024-03-17,1,43.02,Laptop,3
user_03877,Standard,2024-05-06,1,5.45,Mobile,4
user_03878,Basic,2024-05-19,1,11.3,Gaming Console,
user_03879,Premium,2024-10-23,1,20.06,Mobile,1
user_03880,Basic,2025-02-06,1,7.36,Gaming Console,
user_03881,Premium,2024-09-15,1,12.15,Tablet,5
user_03882,Basic,2024-01-05,1,,Desktop,
user_03883,Basic,2022-11-22,1,12.72,Desktop,1
user_03884,Standard,2023-03-01,1,6.46,Desktop,
user_03885,Standard,2023-12-12,0,,Gaming Console,
user_03886,Premium,2025-03-12,1,21.02,Smart TV,1
user_03887,Premium,2024-01-05,1,4.21,Laptop,4
user_03888,Standard,2022-11-16,1,7.68,Tablet,1
user_03889,Standard,2024-09-01,1,37.22,Laptop,1
user_03890,Premium,2023-03-30,1,23.22,Smart TV,3
user_03891,Premium,2025-06-01,1,21.36,Tablet,3
user_03892,Basic,2023-06-08,1,10.17,Desktop,1
user_03893,Premium,2022-09-12,1,9.59,Mobile,1
user_03894,Premium+,2024-01-19,1,28.74,Desktop,4
user_03895,Premium,2024-10-18,1,8.81,Gaming Console,4
user_03896,Standard,2025-04-21,1,3.0,Laptop,1
user_03897,Standard,2022-08-17,1,3.8,Mobile,5
user_03898,Standard,2024-06-17,1,6.79,Desktop,3
user_03899,Premium,2023-05-25,1,5.1,Desktop,2
user_03900,Premium,2022-12-24,1,24.23,Tablet,3
user_03901,Basic,2022-12-02,1,13.05,Desktop,2
user_03902,Standard,2023-02-24,1,,Desktop,1
user_03903,Basic,2022-10-07,1,,Mobile,4
user_03904,Standard,2023-10-20,1,9.82,Laptop,4
user_03905,Basic,2025-04-15,1,9.78,Desktop,5
user_03906,Standard,2024-03-02,0,10.14,Tablet,4
user_03907,Standard,2024-07-17,1,10.02,Smart TV,2
user_03908,Premium+,2024-04-18,1,23.22,Desktop,4
user_03909,Standard,2023-03-31,1,15.3,Smart TV,3
user_03910,Standard,2025-06-21,0,7.99,Mobile,4
user_03911,Standard,2025-05-02,1,11.07,Gaming Console,
user_03912,Standard,2023-03-31,1,6.1,Laptop,1
user_03913,Standard,2024-01-02,1,2.84,Gaming Console,2
user_03914,Premium+,2024-07-03,1,8.45,Smart TV,1
user_03915,Premium,2025-04-06,1,,Desktop,4
user_03916,Standard,2023-11-09,0,34.05,Tablet,3
user_03917,Premium,2023-12-30,1,2.66,Smart TV,2
user_03918,Premium,2024-05-22,1,10.2,Mobile,3
user_03919,Standard,2023-06-26,1,3.18,Desktop,
user_03920,Standard,2024-04-08,1,39.04,Tablet,4
user_03921,Premium+,2024-04-30,1,18.5,Desktop,3
user_03922,Basic,2025-06-19,1,16.68,Mobile,2
user_03923,Standard,2024-06-03,1,20.39,Gaming Console,2
user_03924,Premium+,2023-01-31,1,28.25,Desktop,7
user_03925,Standard,2025-05-15,1,13.22,Desktop,3
user_03926,Standard,2023-10-24,0,,Laptop,1
user_03927,Basic,2025-07-20,1,48.72,Laptop,5
user_03928,Basic,2023-10-23,0,18.83,Smart TV,2
user_03929,Premium,2023-08-29,1,16.11,Gaming Console,3
user_03930,Premium,2023-04-13,1,3.31,Tablet,3
user_03931,Standard,2025-02-16,1,2.33,Tablet,2
user_03932,Premium+,2025-06-30,1,5.23,Desktop,4
user_03933,Standard,2025-04-15,1,23.15,Smart TV,1
user_03934,Standard,2024-10-24,1,34.03,Desktop,
user_03935,Premium,2023-02-09,1,26.27,Smart TV,3
user_03936,Premium,2022-08-05,1,11.49,Laptop,
user_03937,Premium,2024-11-12,1,29.17,Mobile,2
user_03938,Standard,2022-09-14,1,9.9,Tablet,2
user_03939,Premium+,2023-02-10,1,,Gaming Console,3
user_03940,Basic,2025-03-12,1,1.67,Gaming Console,1
user_03941,Premium+,2023-03-04,1,15.98,Gaming Console,1
user_03942,Basic,2025-04-06,1,,Smart TV,
user_03943,Premium,2024-04-27,1,11.32,Laptop,
user_03944,Premium,2022-10-31,1,13.35,Mobile,2
user_03945,Basic,2023-09-25,0,18.43,Tablet,2
user_03946,Premium,2025-08-01,0,13.19,Tablet,4
user_03947,Premium,2024-03-09,1,14.53,Tablet,6
user_03948,Premium,2023-11-29,0,6.29,Smart TV,1
user_03949,Standard,2024-05-30,1,54.61,Smart TV,
user_03950,Standard,2022-10-30,1,27.65,Gaming Console,5
user_03951,Basic,2024-06-09,1,31.9,Gaming Console,6
user_03952,Basic,2024-12-04,1,9.03,Mobile,1
user_03953,Standard,2023-02-09,1,22.55,Smart TV,2
user_03954,Premium,2022-12-03,1,36.77,Laptop,4
user_03955,Premium,2024-04-07,1,3.73,Laptop,7
user_03956,Standard,2023-07-10,1,6.0,Smart TV,6
user_03957,Premium,2023-02-09,1,,Laptop,
user_03958,Premium+,2024-07-17,1,19.41,Mobile,3
user_03959,Premium,2023-02-15,1,25.02,Laptop,3
user_03960,Basic,2022-11-22,1,37.42,Smart TV,2
user_03961,Standard,2023-07-29,1,6.2,Laptop,4
user_03962,Premium,2023-10-11,1,9.74,Smart TV,2
user_03963,Basic,2023-02-03,1,32.58,Mobile,1
user_03964,Standard,2023-04-16,1,10.9,Gaming Console,1
user_03965,Premium+,2022-11-08,1,12.86,Laptop,7
user_03966,Standard,2024-08-31,1,15.32,Tablet,4
user_03967,Premium+,2023-08-19,1,13.97,Tablet,4
user_03968,Basic,2025-03-24,1,16.84,Smart TV,5
user_03969,Premium+,2025-05-25,1,12.86,Smart TV,1
user_03970,Premium,2024-05-13,1,8.42,Tablet,
user_03971,Premium,2023-05-11,1,5.8,Mobile,2
user_03972,Standard,2025-07-21,1,36.61,Laptop,
user_03973,Premium,2024-03-28,1,29.41,Desktop,3
user_03974,Basic,2025-01-06,1,16.83,Smart TV,3
user_03975,Premium+,2023-04-04,1,43.14,Laptop,2
user_03976,Standard,2023-07-07,1,11.65,Mobile,3
user_03977,Premium+,2024-07-20,1,10.86,Desktop,1
user_03978,Premium+,2024-08-01,1,4.67,Desktop,2
user_03979,Premium,2025-05-30,0,4.52,Laptop,4
user_03980,Premium,2023-12-12,1,0.77,Smart TV,3
user_03981,Standard,2022-12-27,1,21.58,Tablet,4
user_03982,Premium+,2024-06-09,1,26.93,Smart TV,5
user_03983,Basic,2022-09-26,1,8.79,Laptop,5
user_03984,Standard,2022-09-23,0,5.5,Tablet,
user_03985,Standard,2023-09-15,1,24.35,Mobile,2
user_03986,Premium,2024-11-07,1,36.0,Desktop,3
user_03987,Standard,2022-08-29,0,12.54,Tablet,
user_03988,Premium+,2023-08-07,0,10.06,Mobile,1
user_03989,Standard,2023-01-05,0,20.77,Desktop,6
user_03990,Basic,2023-08-10,1,13.17,Mobile,5
user_03991,Premium+,2024-08-06,1,2.6,Laptop,3
user_03992,Premium+,2024-01-31,1,8.89,Gaming Console,5
user_03993,Premium,2025-03-12,1,5.89,Laptop,2
user_03994,Basic,2024-08-12,0,13.83,Mobile,3
user_03995,Premium+,2025-02-08,1,7.53,Tablet,2
user_03996,Premium,2025-06-11,1,35.07,Desktop,5
user_03997,Standard,2025-02-19,1,29.42,Desktop,3
user_03998,Premium,2024-08-20,0,15.62,Tablet,2
user_03999,Standard,2023-05-27,1,21.84,Mobile,4
user_04000,Premium,2023-12-23,1,11.07,Tablet,4
user_04001,Standard,2024-11-19,1,37.08,Laptop,3
user_04002,Basic,2024-09-25,1,30.23,Gaming Console,2
user_04003,Premium,2023-08-05,1,15.0,Laptop,5
user_04004,Standard,2023-10-13,1,14.8,Tablet,3
user_04005,Standard,2023-12-16,1,0.4,Smart TV,3
user_04006,Premium,2024-12-07,1,5.03,Laptop,
user_04007,Standard,2025-03-27,1,21.49,Desktop,2
user_04008,Premium+,2024-10-29,1,,Desktop,2
user_04009,Standard,2025-07-25,1,0.11,Mobile,5
user_04010,Premium,2022-08-17,1,7.16,Laptop,2
user_04011,Premium,2023-06-23,0,46.72,Desktop,1
user_04012,Basic,2024-01-28,1,11.02,Smart TV,3
user_04013,Basic,2023-08-26,1,6.27,Tablet,4
user_04014,Standard,2023-07-11,1,19.9,Tablet,2
user_04015,Standard,2023-07-12,1,23.8,Tablet,
user_04016,Premium,2025-07-28,1,22.61,Desktop,2
user_04017,Standard,2023-08-15,1,,Desktop,3
user_04018,Premium,2023-11-09,0,20.39,Tablet,
user_04019,Standard,2024-03-04,1,10.41,Tablet,1
user_04020,Premium,2023-11-18,1,27.3,Mobile,2
user_04021,Premium+,2025-03-19,1,21.04,Desktop,2
user_04022,Premium,2023-01-07,1,7.7,Tablet,4
user_04023,Standard,2024-02-17,0,17.98,Laptop,4
user_04024,Basic,2023-06-24,0,,Mobile,6
user_04025,Basic,2025-07-18,1,7.98,Smart TV,
user_04026,Standard,2023-03-14,1,,Smart TV,
user_04027,Standard,2025-07-11,1,,Mobile,4
user_04028,Premium,2023-11-27,1,,Smart TV,2
user_04029,Standard,2023-07-30,1,829.95,Mobile,5
user_04030,Standard,2024-05-27,1,3.64,Mobile,
user_04031,Standard,2023-03-22,1,4.02,Smart TV,1
user_04032,Basic,2024-11-03,1,13.06,Gaming Console,
user_04033,Standard,2022-11-01,1,,Smart TV,3
user_04034,Standard,2024-06-06,1,9.48,Tablet,3
user_04035,Standard,2024-01-16,1,3.61,Laptop,3
user_04036,Basic,2022-10-17,1,2.36,Smart TV,2
user_04037,Basic,2024-03-11,1,5.32,Mobile,5
user_04038,Basic,2023-05-21,1,10.24,Tablet,2
user_04039,Basic,2024-10-07,1,14.1,Mobile,2
user_04040,Premium,2024-08-21,1,11.93,Gaming Console,5
user_04041,Premium,2024-07-24,1,31.19,Tablet,3
user_04042,Standard,2022-11-18,1,18.26,Desktop,4
user_04043,Premium+,2023-09-28,1,12.23,Mobile,3
user_04044,Basic,2024-08-08,1,14.48,Smart TV,3
user_04045,Basic,2023-06-01,1,,Laptop,2
user_04046,Basic,2023-11-16,1,9.27,Tablet,4
user_04047,Premium,2023-08-03,0,21.48,Smart TV,2
user_04048,Premium,2023-05-15,1,7.59,Laptop,1
user_04049,Standard,2022-12-26,1,,Tablet,2
user_04050,Standard,2023-08-13,1,13.34,Smart TV,5
user_04051,Premium+,2023-05-04,1,7.71,Laptop,1
user_04052,Basic,2024-05-12,1,8.24,Desktop,2
user_04053,Premium,2024-05-21,1,9.61,Gaming Console,3
user_04054,Premium,2025-06-10,1,10.31,Gaming Console,1
user_04055,Premium,2025-02-18,1,3.67,Mobile,2
user_04056,Standard,2024-01-01,1,10.09,Mobile,4
user_04057,Premium+,2023-09-17,1,6.02,Smart TV,3
user_04058,Basic,2025-05-01,1,28.71,Mobile,1
user_04059,Standard,2025-04-11,0,38.88,Gaming Console,2
user_04060,Basic,2022-09-28,1,3.91,Desktop,
user_04061,Standard,2022-08-26,0,8.81,Tablet,3
user_04062,Standard,2023-07-14,1,9.2,Desktop,7
user_04063,Premium+,2023-06-07,0,3.77,Mobile,7
user_04064,Standard,2024-02-07,1,5.15,Smart TV,2
user_04065,Standard,2022-12-08,1,17.8,Smart TV,1
user_04066,Premium,2022-09-09,1,,Tablet,5
user_04067,Premium,2024-08-29,1,10.62,Mobile,2
user_04068,Basic,2024-03-23,1,5.69,Smart TV,8
user_04069,Premium,2024-02-09,1,,Mobile,3
user_04070,Premium,2025-01-07,1,11.73,Desktop,
user_04071,Premium,2023-09-12,1,24.2,Smart TV,3
user_04072,Standard,2022-09-01,1,30.74,Desktop,2
user_04073,Premium+,2024-11-12,1,,Smart TV,3
user_04074,Premium,2024-09-14,1,17.82,Smart TV,1
user_04075,Basic,2024-04-03,1,21.62,Laptop,3
user_04076,Premium+,2022-10-24,1,2.03,Gaming Console,
user_04077,Premium,2023-02-18,1,23.29,Mobile,3
user_04078,Premium,2024-11-12,1,13.79,Smart TV,1
user_04079,Premium,2022-10-08,1,3.26,Desktop,3
user_04080,Premium,2022-12-14,0,34.82,Tablet,2
user_04081,Basic,2024-02-12,1,21.4,Laptop,2
user_04082,Premium+,2023-03-10,1,17.66,Desktop,3
user_04083,Standard,2024-01-31,1,,Gaming Console,5
user_04084,Basic,2025-06-26,1,5.1,Desktop,4
user_04085,Basic,2024-04-11,1,24.52,Gaming Console,4
user_04086,Standard,2023-12-24,1,36.54,Laptop,5
user_04087,Premium,2023-11-19,1,13.48,Desktop,1
user_04088,Standard,2024-02-17,1,63.69,Gaming Console,2
user_04089,Basic,2022-09-03,1,8.39,Mobile,1
user_04090,Standard,2023-07-13,1,1.7,Laptop,1
user_04091,Premium,2023-02-26,1,983.1,Laptop,1
user_04092,Basic,2023-03-16,1,1.76,Gaming Console,
user_04093,Standard,2024-11-16,1,10.88,Laptop,1
user_04094,Basic,2022-08-20,1,4.97,Desktop,1
user_04095,Premium,2024-11-10,1,4.79,Laptop,1
user_04096,Standard,2023-06-27,1,7.64,Tablet,1
user_04097,Premium,2025-03-16,1,,Gaming Console,
user_04098,Premium+,2025-04-17,1,35.69,Tablet,4
user_04099,Premium+,2022-12-26,1,55.81,Smart TV,3
user_04100,Standard,2023-04-26,0,3.77,Mobile,3
user_04101,Premium,2024-08-26,1,7.28,Desktop,4
user_04102,Premium,2025-04-22,0,22.48,Laptop,1
user_04103,Premium,2023-08-30,1,56.59,Mobile,
user_04104,Standard,2022-08-10,0,35.68,Smart TV,5
user_04105,Premium,2025-01-04,1,37.61,Gaming Console,3
user_04106,Standard,2025-01-13,1,30.9,Gaming Console,1
user_04107,Standard,2025-06-05,1,13.96,Desktop,1
user_04108,Premium,2024-02-03,1,14.55,Laptop,
user_04109,Premium,2025-05-09,1,9.04,Mobile,
user_04110,Standard,2023-07-17,1,7.22,Smart TV,3
user_04111,Standard,2024-08-15,1,13.77,Desktop,4
user_04112,Premium,2025-05-17,1,5.11,Tablet,1
user_04113,Standard,2025-02-23,1,,Tablet,5
user_04114,Standard,2022-12-27,1,13.41,Desktop,2
user_04115,Standard,2024-09-09,1,14.83,Gaming Console,3
user_04116,Standard,2024-09-19,1,15.85,Smart TV,1
user_04117,Premium,2024-11-20,1,11.11,Tablet,6
user_04118,Premium,2023-11-20,1,3.72,Gaming Console,6
user_04119,Premium,2022-10-04,1,21.41,Tablet,3
user_04120,Premium,2025-05-29,0,12.77,Mobile,1
user_04121,Premium+,2024-03-29,1,13.72,Gaming Console,
user_04122,Standard,2023-11-20,1,,Laptop,4
user_04123,Premium,2025-05-07,1,20.48,Mobile,3
user_04124,Premium,2024-06-24,0,3.1,Mobile,5
user_04125,Premium,2023-11-21,1,26.73,Tablet,3
user_04126,Premium,2024-12-27,1,,Desktop,7
user_04127,Premium,2024-12-19,1,3.84,Gaming Console,2
user_04128,Premium,2023-03-09,1,8.95,Mobile,1
user_04129,Premium,2023-12-24,1,37.71,Gaming Console,4
user_04130,Basic,2024-03-02,1,,Mobile,3
user_04131,Premium,2024-07-12,1,10.38,Mobile,2
user_04132,Premium,2024-04-24,0,13.27,Desktop,3
user_04133,Standard,2024-06-13,1,5.28,Gaming Console,8
user_04134,Standard,2023-10-23,0,,Desktop,2
user_04135,Premium,2022-08-14,1,19.01,Tablet,1
user_04136,Premium+,2024-12-13,1,2.31,Tablet,2
user_04137,Basic,2022-08-07,1,8.2,Gaming Console,3
user_04138,Standard,2023-05-18,1,,Tablet,1
user_04139,Premium,2023-04-09,1,13.16,Smart TV,4
user_04140,Premium,2024-02-26,1,4.82,Smart TV,6
user_04141,Basic,2024-06-18,1,7.74,Tablet,
user_04142,Premium,2024-11-21,1,6.6,Mobile,1
user_04143,Premium,2025-07-11,1,12.41,Laptop,1
user_04144,Standard,2023-03-19,1,8.77,Smart TV,2
user_04145,Basic,2024-03-03,0,1.44,Mobile,1
user_04146,Premium,2023-03-15,0,32.16,Mobile,3
user_04147,Basic,2024-04-02,1,12.47,Desktop,2
user_04148,Standard,2025-05-06,1,,Mobile,4
user_04149,Standard,2024-04-05,1,16.19,Tablet,2
user_04150,Premium+,2023-03-15,1,15.47,Desktop,2
user_04151,Premium+,2023-03-08,1,,Tablet,6
user_04152,Standard,2025-02-05,1,8.76,Mobile,
user_04153,Standard,2022-12-21,1,218.0,Mobile,3
user_04154,Basic,2025-05-19,1,3.25,Tablet,4
user_04155,Premium,2024-03-01,0,16.47,Mobile,6
user_04156,Basic,2024-09-11,1,,Laptop,4
user_04157,Standard,2024-08-09,1,10.53,Laptop,2
user_04158,Standard,2022-08-12,1,6.94,Desktop,3
user_04159,Premium,2023-03-12,1,1.69,Mobile,6
user_04160,Standard,2025-06-07,1,6.95,Gaming Console,3
user_04161,Standard,2023-09-21,1,596.4,Mobile,5
user_04162,Basic,2025-07-13,1,25.79,Mobile,5
user_04163,Basic,2024-09-20,1,12.95,Tablet,3
user_04164,Standard,2025-04-18,1,7.98,Smart TV,5
user_04165,Basic,2025-02-08,1,7.93,Gaming Console,2
user_04166,Standard,2023-07-17,1,25.04,Smart TV,3
user_04167,Standard,2024-02-13,1,0.14,Gaming Console,3
user_04168,Premium+,2024-07-28,1,,Laptop,4
user_04169,Standard,2022-11-08,1,6.1,Laptop,
user_04170,Premium+,2024-11-22,1,,Laptop,1
user_04171,Basic,2023-05-23,1,,Desktop,5
user_04172,Premium,2024-07-01,1,31.63,Gaming Console,3
user_04173,Premium+,2025-05-10,1,17.46,Laptop,1
user_04174,Premium+,2023-01-06,1,,Laptop,1
user_04175,Premium,2022-08-04,1,4.83,Smart TV,1
user_04176,Premium+,2024-10-24,1,8.16,Gaming Console,4
user_04177,Basic,2023-10-13,0,21.11,Gaming Console,2
user_04178,Premium+,2025-04-27,1,4.8,Desktop,1
user_04179,Premium,2023-08-20,1,5.07,Laptop,
user_04180,Premium,2024-07-07,1,4.32,Mobile,3
user_04181,Basic,2022-09-28,1,8.75,Tablet,2
user_04182,Premium,2024-05-26,1,,Tablet,5
user_04183,Standard,2022-09-08,1,45.91,Gaming Console,1
user_04184,Basic,2025-01-19,1,17.42,Smart TV,1
user_04185,Premium,2025-07-19,1,13.35,Tablet,2
user_04186,Premium+,2023-11-02,1,2.8,Tablet,
user_04187,Basic,2024-07-25,1,7.26,Gaming Console,4
user_04188,Standard,2022-12-09,1,5.53,Smart TV,1
user_04189,Basic,2023-02-08,1,12.82,Gaming Console,2
user_04190,Premium+,2023-07-19,0,28.68,Mobile,2
user_04191,Basic,2024-12-21,1,,Smart TV,4
user_04192,Premium,2023-10-18,0,8.08,Gaming Console,
user_04193,Premium,2024-01-29,1,1.49,Gaming Console,3
user_04194,Premium,2025-07-30,1,5.66,Smart TV,3
user_04195,Premium+,2023-01-25,1,13.23,Gaming Console,
user_04196,Premium,2023-10-12,1,36.48,Tablet,3
user_04197,Basic,2022-08-15,1,21.82,Laptop,3
user_04198,Standard,2022-08-25,1,6.66,Tablet,5
user_04199,Standard,2024-10-07,1,9.15,Tablet,6
user_04200,Premium,2024-12-06,0,5.08,Gaming Console,4
user_04201,Premium,2023-01-12,1,13.9,Laptop,3
user_04202,Premium,2022-09-23,1,48.04,Gaming Console,2
user_04203,Standard,2023-12-02,1,30.79,Laptop,1
user_04204,Premium,2023-08-09,1,10.41,Desktop,
user_04205,Standard,2025-07-05,1,23.99,Desktop,4
user_04206,Standard,2023-06-26,0,8.22,Gaming Console,2
user_04207,Premium,2024-09-16,1,0.42,Smart TV,2
user_04208,Premium+,2024-01-09,1,8.33,Desktop,3
user_04209,Standard,2024-08-26,1,0.35,Gaming Console,2
user_04210,Premium,2024-04-02,1,1.68,Smart TV,1
user_04211,Standard,2022-08-28,1,14.94,Gaming Console,3
user_04212,Premium,2025-07-20,1,19.87,Smart TV,
user_04213,Standard,2025-03-22,1,18.82,Tablet,1
user_04214,Basic,2025-03-05,1,10.39,Mobile,1
user_04215,Basic,2022-08-25,1,12.33,Gaming Console,1
user_04216,Premium,2023-01-14,1,7.03,Tablet,1
user_04217,Premium,2023-09-01,1,9.4,Desktop,5
user_04218,Standard,2022-08-20,1,15.01,Gaming Console,3
user_04219,Premium+,2023-09-03,1,10.78,Tablet,1
user_04220,Standard,2022-08-16,1,18.05,Smart TV,2
user_04221,Premium,2023-02-10,1,25.18,Smart TV,1
user_04222,Standard,2023-06-16,1,59.06,Laptop,
user_04223,Basic,2022-10-16,1,16.71,Laptop,2
user_04224,Standard,2025-01-09,1,15.64,Gaming Console,5
user_04225,Standard,2023-08-05,1,17.85,Mobile,3
user_04226,Premium+,2023-05-14,1,5.01,Laptop,1
user_04227,Basic,2022-10-30,1,10.55,Desktop,2
user_04228,Standard,2022-10-05,1,25.26,Tablet,
user_04229,Premium,2024-12-23,1,20.35,Smart TV,
user_04230,Standard,2024-03-07,1,22.0,Smart TV,2
user_04231,Standard,2023-12-10,1,24.44,Smart TV,
user_04232,Premium,2022-09-18,0,11.68,Mobile,4
user_04233,Standard,2024-04-12,1,5.7,Desktop,4
user_04234,Premium+,2025-02-15,1,8.84,Gaming Console,6
user_04235,Standard,2022-09-11,1,2.7,Smart TV,5
user_04236,Premium,2024-06-28,1,43.88,Desktop,3
user_04237,Basic,2024-07-31,1,36.69,Gaming Console,3
user_04238,Standard,2022-11-23,1,28.0,Tablet,1
user_04239,Premium,2024-03-13,0,2.62,Laptop,1
user_04240,Basic,2024-07-18,1,6.99,Laptop,1
user_04241,Basic,2024-10-11,1,25.02,Gaming Console,4
user_04242,Standard,2023-03-27,1,4.1,Mobile,3
user_04243,Standard,2023-09-08,0,30.7,Desktop,5
user_04244,Premium,2023-02-09,1,10.09,Desktop,
user_04245,Premium,2022-09-11,1,2.68,Mobile,2
user_04246,Premium,2025-01-22,0,29.22,Smart TV,
user_04247,Premium,2022-09-18,1,,Laptop,
user_04248,Standard,2022-12-21,1,13.49,Gaming Console,4
user_04249,Premium,2024-07-26,1,28.55,Smart TV,1
user_04250,Basic,2025-05-12,1,11.03,Smart TV,2
user_04251,Premium+,2024-07-08,1,18.49,Laptop,2
user_04252,Basic,2025-04-20,1,2.71,Smart TV,7
user_04253,Standard,2025-07-07,1,2.16,Laptop,2
user_04254,Premium,2024-02-08,0,4.33,Tablet,3
user_04255,Standard,2024-05-31,1,17.96,Mobile,1
user_04256,Basic,2025-04-07,0,7.67,Gaming Console,
user_04257,Standard,2023-09-14,1,36.07,Gaming Console,2
user_04258,Standard,2023-09-19,1,15.11,Gaming Console,4
user_04259,Basic,2024-02-13,1,7.65,Laptop,1
user_04260,Premium+,2023-02-04,1,36.65,Gaming Console,3
user_04261,Premium,2024-05-14,1,14.5,Mobile,4
user_04262,Premium,2023-11-11,1,3.01,Laptop,2
user_04263,Premium,2025-03-08,1,6.76,Smart TV,4
user_04264,Premium,2025-01-16,1,8.38,Gaming Console,1
user_04265,Premium,2023-04-20,0,12.64,Smart TV,3
user_04266,Premium,2024-05-25,1,18.51,Gaming Console,2
user_04267,Standard,2022-12-02,1,47.86,Smart TV,4
user_04268,Standard,2022-08-24,0,,Smart TV,1
user_04269,Standard,2022-10-09,1,18.12,Gaming Console,
user_04270,Premium,2024-10-16,1,10.68,Mobile,1
user_04271,Premium,2022-12-17,1,15.38,Desktop,
user_04272,Standard,2025-05-10,1,48.04,Desktop,
user_04273,Premium+,2024-10-06,1,10.48,Laptop,5
user_04274,Premium,2024-03-10,1,18.06,Desktop,1
user_04275,Standard,2025-07-09,1,,Gaming Console,1
user_04276,Premium,2022-11-16,1,22.8,Gaming Console,
user_04277,Premium,2023-08-28,1,,Laptop,2
user_04278,Premium,2023-02-25,0,6.03,Mobile,3
user_04279,Standard,2023-06-13,0,4.13,Gaming Console,1
user_04280,Standard,2025-04-17,1,8.24,Tablet,2
user_04281,Standard,2024-04-23,0,10.05,Laptop,
user_04282,Premium+,2023-02-04,1,18.35,Smart TV,1
user_04283,Standard,2023-04-03,1,279.37,Desktop,3
user_04284,Premium,2022-08-28,1,13.79,Smart TV,
user_04285,Standard,2024-12-23,1,4.2,Laptop,4
user_04286,Premium,2023-06-22,1,28.95,Tablet,2
user_04287,Standard,2023-10-17,1,9.21,Mobile,3
user_04288,Premium+,2023-06-03,1,,Desktop,7
user_04289,Basic,2025-04-05,1,16.26,Smart TV,1
user_04290,Premium+,2023-09-14,0,10.45,Desktop,
user_04291,Premium,2025-03-29,1,39.73,Smart TV,
user_04292,Standard,2025-01-28,1,18.33,Desktop,2
user_04293,Standard,2023-06-16,1,2.26,Gaming Console,5
user_04294,Basic,2022-12-08,1,27.17,Mobile,3
user_04295,Premium+,2023-10-16,0,,Laptop,2
user_04296,Premium,2025-06-04,1,13.01,Desktop,3
user_04297,Premium,2023-05-09,1,26.52,Smart TV,2
user_04298,Premium,2023-12-14,1,5.46,Tablet,2
user_04299,Standard,2025-07-03,1,4.42,Smart TV,3
user_04300,Standard,2023-01-22,1,34.31,Gaming Console,5
user_04301,Standard,2022-09-24,1,14.64,Desktop,1
user_04302,Premium,2025-05-28,1,6.58,Desktop,4
user_04303,Basic,2024-01-22,1,3.67,Gaming Console,5
user_04304,Basic,2023-02-23,1,24.86,Mobile,1
user_04305,Premium,2023-04-06,1,16.32,Gaming Console,1
user_04306,Basic,2023-03-04,1,23.4,Smart TV,4
user_04307,Premium+,2023-10-05,1,16.18,Gaming Console,1
user_04308,Standard,2025-07-19,1,,Smart TV,2
user_04309,Premium,2022-12-10,1,10.87,Laptop,2
user_04310,Standard,2025-06-16,1,24.03,Mobile,
user_04311,Premium,2022-12-20,1,31.16,Tablet,1
user_04312,Standard,2022-12-05,1,9.12,Gaming Console,
user_04313,Standard,2025-07-18,1,29.1,Laptop,4
user_04314,Standard,2024-01-25,1,5.97,Laptop,2
user_04315,Premium+,2023-07-28,1,2.36,Smart TV,2
user_04316,Standard,2025-06-28,1,7.52,Laptop,5
user_04317,Basic,2024-03-30,1,5.21,Laptop,3
user_04318,Standard,2025-04-21,1,21.01,Smart TV,2
user_04319,Premium+,2024-01-01,1,15.26,Smart TV,3
user_04320,Basic,2023-09-14,1,4.96,Desktop,2
user_04321,Premium,2024-04-10,1,5.45,Laptop,3
user_04322,Premium+,2023-03-23,1,4.3,Mobile,7
user_04323,Basic,2023-06-04,1,17.22,Laptop,2
user_04324,Premium,2024-10-22,1,5.0,Tablet,2
user_04325,Standard,2022-12-25,1,14.88,Gaming Console,2
user_04326,Premium,2025-03-16,0,,Gaming Console,3
user_04327,Premium,2023-10-06,1,14.42,Smart TV,2
user_04328,Standard,2024-08-28,1,8.6,Mobile,2
user_04329,Premium,2025-04-14,1,26.02,Desktop,2
user_04330,Basic,2022-10-17,0,10.19,Mobile,3
user_04331,Basic,2023-10-26,1,12.66,Mobile,5
user_04332,Premium,2023-02-13,1,27.72,Gaming Console,3
user_04333,Premium,2025-05-19,1,,Tablet,2
user_04334,Standard,2024-04-04,1,12.09,Tablet,2
user_04335,Basic,2023-01-12,1,15.76,Tablet,
user_04336,Standard,2023-01-27,1,9.79,Desktop,2
user_04337,Standard,2023-05-03,1,11.09,Desktop,4
user_04338,Basic,2024-11-27,1,4.89,Desktop,4
user_04339,Basic,2023-05-21,1,20.75,Laptop,3
user_04340,Premium+,2023-01-08,1,32.76,Laptop,2
user_04341,Premium,2022-12-09,1,7.25,Smart TV,4
user_04342,Premium,2024-06-06,1,6.66,Smart TV,2
user_04343,Basic,2023-05-01,0,4.66,Mobile,4
user_04344,Standard,2024-05-04,1,18.05,Smart TV,3
user_04345,Premium,2024-05-07,1,31.33,Gaming Console,
user_04346,Premium+,2023-12-25,0,10.19,Mobile,2
user_04347,Basic,2022-09-25,1,17.02,Tablet,2
user_04348,Basic,2023-07-28,1,27.13,Smart TV,4
user_04349,Standard,2022-08-17,1,4.42,Laptop,2
user_04350,Premium,2023-05-28,1,5.34,Mobile,4
user_04351,Basic,2025-05-25,1,,Desktop,1
user_04352,Basic,2023-01-12,1,9.55,Gaming Console,4
user_04353,Basic,2024-04-23,1,5.93,Gaming Console,1
user_04354,Basic,2024-08-22,1,7.89,Laptop,6
user_04355,Premium+,2025-06-25,1,17.68,Gaming Console,4
user_04356,Standard,2023-07-04,1,17.11,Mobile,2
user_04357,Premium+,2022-10-21,1,3.1,Tablet,
user_04358,Premium,2025-04-18,1,51.01,Smart TV,2
user_04359,Premium,2025-07-01,1,25.52,Desktop,2
user_04360,Premium,2025-05-13,0,11.34,Laptop,
user_04361,Premium+,2025-07-08,1,9.74,Desktop,
user_04362,Basic,2025-07-11,1,19.5,Gaming Console,1
user_04363,Standard,2024-07-14,1,5.14,Desktop,3
user_04364,Standard,2023-09-23,1,9.51,Mobile,3
user_04365,Standard,2024-02-15,1,16.29,Desktop,6
user_04366,Premium,2025-03-14,1,6.0,Laptop,2
user_04367,Standard,2024-07-28,1,13.48,Gaming Console,3
user_04368,Premium,2023-02-22,1,,Mobile,2
user_04369,Standard,2022-09-28,0,0.34,Desktop,2
user_04370,Premium,2024-08-23,0,11.68,Laptop,4
user_04371,Standard,2023-04-12,1,8.8,Mobile,3
user_04372,Standard,2023-06-10,0,16.99,Tablet,
user_04373,Premium+,2024-11-18,1,6.42,Mobile,1
user_04374,Premium,2024-07-25,1,890.65,Desktop,2
user_04375,Basic,2024-02-03,1,11.44,Smart TV,4
user_04376,Standard,2023-01-05,1,14.54,Laptop,1
user_04377,Premium+,2024-07-14,1,14.0,Tablet,1
user_04378,Standard,2023-12-12,1,1.51,Tablet,5
user_04379,Premium,2025-03-08,1,21.76,Mobile,2
user_04380,Basic,2024-01-09,1,28.73,Gaming Console,2
user_04381,Premium,2024-02-23,0,23.87,Gaming Console,2
user_04382,Premium,2022-09-17,0,3.42,Desktop,1
user_04383,Premium,2022-09-06,1,25.26,Laptop,
user_04384,Premium,2024-12-04,1,13.7,Desktop,3
user_04385,Premium,2023-09-18,0,13.7,Laptop,2
user_04386,Standard,2024-05-09,1,13.27,Laptop,2
user_04387,Standard,2024-08-25,0,4.9,Desktop,1
user_04388,Premium,2024-02-07,1,,Desktop,3
user_04389,Premium,2022-11-25,1,13.65,Smart TV,1
user_04390,Premium,2025-07-19,1,5.06,Tablet,3
user_04391,Basic,2024-09-21,1,35.3,Mobile,1
user_04392,Standard,2024-12-19,1,,Gaming Console,4
user_04393,Basic,2023-10-07,1,18.85,Desktop,8
user_04394,Standard,2025-02-21,1,12.09,Mobile,3
user_04395,Standard,2025-06-18,1,13.48,Laptop,2
user_04396,Standard,2024-10-30,1,21.99,Laptop,2
user_04397,Premium,2025-07-22,1,4.96,Desktop,
user_04398,Basic,2023-02-14,1,13.4,Mobile,4
user_04399,Standard,2024-08-14,0,9.06,Gaming Console,2
user_04400,Basic,2024-09-24,0,12.09,Mobile,4
user_04401,Standard,2025-04-22,1,,Gaming Console,1
user_04402,Premium,2024-03-29,0,,Mobile,1
user_04403,Basic,2023-12-29,1,6.76,Smart TV,1
user_04404,Premium,2022-09-16,1,5.5,Tablet,
user_04405,Standard,2025-07-06,1,3.05,Smart TV,1
user_04406,Premium,2023-08-26,1,6.27,Gaming Console,1
user_04407,Premium,2024-11-17,0,2.55,Laptop,2
user_04408,Standard,2024-12-24,1,9.11,Desktop,2
user_04409,Premium,2023-10-25,1,15.17,Smart TV,7
user_04410,Premium+,2025-05-27,1,,Tablet,
user_04411,Basic,2025-07-26,0,,Smart TV,4
user_04412,Premium,2024-11-12,0,18.68,Smart TV,1
user_04413,Standard,2023-04-18,1,26.61,Gaming Console,
user_04414,Basic,2023-03-25,1,51.84,Desktop,2
user_04415,Standard,2023-10-19,1,15.71,Desktop,1
user_04416,Standard,2022-10-27,1,23.98,Laptop,5
user_04417,Premium,2024-05-01,1,2.68,Mobile,3
user_04418,Premium,2023-06-15,1,17.72,Mobile,5
user_04419,Basic,2024-02-22,1,16.88,Mobile,
user_04420,Premium+,2025-03-23,0,6.51,Laptop,5
user_04421,Basic,2024-12-07,1,6.73,Desktop,2
user_04422,Premium,2023-03-10,1,6.19,Desktop,2
user_04423,Premium,2022-09-06,1,22.06,Mobile,2
user_04424,Premium,2022-08-17,1,34.78,Laptop,2
user_04425,Standard,2024-08-12,1,23.23,Smart TV,2
user_04426,Premium,2024-09-03,1,14.43,Laptop,1
user_04427,Premium,2024-07-23,1,10.99,Laptop,1
user_04428,Standard,2023-03-10,1,14.18,Gaming Console,2
user_04429,Standard,2023-06-08,1,10.48,Mobile,5
user_04430,Premium,2023-10-30,1,7.9,Desktop,6
user_04431,Premium,2024-03-14,1,11.14,Mobile,5
user_04432,Premium,2023-12-17,1,22.72,Laptop,2
user_04433,Basic,2023-01-07,1,6.06,Desktop,7
user_04434,Premium,2023-10-14,0,2.99,Mobile,1
user_04435,Premium,2022-08-05,1,28.99,Smart TV,5
user_04436,Basic,2023-09-19,1,7.05,Gaming Console,2
user_04437,Premium,2023-12-09,1,41.87,Mobile,5
user_04438,Premium,2023-07-20,0,7.41,Desktop,2
user_04439,Standard,2024-07-05,1,10.06,Smart TV,4
user_04440,Premium,2024-06-29,1,,Smart TV,1
user_04441,Premium,2025-03-31,1,4.93,Smart TV,
user_04442,Basic,2024-07-18,1,22.51,Desktop,2
user_04443,Premium,2024-03-23,1,27.56,Desktop,4
user_04444,Premium,2025-03-27,1,,Gaming Console,2
user_04445,Premium,2022-09-28,1,,Gaming Console,
user_04446,Premium,2023-02-17,1,45.57,Smart TV,5
user_04447,Premium,2022-09-11,1,6.64,Tablet,1
user_04448,Premium,2023-07-19,0,7.34,Smart TV,6
user_04449,Basic,2024-04-11,1,13.67,Mobile,5
user_04450,Premium,2024-01-20,1,17.29,Laptop,4
user_04451,Standard,2022-08-06,1,16.98,Laptop,3
user_04452,Premium,2024-07-14,1,4.3,Laptop,3
user_04453,Standard,2024-12-10,1,9.66,Gaming Console,2
user_04454,Standard,2024-08-20,0,12.94,Tablet,
user_04455,Standard,2023-07-18,1,12.58,Mobile,
user_04456,Standard,2023-05-22,1,16.87,Desktop,1
user_04457,Standard,2024-07-29,1,12.13,Tablet,5
user_04458,Premium+,2025-03-23,1,,Tablet,
user_04459,Basic,2023-04-16,1,13.11,Mobile,1
user_04460,Premium,2024-02-13,1,0.91,Laptop,3
user_04461,Premium,2023-11-22,1,32.16,Gaming Console,2
user_04462,Standard,2022-12-17,1,26.2,Desktop,2
user_04463,Premium,2024-02-01,1,30.56,Laptop,
user_04464,Premium+,2025-04-25,1,21.26,Desktop,4
user_04465,Standard,2023-11-20,1,8.88,Gaming Console,
user_04466,Premium,2024-08-06,0,,Mobile,2
user_04467,Standard,2024-07-30,1,3.68,Desktop,2
user_04468,Basic,2025-01-21,1,41.61,Mobile,6
user_04469,Standard,2023-12-31,0,15.54,Smart TV,4
user_04470,Premium,2024-07-27,1,15.22,Desktop,5
user_04471,Basic,2023-12-24,1,41.57,Gaming Console,
user_04472,Premium,2023-07-07,1,7.18,Tablet,1
user_04473,Premium+,2023-01-02,1,18.46,Desktop,3
user_04474,Premium+,2025-07-05,1,15.26,Laptop,
user_04475,Premium+,2024-03-08,0,7.71,Gaming Console,1
user_04476,Basic,2022-09-26,1,4.62,Laptop,4
user_04477,Standard,2024-06-05,1,10.48,Tablet,2
user_04478,Basic,2023-04-08,0,34.46,Laptop,1
user_04479,Premium,2025-04-05,0,12.86,Laptop,5
user_04480,Basic,2023-08-05,1,0.96,Laptop,3
user_04481,Premium,2023-02-17,1,14.57,Mobile,3
user_04482,Premium,2024-08-04,1,12.88,Laptop,2
user_04483,Premium,2024-08-31,1,11.1,Desktop,2
user_04484,Premium,2023-09-12,0,5.66,Laptop,2
user_04485,Standard,2025-07-19,1,6.09,Laptop,
user_04486,Standard,2023-07-31,0,20.03,Mobile,4
user_04487,Standard,2024-05-31,1,30.48,Desktop,
user_04488,Standard,2022-12-25,1,21.81,Tablet,3
user_04489,Premium,2023-09-09,0,1.55,Desktop,3
user_04490,Standard,2022-09-30,0,24.11,Tablet,5
user_04491,Premium,2022-08-03,1,6.61,Desktop,4
user_04492,Premium,2023-04-26,1,37.74,Gaming Console,8
user_04493,Basic,2023-11-18,1,24.98,Gaming Console,2
user_04494,Standard,2025-04-26,0,10.81,Laptop,3
user_04495,Basic,2025-06-19,1,22.18,Smart TV,3
user_04496,Premium+,2025-02-24,1,,Smart TV,
user_04497,Basic,2024-10-05,1,11.17,Laptop,2
user_04498,Standard,2023-11-06,1,,Mobile,5
user_04499,Premium+,2023-01-20,0,9.11,Gaming Console,2
user_04500,Standard,2022-09-25,1,,Smart TV,6
user_04501,Premium,2023-04-12,1,3.25,Laptop,3
user_04502,Premium,2025-05-12,1,26.45,Tablet,5
user_04503,Standard,2023-05-25,1,5.72,Tablet,5
user_04504,Premium,2024-12-14,1,21.4,Tablet,1
user_04505,Standard,2022-12-30,1,23.59,Laptop,1
user_04506,Premium,2023-09-14,1,41.65,Laptop,1
user_04507,Basic,2023-07-21,1,28.41,Laptop,3
user_04508,Premium,2023-06-24,1,28.31,Desktop,2
user_04509,Standard,2025-05-13,1,11.8,Desktop,2
user_04510,Premium,2023-01-09,1,10.63,Mobile,2
user_04511,Basic,2022-12-20,1,12.36,Gaming Console,3
user_04512,Premium,2023-05-02,1,24.88,Desktop,
user_04513,Premium+,2025-05-07,1,24.67,Gaming Console,3
user_04514,Standard,2023-05-05,1,,Smart TV,3
user_04515,Standard,2024-03-07,0,6.1,Gaming Console,2
user_04516,Premium,2023-12-17,0,23.16,Gaming Console,1
user_04517,Standard,2024-01-09,1,,Desktop,2
user_04518,Premium,2025-07-22,1,12.48,Desktop,6
user_04519,Premium,2025-07-25,1,26.17,Desktop,4
user_04520,Premium,2023-01-28,1,6.7,Smart TV,4
user_04521,Basic,2023-09-06,1,7.13,Gaming Console,4
user_04522,Basic,2024-08-06,1,11.69,Tablet,2
user_04523,Standard,2023-07-28,1,31.15,Tablet,2
user_04524,Premium,2023-06-06,1,31.68,Tablet,1
user_04525,Standard,2023-01-25,0,13.97,Smart TV,5
user_04526,Premium,2023-05-19,1,14.67,Tablet,1
user_04527,Premium,2023-07-18,1,20.78,Laptop,7
user_04528,Standard,2023-08-18,1,27.39,Tablet,4
user_04529,Premium,2024-02-29,1,4.97,Smart TV,4
user_04530,Standard,2024-12-09,1,10.14,Gaming Console,2
user_04531,Premium,2023-08-21,1,16.4,Smart TV,4
user_04532,Premium,2023-02-27,1,,Desktop,3
user_04533,Premium,2024-01-26,1,2.74,Laptop,2
user_04534,Premium+,2024-03-06,1,18.37,Desktop,6
user_04535,Premium,2024-07-01,1,5.11,Smart TV,2
user_04536,Premium,2024-01-09,0,12.06,Mobile,7
user_04537,Standard,2024-10-25,1,5.89,Mobile,4
user_04538,Standard,2024-05-03,0,11.76,Gaming Console,6
user_04539,Premium,2024-04-06,1,23.74,Laptop,
user_04540,Basic,2025-01-29,0,19.14,Tablet,4
user_04541,Basic,2024-12-18,1,27.88,Tablet,6
user_04542,Standard,2024-03-06,1,1.12,Tablet,5
user_04543,Premium,2024-03-31,1,42.01,Desktop,1
user_04544,Standard,2024-02-25,1,15.2,Tablet,
user_04545,Premium,2023-10-01,1,367.9,Gaming Console,4
user_04546,Standard,2023-03-01,1,18.83,Tablet,
user_04547,Standard,2023-01-30,1,4.16,Gaming Console,1
user_04548,Premium,2024-09-09,1,21.38,Laptop,1
user_04549,Premium,2023-09-04,1,24.67,Tablet,1
user_04550,Premium,2023-12-08,1,9.47,Mobile,6
user_04551,Premium,2022-12-08,1,18.55,Desktop,2
user_04552,Basic,2023-11-26,0,16.41,Mobile,3
user_04553,Standard,2024-04-26,1,27.71,Gaming Console,2
user_04554,Basic,2022-12-09,0,11.79,Smart TV,1
user_04555,Premium,2022-09-04,1,20.24,Mobile,4
user_04556,Premium,2024-06-10,1,0.44,Mobile,
user_04557,Premium+,2022-08-28,1,18.46,Smart TV,1
user_04558,Premium+,2023-02-23,1,21.6,Tablet,5
user_04559,Standard,2025-01-22,1,17.36,Desktop,
user_04560,Premium,2024-03-11,1,30.97,Desktop,1
user_04561,Premium,2023-03-12,1,33.14,Tablet,3
user_04562,Basic,2023-02-20,1,38.85,Gaming Console,3
user_04563,Premium,2024-08-29,1,10.31,Gaming Console,5
user_04564,Premium,2023-12-27,1,18.76,Smart TV,3
user_04565,Premium+,2022-09-01,1,8.83,Smart TV,3
user_04566,Premium+,2024-06-25,1,16.55,Tablet,3
user_04567,Premium+,2023-09-17,1,22.52,Mobile,4
user_04568,Basic,2024-06-09,1,19.54,Laptop,2
user_04569,Premium,2023-01-05,1,8.55,Smart TV,
user_04570,Standard,2024-10-17,1,31.2,Desktop,3
user_04571,Basic,2025-07-28,1,3.03,Laptop,3
user_04572,Premium,2024-03-18,1,6.17,Gaming Console,5
user_04573,Premium,2022-11-04,0,7.87,Smart TV,2
user_04574,Standard,2025-06-22,1,4.88,Desktop,5
user_04575,Premium,2024-08-07,1,19.33,Gaming Console,
user_04576,Premium,2023-08-16,1,,Desktop,5
user_04577,Premium+,2024-02-25,1,66.12,Laptop,2
user_04578,Standard,2024-02-26,1,11.97,Tablet,
user_04579,Basic,2025-01-22,1,3.91,Smart TV,2
user_04580,Premium,2023-11-18,1,23.23,Desktop,
user_04581,Standard,2025-03-31,1,4.69,Smart TV,5
user_04582,Standard,2022-11-28,1,32.97,Desktop,
user_04583,Premium+,2023-09-18,1,23.99,Gaming Console,1
user_04584,Premium+,2024-01-08,1,21.7,Gaming Console,5
user_04585,Standard,2023-02-15,1,22.96,Gaming Console,6
user_04586,Premium,2023-07-14,1,43.5,Smart TV,4
user_04587,Basic,2023-11-26,1,15.39,Smart TV,3
user_04588,Premium+,2023-03-05,1,16.63,Mobile,
user_04589,Basic,2024-12-31,1,3.86,Laptop,1
user_04590,Standard,2022-09-20,1,15.89,Laptop,5
user_04591,Standard,2025-04-03,0,,Smart TV,3
user_04592,Premium,2025-07-26,0,,Tablet,
user_04593,Premium+,2022-09-30,1,,Tablet,
user_04594,Standard,2023-08-17,1,12.96,Smart TV,4
user_04595,Premium+,2025-02-28,0,27.43,Laptop,4
user_04596,Premium,2023-07-30,1,4.25,Desktop,2
user_04597,Standard,2023-03-01,1,16.74,Tablet,4
user_04598,Standard,2024-12-22,1,10.38,Mobile,
user_04599,Premium+,2022-08-13,0,4.15,Laptop,2
user_04600,Premium,2024-03-19,1,12.09,Smart TV,6
user_04601,Standard,2023-12-14,1,21.88,Laptop,6
user_04602,Basic,2024-09-07,1,1.28,Desktop,3
user_04603,Standard,2022-10-28,1,10.04,Tablet,4
user_04604,Premium+,2024-07-24,1,16.53,Tablet,
user_04605,Basic,2023-02-14,1,,Desktop,7
user_04606,Basic,2022-09-22,0,4.62,Gaming Console,2
user_04607,Basic,2024-04-18,1,9.74,Tablet,3
user_04608,Standard,2023-02-04,1,3.89,Tablet,2
user_04609,Premium+,2023-09-01,1,6.12,Desktop,6
user_04610,Premium,2023-11-04,1,26.86,Smart TV,2
user_04611,Standard,2024-09-28,0,30.61,Smart TV,4
user_04612,Premium,2024-06-04,1,14.86,Smart TV,1
user_04613,Premium,2024-08-18,1,2.84,Desktop,3
user_04614,Premium,2025-03-20,1,8.78,Laptop,2
user_04615,Standard,2023-08-21,1,22.72,Tablet,5
user_04616,Standard,2024-12-27,1,7.35,Gaming Console,1
user_04617,Standard,2024-02-17,1,29.08,Gaming Console,
user_04618,Standard,2024-02-08,1,19.25,Laptop,2
user_04619,Premium+,2024-03-16,1,12.84,Laptop,2
user_04620,Standard,2024-09-25,0,16.59,Smart TV,2
user_04621,Premium,2022-11-24,1,5.09,Tablet,3
user_04622,Premium,2022-12-28,1,2.96,Tablet,2
user_04623,Premium,2022-09-29,1,13.85,Laptop,3
user_04624,Standard,2023-03-09,1,8.34,Smart TV,1
user_04625,Premium+,2025-06-24,1,3.21,Mobile,2
user_04626,Standard,2025-04-06,0,19.8,Mobile,
user_04627,Premium+,2025-07-16,0,4.66,Desktop,3
user_04628,Premium,2023-03-02,1,38.22,Laptop,4
user_04629,Standard,2025-04-17,1,22.41,Tablet,2
user_04630,Standard,2022-11-29,1,7.59,Laptop,2
user_04631,Premium+,2023-04-09,1,12.36,Laptop,5
user_04632,Standard,2024-08-22,0,27.16,Gaming Console,4
user_04633,Premium+,2024-01-01,1,18.36,Gaming Console,4
user_04634,Standard,2022-09-12,1,21.38,Gaming Console,4
user_04635,Standard,2023-07-13,1,7.43,Desktop,6
user_04636,Premium,2024-09-09,1,18.51,Smart TV,4
user_04637,Basic,2023-07-11,1,6.24,Desktop,6
user_04638,Premium+,2024-05-17,1,33.62,Tablet,4
user_04639,Standard,2023-09-12,1,20.29,Laptop,1
user_04640,Standard,2022-08-17,1,,Smart TV,
user_04641,Premium,2023-09-05,0,28.98,Desktop,6
user_04642,Basic,2024-01-08,1,9.88,Gaming Console,2
user_04643,Premium,2024-12-26,1,20.81,Smart TV,2
user_04644,Standard,2023-11-11,1,16.93,Tablet,1
user_04645,Standard,2022-09-07,1,53.99,Mobile,2
user_04646,Premium,2024-08-15,1,8.12,Tablet,2
user_04647,Basic,2023-01-04,1,17.96,Smart TV,2
user_04648,Premium,2022-09-18,1,16.96,Smart TV,2
user_04649,Standard,2022-09-05,1,9.05,Desktop,3
user_04650,Standard,2024-09-15,1,9.52,Mobile,
user_04651,Premium,2025-03-19,1,12.84,Gaming Console,2
user_04652,Standard,2024-06-21,1,9.58,Smart TV,5
user_04653,Standard,2023-04-26,0,48.57,Laptop,2
user_04654,Premium,2024-01-26,1,,Gaming Console,1
user_04655,Basic,2022-09-07,0,15.57,Mobile,1
user_04656,Standard,2023-10-26,1,17.17,Desktop,4
user_04657,Premium+,2022-10-04,1,,Laptop,8
user_04658,Premium,2024-04-09,1,16.59,Desktop,2
user_04659,Standard,2022-12-26,1,18.11,Tablet,8
user_04660,Premium,2023-01-15,1,35.96,Mobile,1
user_04661,Standard,2025-04-06,1,18.88,Laptop,1
user_04662,Basic,2023-08-07,1,14.24,Smart TV,2
user_04663,Premium,2022-08-10,1,9.82,Smart TV,3
user_04664,Basic,2024-05-11,1,6.91,Tablet,5
user_04665,Premium,2023-05-14,0,2.67,Tablet,3
user_04666,Standard,2023-12-31,1,6.83,Smart TV,6
user_04667,Premium,2023-02-26,1,,Smart TV,2
user_04668,Basic,2024-12-23,0,21.4,Smart TV,4
user_04669,Standard,2025-07-31,1,13.47,Smart TV,
user_04670,Standard,2025-05-05,1,14.3,Mobile,4
user_04671,Premium,2022-10-19,1,12.65,Smart TV,1
user_04672,Premium,2023-07-14,1,6.37,Smart TV,2
user_04673,Standard,2023-07-06,1,15.75,Tablet,3
user_04674,Standard,2024-09-15,1,9.94,Smart TV,2
user_04675,Standard,2025-05-09,1,292.96,Gaming Console,2
user_04676,Premium,2024-11-05,0,10.17,Desktop,4
user_04677,Basic,2024-05-22,0,,Tablet,2
user_04678,Standard,2025-03-14,1,14.04,Gaming Console,2
user_04679,Basic,2023-10-08,1,20.72,Smart TV,1
user_04680,Premium,2025-04-13,1,8.1,Gaming Console,2
user_04681,Basic,2024-01-11,1,30.17,Gaming Console,
user_04682,Premium,2023-09-11,0,24.04,Tablet,3
user_04683,Premium,2024-02-07,1,13.01,Tablet,
user_04684,Premium,2025-03-19,1,18.13,Laptop,3
user_04685,Standard,2024-02-18,1,40.44,Smart TV,8
user_04686,Premium,2024-01-15,1,6.02,Tablet,4
user_04687,Basic,2024-09-19,0,10.77,Smart TV,1
user_04688,Standard,2025-02-18,1,30.44,Gaming Console,5
user_04689,Basic,2025-05-24,1,4.81,Smart TV,2
user_04690,Standard,2022-12-17,1,,Tablet,2
user_04691,Basic,2024-03-07,0,9.7,Smart TV,4
user_04692,Premium,2023-07-11,1,9.23,Mobile,3
user_04693,Standard,2024-06-25,1,14.51,Mobile,7
user_04694,Basic,2024-07-11,1,23.74,Laptop,
user_04695,Standard,2024-08-21,1,9.23,Mobile,2
user_04696,Standard,2024-08-30,1,9.43,Smart TV,2
user_04697,Standard,2023-12-01,1,23.56,Tablet,2
user_04698,Premium+,2023-07-09,1,,Smart TV,8
user_04699,Premium+,2024-07-11,1,22.6,Tablet,
user_04700,Basic,2022-11-28,1,8.87,Laptop,2
user_04701,Standard,2023-09-14,1,37.58,Laptop,2
user_04702,Premium+,2023-03-22,1,5.05,Mobile,1
user_04703,Premium,2023-12-02,1,22.89,Gaming Console,
user_04704,Basic,2022-11-24,1,71.87,Mobile,2
user_04705,Premium,2023-07-17,1,20.49,Laptop,1
user_04706,Standard,2022-08-23,1,16.06,Smart TV,3
user_04707,Premium,2024-04-28,1,29.15,Gaming Console,2
user_04708,Premium,2025-05-22,1,22.09,Smart TV,4
user_04709,Basic,2023-12-12,1,11.23,Mobile,3
user_04710,Standard,2024-07-09,1,22.6,Gaming Console,4
user_04711,Standard,2024-09-30,1,16.5,Gaming Console,3
user_04712,Premium,2023-04-21,0,17.44,Laptop,7
user_04713,Premium,2023-03-30,1,21.21,Laptop,
user_04714,Premium,2023-04-03,1,23.41,Desktop,2
user_04715,Standard,2023-03-28,1,13.97,Smart TV,2
user_04716,Standard,2025-04-20,1,7.38,Gaming Console,2
user_04717,Premium,2024-05-09,1,15.45,Gaming Console,1
user_04718,Standard,2023-10-08,1,25.19,Gaming Console,2
user_04719,Standard,2025-03-29,0,25.45,Mobile,3
user_04720,Standard,2025-05-25,0,18.85,Desktop,2
user_04721,Premium,2024-01-10,1,12.28,Desktop,3
user_04722,Standard,2025-07-08,0,8.04,Laptop,2
user_04723,Premium,2024-04-24,0,6.39,Smart TV,2
user_04724,Standard,2022-09-05,1,17.9,Tablet,2
user_04725,Standard,2024-07-18,1,18.66,Laptop,1
user_04726,Premium,2025-02-22,0,,Laptop,
user_04727,Premium,2023-07-05,1,8.83,Tablet,4
user_04728,Premium,2022-11-28,1,3.47,Mobile,5
user_04729,Standard,2025-01-26,1,23.86,Desktop,3
user_04730,Standard,2024-04-20,1,16.61,Desktop,2
user_04731,Basic,2025-04-06,1,18.56,Smart TV,
user_04732,Premium,2023-05-02,1,19.18,Tablet,6
user_04733,Premium,2024-03-02,1,23.48,Smart TV,6
user_04734,Premium,2025-03-20,1,9.11,Tablet,4
user_04735,Premium,2023-02-16,1,8.86,Tablet,3
user_04736,Premium,2023-12-29,1,11.45,Smart TV,
user_04737,Standard,2025-08-01,0,51.2,Mobile,3
user_04738,Premium+,2024-06-01,1,14.45,Smart TV,1
user_04739,Premium,2022-11-30,1,7.29,Mobile,4
user_04740,Standard,2022-11-29,1,23.48,Desktop,3
user_04741,Standard,2024-11-17,1,659.79,Smart TV,2
user_04742,Standard,2023-01-17,1,18.69,Gaming Console,3
user_04743,Standard,2023-02-26,0,25.99,Laptop,2
user_04744,Premium,2022-11-24,1,2.35,Laptop,4
user_04745,Premium,2023-07-19,1,29.72,Gaming Console,7
user_04746,Premium,2024-02-20,1,19.87,Laptop,3
user_04747,Premium,2024-02-15,1,18.16,Mobile,3
user_04748,Premium,2023-07-08,1,10.42,Mobile,2
user_04749,Premium+,2024-09-17,1,5.18,Laptop,6
user_04750,Premium,2024-07-15,1,17.91,Smart TV,2
user_04751,Basic,2025-06-27,1,12.38,Desktop,3
user_04752,Premium,2025-04-15,0,24.55,Desktop,1
user_04753,Standard,2024-12-10,1,2.98,Desktop,1
user_04754,Premium,2022-10-09,1,2.36,Mobile,2
user_04755,Standard,2025-07-11,1,14.44,Gaming Console,3
user_04756,Premium,2025-03-16,1,28.75,Desktop,4
user_04757,Premium,2023-07-24,1,2.64,Smart TV,1
user_04758,Premium,2023-02-13,1,20.14,Tablet,2
user_04759,Premium,2023-01-01,0,4.08,Gaming Console,2
user_04760,Premium,2023-01-28,1,23.92,Desktop,2
user_04761,Basic,2023-06-16,0,11.7,Tablet,2
user_04762,Premium+,2023-11-12,1,14.68,Desktop,
user_04763,Premium,2025-02-21,1,42.25,Tablet,5
user_04764,Premium,2024-08-21,1,14.78,Laptop,8
user_04765,Basic,2024-12-16,1,8.34,Tablet,4
user_04766,Basic,2023-06-25,1,30.62,Gaming Console,
user_04767,Basic,2025-06-06,1,17.12,Tablet,2
user_04768,Premium,2023-08-09,1,7.55,Gaming Console,2
user_04769,Premium+,2024-07-25,1,,Tablet,1
user_04770,Standard,2025-02-13,1,84.77,Laptop,1
user_04771,Standard,2024-09-20,1,27.75,Smart TV,
user_04772,Premium,2024-04-17,1,,Smart TV,2
user_04773,Standard,2023-05-31,1,22.04,Smart TV,1
user_04774,Premium+,2024-08-27,1,26.7,Desktop,3
user_04775,Basic,2023-06-22,1,6.92,Laptop,8
user_04776,Standard,2022-10-16,1,8.66,Smart TV,2
user_04777,Premium+,2023-10-14,1,7.47,Gaming Console,1
user_04778,Premium+,2024-05-29,0,39.44,Smart TV,4
user_04779,Standard,2024-02-10,1,,Tablet,
user_04780,Premium,2022-10-07,1,4.44,Mobile,2
user_04781,Standard,2023-08-05,1,31.73,Tablet,
user_04782,Premium,2022-10-10,1,51.25,Desktop,3
user_04783,Premium,2022-11-06,1,17.5,Gaming Console,1
user_04784,Standard,2024-03-20,1,11.49,Mobile,2
user_04785,Premium,2023-03-05,1,7.87,Mobile,2
user_04786,Premium,2025-02-18,1,13.62,Tablet,3
user_04787,Basic,2025-05-31,0,,Mobile,
user_04788,Basic,2024-01-12,1,5.24,Tablet,
user_04789,Standard,2023-07-31,1,5.05,Desktop,
user_04790,Standard,2022-11-23,1,12.17,Tablet,3
user_04791,Premium+,2023-06-19,1,244.79,Smart TV,4
user_04792,Premium,2024-01-03,1,9.77,Gaming Console,2
user_04793,Premium,2024-05-18,1,30.74,Smart TV,7
user_04794,Standard,2025-03-20,0,6.04,Desktop,5
user_04795,Premium,2024-09-29,1,,Mobile,2
user_04796,Standard,2023-04-06,1,22.12,Smart TV,
user_04797,Premium,2023-09-22,1,33.41,Smart TV,1
user_04798,Premium,2022-08-30,1,11.48,Gaming Console,
user_04799,Premium,2023-06-22,1,8.99,Tablet,
user_04800,Basic,2022-10-04,1,13.67,Smart TV,4
user_04801,Premium,2025-02-19,1,32.49,Tablet,2
user_04802,Basic,2023-11-01,1,0.49,Desktop,2
user_04803,Standard,2025-01-31,1,9.72,Desktop,1
user_04804,Basic,2024-09-13,1,5.84,Desktop,8
user_04805,Premium+,2024-10-28,1,21.78,Tablet,2
user_04806,Premium,2025-06-13,1,7.23,Laptop,3
user_04807,Premium,2025-04-28,1,7.25,Gaming Console,2
user_04808,Basic,2025-01-24,1,43.11,Desktop,2
user_04809,Premium,2022-11-06,1,19.29,Tablet,2
user_04810,Basic,2024-10-11,0,2.75,Gaming Console,4
user_04811,Premium,2024-08-05,1,21.28,Desktop,5
user_04812,Standard,2024-09-14,1,18.21,Gaming Console,3
user_04813,Premium+,2023-01-28,1,9.71,Mobile,4
user_04814,Standard,2024-08-27,1,25.44,Mobile,2
user_04815,Standard,2024-11-20,1,9.14,Tablet,4
user_04816,Standard,2025-02-13,1,3.67,Mobile,3
user_04817,Premium,2024-01-13,1,15.13,Tablet,2
user_04818,Standard,2023-10-30,1,11.23,Mobile,1
user_04819,Premium+,2023-02-23,1,13.82,Smart TV,2
user_04820,Basic,2025-03-25,1,9.32,Gaming Console,2
user_04821,Basic,2023-08-28,1,16.94,Gaming Console,2
user_04822,Standard,2023-02-14,1,17.08,Gaming Console,
user_04823,Standard,2022-09-25,1,26.52,Gaming Console,6
user_04824,Premium,2024-11-07,1,10.69,Smart TV,5
user_04825,Premium+,2024-07-05,1,15.75,Tablet,5
user_04826,Standard,2025-06-13,1,20.11,Gaming Console,3
user_04827,Standard,2023-05-18,1,3.69,Desktop,5
user_04828,Premium,2025-04-03,1,13.54,Desktop,1
user_04829,Standard,2023-07-08,1,30.13,Gaming Console,8
user_04830,Premium,2024-03-27,1,39.55,Desktop,1
user_04831,Premium,2024-01-12,1,12.06,Smart TV,2
user_04832,Basic,2023-07-23,1,5.15,Gaming Console,3
user_04833,Premium,2024-12-03,1,16.31,Gaming Console,2
user_04834,Premium+,2022-09-25,1,13.87,Gaming Console,5
user_04835,Premium+,2023-10-22,1,9.5,Desktop,3
user_04836,Premium,2024-03-15,1,8.6,Tablet,6
user_04837,Premium,2024-05-08,1,15.89,Mobile,
user_04838,Premium,2025-02-11,1,,Mobile,1
user_04839,Premium,2024-04-09,1,13.82,Gaming Console,2
user_04840,Premium+,2023-10-03,1,10.78,Desktop,4
user_04841,Basic,2022-08-09,1,14.28,Tablet,3
user_04842,Premium,2023-07-17,1,5.12,Smart TV,3
user_04843,Premium,2024-03-18,1,36.86,Laptop,1
user_04844,Premium,2023-06-05,1,30.65,Mobile,2
user_04845,Premium,2024-05-10,1,5.6,Smart TV,2
user_04846,Standard,2023-03-12,1,10.34,Gaming Console,1
user_04847,Premium+,2023-10-04,1,46.39,Gaming Console,2
user_04848,Standard,2024-02-10,1,31.87,Tablet,3
user_04849,Standard,2025-01-17,1,43.38,Desktop,2
user_04850,Basic,2025-05-14,1,17.99,Gaming Console,1
user_04851,Premium+,2025-05-28,1,,Smart TV,3
user_04852,Standard,2025-05-17,0,,Mobile,2
user_04853,Standard,2022-09-22,1,11.49,Smart TV,5
user_04854,Premium,2023-05-09,1,17.7,Mobile,2
user_04855,Basic,2023-02-17,1,14.05,Desktop,4
user_04856,Standard,2024-09-21,1,7.72,Smart TV,4
user_04857,Standard,2023-01-02,0,19.59,Desktop,3
user_04858,Premium,2023-06-15,1,14.31,Mobile,2
user_04859,Basic,2024-10-31,1,,Laptop,3
user_04860,Standard,2025-05-26,1,1.99,Tablet,2
user_04861,Premium,2024-06-30,0,8.11,Smart TV,
user_04862,Standard,2023-08-02,1,29.25,Gaming Console,1
user_04863,Premium,2024-03-17,0,8.66,Gaming Console,1
user_04864,Premium,2025-02-07,1,15.35,Tablet,4
user_04865,Premium,2022-10-26,1,6.69,Mobile,3
user_04866,Premium+,2024-01-30,1,2.78,Smart TV,5
user_04867,Premium,2025-03-21,1,23.32,Desktop,
user_04868,Standard,2024-04-14,1,10.71,Smart TV,2
user_04869,Premium,2023-07-02,1,13.74,Smart TV,4
user_04870,Premium,2025-03-03,1,7.9,Tablet,2
user_04871,Standard,2023-01-20,1,10.44,Tablet,6
user_04872,Standard,2022-11-28,1,9.37,Smart TV,4
user_04873,Standard,2022-11-04,1,13.3,Gaming Console,4
user_04874,Standard,2024-02-22,1,4.22,Laptop,3
user_04875,Standard,2025-05-26,1,,Desktop,5
user_04876,Premium,2025-03-06,1,8.01,Laptop,1
user_04877,Basic,2024-02-07,1,,Mobile,5
user_04878,Standard,2024-12-23,1,26.51,Tablet,5
user_04879,Basic,2023-05-29,1,15.63,Mobile,5
user_04880,Standard,2025-01-08,1,19.17,Gaming Console,1
user_04881,Premium,2023-10-20,0,8.07,Tablet,3
user_04882,Premium,2024-10-11,1,9.15,Tablet,
user_04883,Standard,2024-02-15,0,9.22,Tablet,1
user_04884,Standard,2023-03-03,1,9.65,Laptop,1
user_04885,Premium+,2024-01-11,1,4.62,Tablet,3
user_04886,Premium,2023-02-02,1,12.91,Tablet,
user_04887,Premium,2023-02-03,1,6.73,Smart TV,2
user_04888,Basic,2024-06-14,1,35.07,Laptop,2
user_04889,Standard,2025-06-13,1,10.41,Gaming Console,4
user_04890,Premium,2024-03-27,0,,Smart TV,3
user_04891,Basic,2022-08-07,1,4.04,Gaming Console,2
user_04892,Standard,2023-10-08,1,13.85,Smart TV,2
user_04893,Basic,2025-02-02,1,26.15,Mobile,2
user_04894,Premium,2023-10-13,1,8.18,Smart TV,3
user_04895,Basic,2025-03-14,1,17.67,Smart TV,3
user_04896,Premium,2023-09-22,1,37.05,Tablet,1
user_04897,Premium,2024-02-24,1,23.13,Smart TV,
user_04898,Standard,2024-08-05,1,,Desktop,1
user_04899,Premium,2022-09-12,1,14.35,Desktop,5
user_04900,Basic,2023-11-20,1,10.25,Desktop,3
user_04901,Premium,2025-06-09,1,27.89,Mobile,6
user_04902,Standard,2024-06-27,1,39.72,Laptop,2
user_04903,Premium,2023-09-10,1,20.01,Gaming Console,3
user_04904,Standard,2023-12-13,1,17.59,Tablet,2
user_04905,Standard,2024-07-26,0,0.38,Smart TV,2
user_04906,Premium+,2024-03-15,0,,Gaming Console,
user_04907,Basic,2024-04-05,1,19.81,Mobile,2
user_04908,Premium,2025-05-07,1,19.16,Tablet,4
user_04909,Premium,2025-06-10,1,4.66,Desktop,2
user_04910,Basic,2024-08-08,0,10.65,Gaming Console,
user_04911,Premium,2025-04-10,1,13.27,Tablet,5
user_04912,Basic,2023-01-06,1,22.09,Smart TV,2
user_04913,Premium+,2023-07-14,1,27.91,Mobile,4
user_04914,Premium,2023-01-23,1,11.17,Laptop,4
user_04915,Standard,2024-07-02,1,43.03,Tablet,3
user_04916,Standard,2025-02-24,1,24.76,Tablet,4
user_04917,Basic,2024-01-23,1,3.85,Smart TV,3
user_04918,Standard,2024-04-14,1,8.52,Desktop,3
user_04919,Basic,2024-11-16,1,660.38,Laptop,
user_04920,Basic,2024-04-14,1,12.61,Smart TV,2
user_04921,Premium+,2022-12-21,1,6.67,Gaming Console,3
user_04922,Standard,2023-01-28,1,8.82,Desktop,5
user_04923,Premium,2024-01-09,1,12.79,Desktop,
user_04924,Standard,2024-05-10,1,24.82,Desktop,2
user_04925,Premium,2022-12-14,1,,Desktop,1
user_04926,Standard,2024-09-13,1,9.86,Mobile,1
user_04927,Premium+,2023-09-05,1,19.46,Desktop,3
user_04928,Premium,2024-02-15,0,0.72,Mobile,1
user_04929,Premium,2022-08-11,1,7.82,Smart TV,6
user_04930,Premium,2025-06-16,1,37.23,Mobile,2
user_04931,Basic,2024-01-20,1,22.36,Smart TV,4
user_04932,Standard,2024-12-23,1,23.27,Desktop,2
user_04933,Basic,2025-05-04,1,17.31,Smart TV,2
user_04934,Basic,2024-07-02,1,18.07,Gaming Console,3
user_04935,Standard,2025-07-14,1,11.61,Mobile,
user_04936,Premium,2024-04-16,1,14.88,Laptop,3
user_04937,Premium,2024-09-24,0,19.62,Smart TV,2
user_04938,Standard,2023-10-17,1,11.73,Laptop,1
user_04939,Premium,2024-07-05,1,7.61,Laptop,2
user_04940,Basic,2022-11-21,1,,Smart TV,
user_04941,Premium,2023-08-20,0,6.56,Gaming Console,2
user_04942,Standard,2023-07-22,1,31.44,Smart TV,2
user_04943,Premium,2023-06-19,0,7.16,Desktop,1
user_04944,Standard,2022-12-14,1,,Gaming Console,2
user_04945,Standard,2022-11-14,0,,Gaming Console,2
user_04946,Premium,2024-06-09,1,11.37,Desktop,2
user_04947,Standard,2024-02-05,1,11.57,Gaming Console,4
user_04948,Standard,2024-08-09,1,26.38,Mobile,4
user_04949,Basic,2022-11-01,1,14.66,Tablet,2
user_04950,Premium+,2023-07-19,1,13.83,Desktop,2
user_04951,Standard,2023-02-19,1,23.84,Laptop,2
user_04952,Premium,2025-02-27,1,8.8,Desktop,2
user_04953,Standard,2024-05-04,0,16.26,Tablet,2
user_04954,Premium+,2024-01-15,1,9.44,Laptop,
user_04955,Premium,2025-02-04,1,,Desktop,2
user_04956,Standard,2024-12-28,1,45.03,Mobile,2
user_04957,Standard,2024-03-25,1,20.38,Mobile,4
user_04958,Premium+,2022-11-01,1,14.2,Mobile,4
user_04959,Premium,2023-03-30,1,11.16,Smart TV,2
user_04960,Standard,2025-07-17,1,24.04,Desktop,4
user_04961,Standard,2022-08-22,0,14.6,Laptop,
user_04962,Standard,2023-02-07,1,12.64,Mobile,3
user_04963,Premium,2025-02-27,1,6.14,Tablet,2
user_04964,Standard,2022-08-29,1,23.07,Mobile,3
user_04965,Standard,2023-09-10,1,13.07,Laptop,1
user_04966,Premium,2022-10-04,1,17.28,Laptop,1
user_04967,Basic,2023-08-24,1,39.51,Smart TV,
user_04968,Premium,2023-04-10,0,24.38,Tablet,3
user_04969,Premium,2023-09-13,1,27.4,Laptop,3
user_04970,Premium,2024-08-27,1,5.93,Laptop,1
user_04971,Premium+,2023-05-31,1,24.52,Smart TV,7
user_04972,Standard,2023-08-29,1,13.84,Desktop,3
user_04973,Standard,2025-02-13,0,7.43,Mobile,6
user_04974,Standard,2024-04-07,1,,Laptop,1
user_04975,Basic,2025-04-24,1,10.01,Smart TV,1
user_04976,Standard,2024-11-12,1,4.25,Laptop,3
user_04977,Standard,2025-05-19,1,15.06,Laptop,4
user_04978,Standard,2024-03-25,1,21.58,Mobile,3
user_04979,Standard,2025-06-24,1,3.38,Smart TV,1
user_04980,Premium+,2024-03-21,1,6.06,Laptop,
user_04981,Premium+,2025-04-25,0,3.08,Mobile,1
user_04982,Premium+,2023-05-02,1,5.56,Mobile,2
user_04983,Standard,2025-03-15,1,10.25,Gaming Console,2
user_04984,Basic,2024-11-13,1,19.83,Desktop,3
user_04985,Standard,2023-07-03,1,,Mobile,3
user_04986,Basic,2025-06-15,1,10.13,Tablet,2
user_04987,Premium,2022-09-21,1,9.18,Tablet,2
user_04988,Premium,2024-12-14,1,11.8,Smart TV,3
user_04989,Premium,2023-02-14,1,10.76,Smart TV,3
user_04990,Premium,2023-08-15,0,2.9,Desktop,3
user_04991,Premium,2023-04-22,1,11.99,Tablet,
user_04992,Standard,2022-11-27,1,12.25,Desktop,3
user_04993,Standard,2022-09-13,1,14.98,Desktop,
user_04994,Premium,2022-11-16,1,25.99,Gaming Console,2
user_04995,Standard,2023-05-02,1,7.95,Tablet,4
user_04996,Standard,2024-05-10,1,12.15,Mobile,1
user_04997,Basic,2024-03-15,0,13.94,Mobile,2
user_04998,Standard,2023-03-22,1,17.7,Smart TV,5
user_04999,Standard,2022-12-09,1,16.39,Desktop,2
user_05000,Standard,2023-05-18,1,14.4,Mobile,3
user_05001,Premium,2023-07-04,1,13.62,Mobile,5
user_05002,Premium,2022-10-01,0,,Tablet,3
user_05003,Basic,2024-05-07,1,15.2,Mobile,4
user_05004,Premium,2024-01-03,1,,Gaming Console,2
user_05005,Standard,2024-08-29,1,7.91,Smart TV,2
user_05006,Standard,2025-05-23,1,7.42,Gaming Console,4
user_05007,Basic,2024-11-27,0,8.29,Desktop,3
user_05008,Premium,2024-11-04,1,23.63,Mobile,3
user_05009,Basic,2024-02-25,0,31.54,Mobile,1
user_05010,Basic,2025-01-30,1,20.21,Tablet,4
user_05011,Premium,2024-11-23,1,23.88,Mobile,1
user_05012,Premium+,2025-01-03,1,11.32,Laptop,1
user_05013,Standard,2023-04-03,1,12.47,Desktop,
user_05014,Premium,2025-05-29,1,29.93,Laptop,3
user_05015,Premium,2022-11-29,1,34.21,Laptop,2
user_05016,Standard,2024-12-18,1,,Smart TV,3
user_05017,Basic,2024-10-03,1,,Mobile,2
user_05018,Standard,2023-04-19,1,20.12,Laptop,2
user_05019,Premium,2025-05-18,1,31.74,Mobile,6
user_05020,Premium,2023-10-26,1,,Smart TV,3
user_05021,Standard,2025-06-09,1,15.68,Smart TV,1
user_05022,Premium,2023-05-03,0,5.15,Desktop,3
user_05023,Premium,2023-09-16,1,24.86,Tablet,
user_05024,Premium,2023-05-09,1,8.59,Tablet,5
user_05025,Premium,2025-07-20,1,26.08,Gaming Console,6
user_05026,Premium,2022-11-01,1,8.43,Mobile,
user_05027,Premium+,2024-08-10,1,11.48,Tablet,6
user_05028,Premium,2025-01-16,1,25.26,Smart TV,7
user_05029,Premium,2023-06-23,1,8.11,Tablet,
user_05030,Standard,2022-08-12,0,21.9,Gaming Console,
user_05031,Standard,2022-11-25,1,5.79,Desktop,1
user_05032,Standard,2024-10-19,1,4.99,Tablet,2
user_05033,Premium,2024-02-09,1,14.45,Tablet,2
user_05034,Basic,2025-05-31,1,10.39,Smart TV,2
user_05035,Premium,2025-04-30,1,14.33,Tablet,4
user_05036,Basic,2023-12-07,1,4.66,Desktop,4
user_05037,Standard,2025-03-09,1,13.77,Laptop,4
user_05038,Basic,2024-09-20,1,,Laptop,1
user_05039,Premium+,2023-04-08,1,16.41,Smart TV,2
user_05040,Standard,2023-04-23,0,7.42,Smart TV,4
user_05041,Standard,2025-05-05,1,,Laptop,2
user_05042,Basic,2024-04-27,1,13.81,Gaming Console,3
user_05043,Premium,2023-07-08,0,8.12,Laptop,1
user_05044,Standard,2022-08-09,1,32.97,Laptop,2
user_05045,Premium,2022-08-05,0,9.23,Laptop,3
user_05046,Premium,2025-07-11,1,15.56,Tablet,3
user_05047,Standard,2023-06-05,1,38.59,Gaming Console,2
user_05048,Standard,2023-04-01,1,27.73,Smart TV,3
user_05049,Premium,2025-03-07,0,8.49,Smart TV,2
user_05050,Standard,2025-04-01,0,24.0,Smart TV,3
user_05051,Premium+,2025-01-26,1,38.28,Desktop,3
user_05052,Premium,2024-01-09,1,,Smart TV,1
user_05053,Basic,2024-09-12,1,12.21,Gaming Console,2
user_05054,Premium,2024-03-22,1,15.88,Laptop,2
user_05055,Premium+,2023-12-18,1,,Laptop,3
user_05056,Basic,2024-09-19,1,9.19,Mobile,2
user_05057,Standard,2023-08-28,1,10.97,Gaming Console,1
user_05058,Premium,2022-11-12,1,29.14,Smart TV,4
user_05059,Premium,2024-07-17,1,18.79,Gaming Console,3
user_05060,Premium,2023-03-02,1,,Laptop,
user_05061,Premium+,2025-02-17,1,486.98,Laptop,2
user_05062,Basic,2023-12-18,1,3.23,Smart TV,3
user_05063,Premium+,2023-02-07,1,2.2,Tablet,3
user_05064,Basic,2022-12-20,1,31.0,Desktop,
user_05065,Premium,2025-03-25,1,23.05,Tablet,5
user_05066,Premium,2025-06-24,1,6.38,Tablet,6
user_05067,Standard,2023-08-19,1,25.71,Desktop,5
user_05068,Premium,2024-11-11,1,35.68,Gaming Console,4
user_05069,Basic,2024-10-09,1,7.2,Desktop,2
user_05070,Standard,2023-07-26,1,,Mobile,
user_05071,Basic,2025-02-21,1,21.56,Laptop,1
user_05072,Basic,2024-11-12,1,24.66,Gaming Console,2
user_05073,Premium,2024-07-30,1,,Desktop,2
user_05074,Premium+,2023-07-13,1,23.73,Gaming Console,2
user_05075,Premium+,2025-06-12,1,18.25,Smart TV,4
user_05076,Premium,2022-08-09,0,3.33,Smart TV,2
user_05077,Standard,2024-02-19,0,23.25,Smart TV,3
user_05078,Basic,2023-07-16,1,29.24,Desktop,3
user_05079,Premium,2022-11-17,1,34.21,Tablet,
user_05080,Premium,2024-06-02,1,,Laptop,1
user_05081,Premium,2025-01-17,1,18.45,Laptop,2
user_05082,Premium,2024-08-17,1,6.93,Laptop,3
user_05083,Basic,2024-06-02,1,6.12,Tablet,2
user_05084,Premium,2024-02-12,1,32.2,Gaming Console,
user_05085,Premium+,2023-10-05,1,,Gaming Console,4
user_05086,Premium,2024-11-07,0,5.86,Gaming Console,2
user_05087,Standard,2022-12-24,1,50.29,Desktop,1
user_05088,Premium,2022-09-16,1,7.3,Tablet,4
user_05089,Premium,2024-02-11,1,15.71,Gaming Console,1
user_05090,Standard,2022-10-11,1,12.15,Mobile,3
user_05091,Standard,2022-09-17,0,29.9,Laptop,
user_05092,Premium,2025-01-13,1,45.86,Tablet,2
user_05093,Premium,2022-08-19,1,6.18,Smart TV,3
user_05094,Premium,2023-03-28,1,2.38,Smart TV,2
user_05095,Standard,2024-02-05,1,17.11,Desktop,4
user_05096,Standard,2024-07-27,1,6.43,Desktop,1
user_05097,Standard,2023-09-13,1,23.45,Tablet,3
user_05098,Premium,2024-07-02,1,7.37,Smart TV,3
user_05099,Premium,2025-07-14,1,2.86,Tablet,1
user_05100,Premium+,2023-09-24,1,10.52,Mobile,3
user_05101,Premium+,2025-03-09,1,8.4,Gaming Console,
user_05102,Premium+,2023-05-26,1,8.1,Mobile,2
user_05103,Premium,2023-11-28,1,35.22,Laptop,7
user_05104,Basic,2024-09-04,0,11.6,Smart TV,2
user_05105,Premium,2025-02-01,1,,Desktop,3
user_05106,Premium,2023-07-18,0,48.51,Laptop,2
user_05107,Standard,2024-04-30,1,21.97,Mobile,5
user_05108,Premium+,2024-02-05,1,12.41,Mobile,4
user_05109,Premium,2023-04-24,1,9.83,Gaming Console,7
user_05110,Standard,2024-10-19,1,16.84,Tablet,4
user_05111,Premium,2025-04-12,1,10.76,Gaming Console,2
user_05112,Premium,2023-03-18,1,14.76,Tablet,2
user_05113,Basic,2023-05-22,1,11.11,Laptop,6
user_05114,Standard,2023-12-04,0,7.8,Laptop,
user_05115,Premium,2024-02-05,1,39.85,Smart TV,6
user_05116,Standard,2025-05-08,1,27.5,Gaming Console,2
user_05117,Premium,2025-05-11,0,,Gaming Console,
user_05118,Standard,2025-04-15,1,17.06,Mobile,5
user_05119,Premium+,2022-10-23,0,7.21,Smart TV,4
user_05120,Premium,2023-05-31,0,32.25,Laptop,2
user_05121,Standard,2023-08-28,1,10.26,Smart TV,
user_05122,Premium,2024-10-20,1,14.63,Tablet,5
user_05123,Standard,2024-06-22,1,15.58,Smart TV,
user_05124,Standard,2022-09-26,1,31.26,Desktop,1
user_05125,Premium+,2022-12-16,0,24.33,Mobile,1
user_05126,Basic,2025-07-28,1,,Gaming Console,7
user_05127,Standard,2025-03-22,1,12.82,Mobile,2
user_05128,Standard,2023-06-17,1,2.61,Desktop,5
user_05129,Standard,2022-08-21,1,28.91,Laptop,2
user_05130,Standard,2024-06-30,1,10.38,Mobile,5
user_05131,Premium,2023-11-16,1,31.69,Gaming Console,2
user_05132,Standard,2025-01-18,1,21.28,Gaming Console,3
user_05133,Premium+,2024-02-27,0,554.34,Smart TV,4
user_05134,Standard,2023-11-10,1,,Desktop,2
user_05135,Premium+,2024-11-28,0,18.99,Gaming Console,1
user_05136,Standard,2023-05-21,1,50.11,Desktop,8
user_05137,Basic,2022-12-31,1,,Laptop,4
user_05138,Premium,2025-05-24,1,,Desktop,2
user_05139,Premium,2025-06-23,1,5.78,Mobile,3
user_05140,Premium,2023-06-18,0,25.91,Gaming Console,5
user_05141,Premium,2024-09-27,1,,Tablet,2
user_05142,Premium,2024-03-02,1,,Gaming Console,
user_05143,Standard,2025-01-20,1,9.52,Desktop,2
user_05144,Premium,2025-02-14,0,6.02,Smart TV,2
user_05145,Premium,2025-03-29,0,10.03,Smart TV,7
user_05146,Standard,2024-11-23,1,7.41,Mobile,
user_05147,Premium,2024-09-03,1,15.15,Mobile,2
user_05148,Premium,2023-09-02,1,16.99,Smart TV,2
user_05149,Standard,2023-11-05,1,44.52,Smart TV,2
user_05150,Basic,2024-08-08,1,9.59,Tablet,2
user_05151,Basic,2025-07-25,1,12.84,Gaming Console,2
user_05152,Standard,2024-02-19,1,38.46,Desktop,1
user_05153,Basic,2025-03-15,1,8.2,Smart TV,2
user_05154,Basic,2023-10-03,1,3.95,Smart TV,2
user_05155,Premium,2024-07-15,1,27.91,Laptop,4
user_05156,Standard,2022-12-05,1,28.45,Desktop,2
user_05157,Premium,2022-12-12,0,20.25,Mobile,2
user_05158,Standard,2025-01-10,1,43.17,Mobile,4
user_05159,Premium,2023-02-19,1,2.9,Desktop,
user_05160,Basic,2025-07-19,1,5.09,Smart TV,3
user_05161,Premium,2025-01-11,1,15.33,Desktop,2
user_05162,Basic,2023-07-27,0,52.39,Smart TV,
user_05163,Standard,2024-02-09,1,15.84,Laptop,2
user_05164,Standard,2024-11-03,1,4.09,Laptop,
user_05165,Basic,2024-10-30,1,14.59,Mobile,3
user_05166,Standard,2024-12-05,0,6.2,Tablet,2
user_05167,Standard,2022-12-08,1,9.22,Mobile,4
user_05168,Premium,2024-01-04,1,21.35,Desktop,
user_05169,Standard,2025-06-27,1,,Gaming Console,2
user_05170,Basic,2023-04-01,1,31.05,Smart TV,3
user_05171,Premium,2024-02-21,1,18.72,Desktop,4
user_05172,Basic,2025-01-15,1,15.13,Gaming Console,2
user_05173,Standard,2024-03-18,0,7.56,Mobile,
user_05174,Premium,2023-06-17,1,24.19,Mobile,1
user_05175,Basic,2024-04-21,0,29.24,Smart TV,2
user_05176,Premium,2024-07-25,1,1.57,Tablet,7
user_05177,Premium,2022-09-04,1,13.82,Mobile,1
user_05178,Premium,2024-04-06,1,20.88,Laptop,1
user_05179,Premium,2024-05-17,1,13.36,Tablet,3
user_05180,Standard,2022-09-18,1,11.65,Smart TV,2
user_05181,Premium,2023-08-27,1,13.6,Mobile,4
user_05182,Standard,2025-07-02,1,10.32,Mobile,1
user_05183,Premium,2022-11-06,0,35.62,Laptop,2
user_05184,Premium,2023-07-03,1,8.15,Desktop,4
user_05185,Premium,2023-03-06,0,8.27,Smart TV,5
user_05186,Premium,2024-06-11,0,7.8,Gaming Console,4
user_05187,Basic,2024-12-13,1,33.96,Smart TV,2
user_05188,Premium+,2025-03-15,1,28.21,Smart TV,4
user_05189,Premium,2023-12-01,1,4.56,Tablet,3
user_05190,Premium,2023-11-15,1,17.28,Laptop,
user_05191,Premium,2023-03-13,0,7.83,Tablet,4
user_05192,Premium+,2024-02-27,1,37.32,Smart TV,2
user_05193,Standard,2023-09-06,1,22.66,Mobile,1
user_05194,Standard,2023-12-08,1,3.0,Smart TV,1
user_05195,Standard,2024-07-14,1,16.86,Laptop,2
user_05196,Premium,2023-09-05,0,7.21,Tablet,5
user_05197,Standard,2024-06-30,1,10.32,Smart TV,4
user_05198,Standard,2024-09-26,1,6.8,Laptop,2
user_05199,Premium+,2025-06-14,0,6.57,Laptop,2
user_05200,Standard,2023-07-31,1,8.3,Laptop,5
user_05201,Standard,2023-07-01,1,19.21,Desktop,3
user_05202,Premium,2023-12-08,1,3.07,Laptop,3
user_05203,Premium,2023-11-02,1,47.49,Smart TV,
user_05204,Premium,2022-10-17,1,8.41,Desktop,3
user_05205,Premium,2024-02-25,1,17.62,Tablet,
user_05206,Basic,2024-06-07,1,,Mobile,2
user_05207,Standard,2024-03-27,1,15.03,Laptop,3
user_05208,Premium,2024-12-08,1,10.49,Tablet,
user_05209,Basic,2024-04-04,0,4.96,Gaming Console,3
user_05210,Premium,2023-11-27,1,11.67,Desktop,3
user_05211,Premium,2024-07-23,1,14.75,Laptop,1
user_05212,Premium,2025-02-26,1,23.94,Mobile,3
user_05213,Premium+,2024-12-18,1,42.15,Smart TV,1
user_05214,Premium,2022-08-06,0,18.51,Mobile,2
user_05215,Standard,2025-05-28,1,5.23,Laptop,3
user_05216,Premium,2024-11-04,1,,Laptop,4
user_05217,Premium,2023-02-21,0,22.45,Tablet,1
user_05218,Standard,2023-06-02,1,10.08,Smart TV,3
user_05219,Premium+,2024-10-04,1,13.82,Mobile,6
user_05220,Basic,2022-11-03,1,15.3,Laptop,1
user_05221,Standard,2024-10-28,1,22.7,Gaming Console,1
user_05222,Standard,2023-02-28,1,6.12,Smart TV,3
user_05223,Premium,2023-05-30,1,22.03,Desktop,1
user_05224,Standard,2023-06-03,1,16.55,Desktop,1
user_05225,Standard,2024-01-31,1,4.84,Mobile,1
user_05226,Premium,2022-08-18,1,9.86,Laptop,
user_05227,Standard,2023-05-09,1,37.48,Laptop,
user_05228,Basic,2023-08-29,1,26.11,Smart TV,1
user_05229,Premium,2022-11-12,0,11.63,Desktop,1
user_05230,Standard,2023-05-06,1,25.74,Desktop,
user_05231,Premium,2025-07-11,1,6.91,Gaming Console,
user_05232,Premium,2025-05-28,1,27.57,Smart TV,2
user_05233,Premium+,2025-07-02,1,13.66,Tablet,3
user_05234,Standard,2024-03-23,0,,Mobile,2
user_05235,Premium,2024-10-15,1,24.32,Smart TV,
user_05236,Premium,2024-08-14,1,16.1,Mobile,2
user_05237,Basic,2022-10-29,1,14.78,Gaming Console,5
user_05238,Premium,2023-08-18,1,2.99,Tablet,3
user_05239,Premium,2024-10-11,1,42.64,Desktop,2
user_05240,Standard,2023-04-30,1,7.17,Tablet,2
user_05241,Standard,2023-11-04,1,6.98,Smart TV,2
user_05242,Basic,2024-02-28,1,15.12,Smart TV,3
user_05243,Standard,2023-06-28,1,11.62,Mobile,4
user_05244,Basic,2024-04-20,1,11.21,Smart TV,3
user_05245,Standard,2025-02-27,0,932.78,Smart TV,3
user_05246,Premium,2025-05-09,1,30.92,Tablet,4
user_05247,Premium,2023-08-27,1,7.07,Mobile,3
user_05248,Premium,2023-12-24,1,3.76,Gaming Console,4
user_05249,Premium,2023-01-15,1,48.14,Tablet,
user_05250,Standard,2024-07-17,1,20.09,Mobile,3
user_05251,Premium,2024-10-31,1,9.96,Gaming Console,
user_05252,Premium,2024-01-28,1,3.15,Mobile,6
user_05253,Basic,2022-10-19,1,15.69,Mobile,2
user_05254,Premium,2025-06-08,1,8.12,Smart TV,3
user_05255,Standard,2024-03-19,1,40.28,Gaming Console,
user_05256,Premium+,2023-11-08,1,5.08,Gaming Console,3
user_05257,Basic,2024-02-11,1,17.8,Tablet,2
user_05258,Basic,2024-09-11,1,5.16,Desktop,2
user_05259,Standard,2024-02-20,1,11.8,Laptop,3
user_05260,Premium,2023-11-17,0,9.29,Desktop,2
user_05261,Basic,2025-04-30,1,14.51,Gaming Console,8
user_05262,Standard,2023-07-13,1,41.08,Tablet,1
user_05263,Standard,2023-09-08,0,11.23,Mobile,2
user_05264,Premium,2024-06-04,1,,Mobile,
user_05265,Standard,2024-12-12,1,22.01,Gaming Console,4
user_05266,Standard,2023-09-19,1,33.48,Desktop,3
user_05267,Premium,2023-08-20,0,30.13,Gaming Console,
user_05268,Premium,2025-05-15,1,24.68,Gaming Console,3
user_05269,Premium+,2023-01-02,1,18.72,Gaming Console,3
user_05270,Basic,2023-06-25,1,1.92,Smart TV,2
user_05271,Premium+,2025-03-12,1,,Mobile,2
user_05272,Standard,2024-12-25,1,26.26,Laptop,2
user_05273,Basic,2025-02-27,1,5.53,Gaming Console,2
user_05274,Standard,2023-11-07,1,31.86,Laptop,
user_05275,Premium+,2022-11-18,1,16.03,Desktop,5
user_05276,Standard,2023-11-29,1,17.2,Tablet,6
user_05277,Basic,2024-02-28,1,7.88,Smart TV,1
user_05278,Standard,2024-02-07,1,6.79,Smart TV,3
user_05279,Basic,2025-03-16,1,,Laptop,4
user_05280,Premium,2024-08-07,1,,Laptop,
user_05281,Premium,2022-09-08,1,36.07,Laptop,
user_05282,Standard,2023-12-08,1,5.02,Desktop,4
user_05283,Standard,2025-02-17,1,18.11,Gaming Console,
user_05284,Premium,2023-10-16,1,6.72,Smart TV,3
user_05285,Standard,2024-03-08,0,15.89,Tablet,3
user_05286,Standard,2025-02-07,0,1.16,Laptop,1
user_05287,Premium,2023-09-19,1,28.27,Smart TV,4
user_05288,Standard,2023-12-17,1,14.31,Laptop,
user_05289,Standard,2024-04-20,1,9.2,Laptop,1
user_05290,Premium+,2023-06-08,1,17.7,Mobile,3
user_05291,Standard,2022-11-24,1,31.33,Mobile,
user_05292,Premium,2023-07-07,1,14.76,Mobile,3
user_05293,Premium,2024-02-06,1,6.85,Gaming Console,2
user_05294,Standard,2023-05-11,1,4.89,Gaming Console,2
user_05295,Basic,2022-10-18,1,19.21,Gaming Console,2
user_05296,Basic,2022-10-11,1,15.08,Smart TV,2
user_05297,Standard,2022-10-03,0,32.5,Gaming Console,1
user_05298,Standard,2024-09-22,1,12.0,Laptop,
user_05299,Premium,2023-02-24,1,11.24,Smart TV,
user_05300,Premium+,2023-01-25,1,7.0,Smart TV,3
user_05301,Basic,2023-10-13,1,12.85,Mobile,2
user_05302,Standard,2025-05-15,1,,Mobile,5
user_05303,Standard,2023-08-19,1,9.77,Smart TV,
user_05304,Premium,2023-11-21,1,18.13,Desktop,1
user_05305,Premium,2024-02-02,0,12.91,Smart TV,
user_05306,Standard,2024-07-16,0,,Smart TV,2
user_05307,Premium,2025-06-02,1,42.86,Laptop,
user_05308,Premium,2023-07-18,1,,Smart TV,
user_05309,Premium,2023-09-18,1,32.6,Mobile,2
user_05310,Basic,2025-05-30,1,,Smart TV,
user_05311,Premium,2025-05-22,1,36.66,Smart TV,3
user_05312,Premium,2025-02-19,0,38.81,Desktop,5
user_05313,Standard,2025-03-03,0,,Laptop,2
user_05314,Standard,2023-06-29,0,,Gaming Console,
user_05315,Premium+,2023-05-11,1,13.89,Gaming Console,4
user_05316,Premium,2025-02-13,1,10.87,Gaming Console,6
user_05317,Standard,2024-05-21,0,11.28,Desktop,2
user_05318,Premium,2024-12-08,1,21.97,Laptop,5
user_05319,Basic,2023-01-05,1,29.58,Laptop,1
user_05320,Basic,2024-08-12,1,,Tablet,4
user_05321,Premium,2022-12-01,0,2.62,Gaming Console,2
user_05322,Standard,2024-09-10,1,10.79,Gaming Console,2
user_05323,Standard,2024-01-22,1,13.99,Gaming Console,3
user_05324,Premium,2024-08-27,1,8.39,Desktop,1
user_05325,Basic,2023-10-02,1,2.93,Tablet,5
user_05326,Standard,2024-03-13,1,791.06,Tablet,
user_05327,Standard,2025-04-03,1,13.22,Tablet,3
user_05328,Premium+,2023-02-24,1,47.14,Mobile,3
user_05329,Standard,2024-09-01,1,22.13,Tablet,1
user_05330,Premium,2025-07-27,1,24.25,Tablet,5
user_05331,Standard,2024-02-27,1,,Gaming Console,1
user_05332,Premium+,2025-05-11,1,14.52,Laptop,1
user_05333,Standard,2023-01-27,1,11.88,Laptop,
user_05334,Premium,2023-08-08,0,10.2,Mobile,
user_05335,Basic,2023-05-26,1,56.41,Smart TV,2
user_05336,Premium,2025-04-10,1,7.18,Tablet,5
user_05337,Premium+,2025-07-01,1,19.03,Laptop,1
user_05338,Standard,2024-12-16,0,2.66,Smart TV,3
user_05339,Premium,2022-11-09,1,5.87,Desktop,2
user_05340,Premium,2024-04-21,1,8.7,Tablet,4
user_05341,Basic,2024-06-15,1,23.59,Mobile,1
user_05342,Standard,2023-03-19,1,8.62,Gaming Console,4
user_05343,Premium,2023-09-02,1,,Gaming Console,
user_05344,Standard,2022-10-18,1,11.72,Mobile,
user_05345,Basic,2022-08-10,0,12.31,Mobile,
user_05346,Premium,2024-11-12,1,11.1,Mobile,1
user_05347,Premium,2024-11-05,1,,Mobile,2
user_05348,Standard,2024-12-10,1,21.84,Gaming Console,2
user_05349,Standard,2023-09-18,1,34.08,Desktop,3
user_05350,Premium+,2024-09-17,1,12.81,Laptop,2
user_05351,Basic,2024-03-21,1,3.42,Gaming Console,4
user_05352,Premium,2023-07-15,0,8.97,Gaming Console,7
user_05353,Standard,2023-11-06,1,5.38,Desktop,1
user_05354,Basic,2024-11-27,1,,Tablet,4
user_05355,Premium+,2023-10-20,1,13.27,Laptop,2
user_05356,Standard,2023-09-23,0,11.15,Desktop,2
user_05357,Basic,2024-03-07,1,13.02,Smart TV,2
user_05358,Premium+,2024-10-22,1,12.74,Laptop,5
user_05359,Basic,2023-02-25,1,10.17,Mobile,1
user_05360,Standard,2023-04-18,1,8.73,Smart TV,3
user_05361,Premium,2023-03-18,1,16.17,Tablet,4
user_05362,Premium,2025-03-18,1,17.2,Gaming Console,3
user_05363,Premium,2025-01-30,1,12.63,Tablet,1
user_05364,Basic,2025-03-07,1,17.33,Desktop,5
user_05365,Standard,2024-07-19,1,5.21,Laptop,5
user_05366,Premium,2024-06-17,1,10.75,Gaming Console,3
user_05367,Premium+,2024-12-22,1,13.74,Desktop,6
user_05368,Basic,2024-03-27,0,4.48,Gaming Console,5
user_05369,Premium,2025-06-13,1,7.46,Gaming Console,4
user_05370,Basic,2022-12-05,1,5.98,Smart TV,3
user_05371,Premium+,2024-01-27,1,18.11,Tablet,8
user_05372,Premium,2023-02-12,1,15.42,Tablet,2
user_05373,Standard,2023-07-15,1,7.54,Laptop,3
user_05374,Standard,2023-10-24,1,25.92,Gaming Console,4
user_05375,Premium,2024-06-03,1,10.34,Gaming Console,3
user_05376,Premium,2023-07-15,1,27.23,Smart TV,4
user_05377,Standard,2025-01-07,1,8.26,Gaming Console,5
user_05378,Premium,2023-01-14,1,19.04,Gaming Console,4
user_05379,Premium,2023-01-01,1,24.24,Laptop,3
user_05380,Premium,2025-04-21,1,5.66,Gaming Console,1
user_05381,Premium,2024-10-17,1,17.83,Mobile,
user_05382,Premium,2025-05-05,1,,Tablet,2
user_05383,Standard,2023-05-29,1,10.61,Laptop,2
user_05384,Standard,2023-04-20,1,58.32,Gaming Console,2
user_05385,Standard,2022-09-20,1,38.71,Laptop,2
user_05386,Premium+,2024-11-21,1,8.0,Laptop,3
user_05387,Premium,2025-06-23,1,11.53,Gaming Console,4
user_05388,Premium,2023-03-09,1,6.66,Tablet,2
user_05389,Standard,2023-05-24,1,2.42,Desktop,5
user_05390,Premium,2023-10-04,1,45.16,Desktop,4
user_05391,Basic,2023-01-16,1,17.12,Gaming Console,1
user_05392,Premium+,2023-12-27,1,14.75,Laptop,4
user_05393,Standard,2024-11-02,1,8.85,Desktop,2
user_05394,Basic,2022-12-31,1,19.18,Mobile,
user_05395,Standard,2023-10-06,1,12.54,Desktop,2
user_05396,Basic,2023-05-12,1,5.5,Tablet,2
user_05397,Standard,2023-08-27,1,13.86,Gaming Console,3
user_05398,Premium,2025-05-12,0,,Laptop,3
user_05399,Standard,2024-10-11,1,7.06,Gaming Console,
user_05400,Premium,2025-05-20,1,4.46,Laptop,
user_05401,Standard,2023-02-04,1,5.77,Desktop,3
user_05402,Premium,2022-12-08,1,,Desktop,1
user_05403,Standard,2023-08-02,0,10.63,Gaming Console,3
user_05404,Premium,2024-07-08,1,11.4,Desktop,3
user_05405,Standard,2023-06-12,1,17.56,Smart TV,3
user_05406,Standard,2023-02-28,1,16.26,Smart TV,4
user_05407,Basic,2022-10-01,1,15.0,Tablet,
user_05408,Premium,2022-08-03,1,6.49,Laptop,5
user_05409,Premium,2022-09-15,1,6.91,Tablet,2
user_05410,Premium+,2024-08-31,0,15.53,Tablet,
user_05411,Premium,2023-06-11,1,10.04,Smart TV,2
user_05412,Premium,2025-06-29,1,32.04,Mobile,3
user_05413,Basic,2023-07-24,1,33.36,Laptop,
user_05414,Basic,2024-09-29,1,23.11,Smart TV,1
user_05415,Premium,2023-06-21,1,13.18,Mobile,7
user_05416,Premium,2023-06-07,1,39.66,Smart TV,1
user_05417,Standard,2023-01-30,1,19.38,Desktop,7
user_05418,Premium,2023-03-19,1,17.07,Mobile,3
user_05419,Basic,2024-11-30,1,17.01,Smart TV,
user_05420,Standard,2024-12-11,1,0.94,Desktop,1
user_05421,Standard,2023-06-27,1,8.54,Mobile,5
user_05422,Standard,2024-12-12,1,41.14,Desktop,2
user_05423,Basic,2023-12-09,0,23.34,Smart TV,3
user_05424,Premium+,2022-11-04,1,9.61,Smart TV,3
user_05425,Premium,2025-04-01,1,14.16,Desktop,6
user_05426,Standard,2023-04-16,0,11.69,Tablet,1
user_05427,Standard,2024-01-13,1,33.07,Laptop,4
user_05428,Standard,2024-01-04,0,7.53,Gaming Console,
user_05429,Standard,2023-03-10,1,,Tablet,3
user_05430,Standard,2025-07-15,1,33.45,Tablet,6
user_05431,Standard,2022-10-09,1,14.62,Mobile,4
user_05432,Premium,2023-04-12,1,,Desktop,4
user_05433,Basic,2024-04-26,1,12.69,Smart TV,5
user_05434,Standard,2025-03-29,1,16.05,Mobile,4
user_05435,Basic,2023-04-19,0,6.18,Mobile,4
user_05436,Standard,2024-11-25,1,43.37,Laptop,3
user_05437,Premium,2024-04-01,1,29.36,Desktop,1
user_05438,Standard,2024-06-14,1,10.49,Smart TV,6
user_05439,Standard,2023-05-24,1,4.02,Gaming Console,2
user_05440,Standard,2023-11-23,1,2.18,Tablet,3
user_05441,Standard,2023-03-08,0,21.36,Mobile,5
user_05442,Standard,2023-06-25,1,11.55,Desktop,3
user_05443,Premium+,2023-08-14,1,12.96,Gaming Console,5
user_05444,Premium,2024-12-01,1,33.86,Mobile,5
user_05445,Basic,2023-08-02,0,4.87,Desktop,2
user_05446,Premium+,2023-02-26,1,15.0,Gaming Console,
user_05447,Basic,2024-02-06,1,9.52,Desktop,4
user_05448,Premium,2024-12-21,1,17.95,Desktop,3
user_05449,Premium,2024-03-03,1,13.37,Mobile,
user_05450,Premium,2024-06-02,0,9.01,Gaming Console,1
user_05451,Basic,2025-04-13,1,16.36,Smart TV,5
user_05452,Premium,2023-08-04,1,12.0,Desktop,1
user_05453,Premium,2023-09-06,1,5.7,Gaming Console,
user_05454,Standard,2022-08-02,1,11.02,Gaming Console,1
user_05455,Premium+,2024-01-08,1,11.62,Laptop,1
user_05456,Premium,2025-03-29,1,19.05,Laptop,2
user_05457,Standard,2025-04-18,1,17.63,Mobile,2
user_05458,Basic,2022-11-05,1,,Tablet,4
user_05459,Premium,2025-03-21,1,28.83,Laptop,2
user_05460,Basic,2024-11-04,1,24.08,Laptop,1
user_05461,Premium,2024-09-22,1,8.86,Tablet,
user_05462,Premium+,2025-05-30,1,15.05,Desktop,2
user_05463,Standard,2024-10-25,1,8.58,Laptop,1
user_05464,Basic,2024-06-14,1,19.22,Tablet,4
user_05465,Standard,2022-09-20,1,19.54,Mobile,
user_05466,Premium,2022-08-27,1,14.96,Laptop,
user_05467,Premium,2023-02-13,1,,Gaming Console,3
user_05468,Premium,2024-05-15,0,6.11,Smart TV,3
user_05469,Standard,2025-04-02,0,16.02,Smart TV,2
user_05470,Standard,2024-08-19,1,,Mobile,2
user_05471,Standard,2023-11-14,1,8.05,Smart TV,6
user_05472,Premium,2022-09-16,1,13.77,Laptop,4
user_05473,Premium,2022-08-14,1,20.85,Desktop,4
user_05474,Standard,2024-09-27,0,,Smart TV,2
user_05475,Standard,2024-06-16,1,5.36,Laptop,3
user_05476,Standard,2024-06-19,1,7.11,Desktop,2
user_05477,Premium,2023-05-12,1,32.31,Smart TV,
user_05478,Standard,2025-07-11,1,18.75,Desktop,6
user_05479,Standard,2024-09-03,1,14.04,Gaming Console,
user_05480,Premium+,2023-08-14,1,5.97,Desktop,3
user_05481,Standard,2022-12-13,1,11.12,Tablet,1
user_05482,Premium,2025-01-31,1,,Mobile,7
user_05483,Standard,2025-07-23,1,20.69,Mobile,2
user_05484,Premium,2022-08-14,1,13.8,Tablet,3
user_05485,Premium,2023-06-29,1,6.72,Desktop,2
user_05486,Basic,2024-01-03,1,10.78,Gaming Console,4
user_05487,Premium+,2025-03-30,1,19.14,Tablet,5
user_05488,Standard,2024-04-07,1,13.94,Mobile,1
user_05489,Standard,2022-10-23,1,23.03,Desktop,6
user_05490,Premium+,2024-03-22,1,21.51,Mobile,2
user_05491,Standard,2023-06-06,1,7.81,Desktop,2
user_05492,Standard,2024-10-16,1,,Mobile,3
user_05493,Premium,2024-02-03,0,,Desktop,2
user_05494,Basic,2024-11-08,1,12.11,Laptop,3
user_05495,Standard,2023-10-04,1,3.1,Desktop,4
user_05496,Premium,2025-02-19,1,16.65,Mobile,4
user_05497,Premium,2023-11-04,1,14.71,Desktop,2
user_05498,Standard,2023-02-21,1,18.38,Tablet,4
user_05499,Standard,2023-04-05,0,22.47,Gaming Console,2
user_05500,Premium,2022-10-22,1,,Smart TV,3
user_05501,Standard,2024-09-09,1,,Gaming Console,
user_05502,Premium+,2023-03-08,1,19.99,Gaming Console,
user_05503,Premium,2025-03-04,1,336.87,Gaming Console,3
user_05504,Basic,2023-04-02,1,4.74,Desktop,4
user_05505,Premium,2023-02-14,1,43.7,Desktop,3
user_05506,Standard,2024-10-08,1,7.1,Gaming Console,1
user_05507,Premium,2022-12-25,1,20.32,Mobile,
user_05508,Standard,2024-10-12,1,12.51,Laptop,1
user_05509,Standard,2025-04-25,0,16.22,Mobile,
user_05510,Premium,2023-01-13,1,9.99,Laptop,1
user_05511,Basic,2022-10-05,1,6.57,Desktop,
user_05512,Premium,2025-05-04,1,11.77,Gaming Console,4
user_05513,Basic,2023-04-28,1,11.54,Smart TV,3
user_05514,Standard,2023-06-08,1,13.93,Smart TV,2
user_05515,Basic,2025-03-01,0,22.3,Desktop,
user_05516,Premium,2024-08-07,1,1.75,Desktop,
user_05517,Standard,2022-09-05,1,490.07,Laptop,3
user_05518,Standard,2024-11-26,1,4.89,Desktop,
user_05519,Basic,2024-11-17,0,6.48,Desktop,
user_05520,Basic,2022-11-25,0,5.41,Tablet,2
user_05521,Premium,2024-10-05,0,17.66,Mobile,
user_05522,Basic,2024-06-28,1,16.92,Laptop,
user_05523,Basic,2023-08-23,1,2.17,Laptop,6
user_05524,Basic,2024-07-16,1,10.47,Tablet,1
user_05525,Premium,2023-11-13,1,,Mobile,5
user_05526,Premium,2024-04-26,1,15.23,Gaming Console,3
user_05527,Premium+,2023-08-23,1,,Laptop,2
user_05528,Premium,2023-10-11,1,18.92,Tablet,3
user_05529,Standard,2023-08-21,0,3.27,Gaming Console,1
user_05530,Premium,2024-08-25,0,9.83,Laptop,6
user_05531,Standard,2023-03-05,1,19.83,Gaming Console,
user_05532,Basic,2025-02-28,1,,Mobile,2
user_05533,Premium,2025-03-04,1,9.71,Smart TV,
user_05534,Premium+,2023-07-02,1,10.33,Desktop,3
user_05535,Basic,2024-11-11,1,14.08,Laptop,2
user_05536,Standard,2025-03-08,0,13.42,Mobile,3
user_05537,Basic,2024-01-20,1,5.33,Smart TV,7
user_05538,Premium,2024-02-21,1,4.85,Smart TV,2
user_05539,Standard,2023-04-07,1,40.3,Laptop,4
user_05540,Basic,2024-01-09,1,14.19,Tablet,1
user_05541,Standard,2024-08-25,1,8.25,Desktop,3
user_05542,Standard,2024-03-08,0,7.88,Mobile,1
user_05543,Standard,2025-03-29,1,23.82,Mobile,1
user_05544,Premium,2025-06-03,1,15.24,Laptop,4
user_05545,Premium,2024-08-22,1,6.61,Mobile,7
user_05546,Basic,2023-11-07,1,1.96,Mobile,1
user_05547,Standard,2024-03-24,1,21.22,Smart TV,1
user_05548,Premium,2023-08-28,1,25.85,Mobile,1
user_05549,Basic,2024-12-09,1,,Mobile,1
user_05550,Basic,2024-01-30,1,11.73,Gaming Console,5
user_05551,Standard,2023-01-30,1,,Laptop,1
user_05552,Premium,2025-02-05,0,43.33,Desktop,
user_05553,Basic,2023-03-23,0,14.55,Laptop,2
user_05554,Premium,2025-02-26,1,6.96,Gaming Console,6
user_05555,Premium,2025-04-01,1,18.1,Tablet,
user_05556,Premium+,2023-02-25,1,24.74,Mobile,3
user_05557,Premium,2022-09-26,1,15.95,Laptop,3
user_05558,Premium,2023-11-29,1,45.29,Desktop,3
user_05559,Standard,2024-03-08,1,26.95,Desktop,6
user_05560,Premium+,2025-04-13,1,13.38,Tablet,2
user_05561,Standard,2024-11-18,1,,Smart TV,2
user_05562,Standard,2024-06-09,1,10.15,Smart TV,
user_05563,Basic,2023-12-26,1,21.38,Tablet,3
user_05564,Premium+,2025-06-18,1,11.33,Gaming Console,
user_05565,Premium,2023-09-02,1,0.94,Laptop,4
user_05566,Premium,2024-03-24,1,20.27,Smart TV,1
user_05567,Premium,2025-02-03,0,60.5,Gaming Console,3
user_05568,Premium,2025-05-16,1,20.23,Desktop,
user_05569,Basic,2023-04-12,1,14.92,Desktop,
user_05570,Premium,2024-05-01,1,5.48,Laptop,3
user_05571,Premium,2023-04-24,1,15.7,Gaming Console,4
user_05572,Standard,2023-04-06,1,5.66,Mobile,3
user_05573,Premium+,2024-09-12,1,8.84,Desktop,1
user_05574,Standard,2023-02-23,1,22.57,Tablet,
user_05575,Premium,2023-04-13,0,16.7,Tablet,1
user_05576,Basic,2023-12-20,1,7.12,Smart TV,2
user_05577,Basic,2024-06-01,1,16.91,Tablet,3
user_05578,Premium,2024-12-31,1,,Tablet,2
user_05579,Standard,2024-09-25,1,3.71,Desktop,
user_05580,Basic,2025-07-14,1,6.42,Mobile,5
user_05581,Premium,2023-12-17,1,8.34,Smart TV,1
user_05582,Standard,2023-06-08,0,7.31,Tablet,
user_05583,Premium,2024-12-09,0,5.72,Desktop,4
user_05584,Standard,2024-06-16,1,,Smart TV,
user_05585,Basic,2025-04-01,1,762.9,Laptop,1
user_05586,Standard,2023-06-08,1,,Tablet,6
user_05587,Standard,2023-10-15,0,21.62,Desktop,4
user_05588,Premium,2024-07-29,1,,Desktop,4
user_05589,Standard,2023-09-13,1,11.83,Laptop,2
user_05590,Premium,2025-01-25,0,7.2,Smart TV,
user_05591,Premium,2024-02-05,1,,Smart TV,1
user_05592,Premium,2024-08-15,1,32.47,Smart TV,3
user_05593,Premium,2023-05-26,1,14.56,Mobile,1
user_05594,Basic,2024-08-08,1,14.81,Mobile,4
user_05595,Premium,2023-07-20,1,3.97,Gaming Console,3
user_05596,Standard,2023-12-03,0,3.85,Mobile,1
user_05597,Premium,2023-10-22,1,4.12,Desktop,4
user_05598,Premium,2024-10-25,1,10.04,Gaming Console,
user_05599,Standard,2025-02-25,1,9.78,Gaming Console,
user_05600,Premium,2023-09-27,1,10.56,Smart TV,4
user_05601,Basic,2023-09-12,1,20.19,Gaming Console,
user_05602,Premium,2022-11-17,1,13.58,Laptop,1
user_05603,Premium,2025-05-31,1,29.8,Mobile,6
user_05604,Premium+,2023-04-05,1,5.31,Tablet,3
user_05605,Basic,2023-07-30,1,7.11,Laptop,1
user_05606,Premium,2023-11-13,0,17.43,Mobile,7
user_05607,Standard,2024-01-14,1,14.37,Gaming Console,4
user_05608,Premium,2025-01-04,1,,Desktop,2
user_05609,Premium+,2023-02-05,1,32.11,Desktop,
user_05610,Premium,2025-03-23,1,11.0,Tablet,3
user_05611,Basic,2024-08-10,1,12.33,Gaming Console,3
user_05612,Premium,2023-06-05,1,9.13,Tablet,2
user_05613,Standard,2022-12-27,1,3.16,Mobile,
user_05614,Premium,2023-02-07,1,47.47,Mobile,1
user_05615,Premium,2024-09-29,1,15.57,Tablet,
user_05616,Premium+,2023-11-29,1,5.68,Laptop,6
user_05617,Premium,2024-08-23,1,3.81,Laptop,4
user_05618,Premium,2023-08-11,1,7.41,Gaming Console,3
user_05619,Standard,2025-06-07,1,5.69,Gaming Console,
user_05620,Standard,2024-05-08,0,,Smart TV,3
user_05621,Standard,2023-09-23,1,3.82,Smart TV,1
user_05622,Premium+,2024-11-01,1,17.83,Desktop,3
user_05623,Standard,2023-09-05,1,29.33,Tablet,1
user_05624,Standard,2023-09-22,1,,Tablet,1
user_05625,Premium,2024-08-10,1,23.94,Desktop,2
user_05626,Standard,2023-07-18,1,0.68,Smart TV,1
user_05627,Standard,2023-03-14,1,24.28,Mobile,4
user_05628,Standard,2025-07-25,1,9.44,Gaming Console,
user_05629,Standard,2025-04-16,1,20.44,Mobile,
user_05630,Premium+,2024-10-31,1,,Laptop,2
user_05631,Premium+,2024-12-29,0,23.75,Smart TV,2
user_05632,Basic,2023-12-20,1,12.04,Laptop,
user_05633,Standard,2023-03-31,1,5.64,Tablet,3
user_05634,Basic,2024-06-15,1,41.17,Smart TV,4
user_05635,Premium,2024-10-29,1,,Mobile,2
user_05636,Premium+,2024-08-11,1,5.96,Gaming Console,1
user_05637,Premium,2024-02-28,1,33.09,Tablet,3
user_05638,Standard,2022-12-03,1,,Gaming Console,1
user_05639,Premium,2023-12-09,1,10.82,Tablet,1
user_05640,Premium,2022-12-16,1,21.55,Gaming Console,8
user_05641,Standard,2023-02-22,1,24.6,Gaming Console,3
user_05642,Standard,2024-11-08,1,15.39,Smart TV,
user_05643,Premium,2025-01-28,0,11.69,Laptop,2
user_05644,Basic,2022-11-25,1,16.31,Desktop,2
user_05645,Basic,2022-08-12,1,11.58,Gaming Console,2
user_05646,Standard,2022-10-17,1,8.53,Tablet,5
user_05647,Premium+,2023-01-09,1,,Desktop,4
user_05648,Basic,2023-09-06,1,16.35,Smart TV,2
user_05649,Premium,2025-06-25,1,36.06,Desktop,1
user_05650,Premium,2023-06-20,1,10.26,Laptop,1
user_05651,Premium+,2024-07-12,0,22.4,Mobile,5
user_05652,Premium,2023-06-16,1,9.9,Gaming Console,2
user_05653,Basic,2024-07-30,1,22.25,Desktop,1
user_05654,Premium,2024-10-18,1,4.45,Tablet,1
user_05655,Basic,2023-08-11,1,24.31,Mobile,1
user_05656,Premium,2024-12-26,1,30.52,Tablet,
user_05657,Premium+,2025-01-04,1,13.31,Tablet,
user_05658,Premium,2023-03-23,1,19.66,Mobile,2
user_05659,Basic,2022-09-21,1,30.93,Laptop,1
user_05660,Premium,2023-01-19,0,40.66,Mobile,
user_05661,Premium,2024-08-20,1,7.29,Desktop,4
user_05662,Premium,2024-02-27,1,18.72,Laptop,1
user_05663,Standard,2023-12-07,1,,Mobile,4
user_05664,Premium,2023-07-08,1,,Gaming Console,4
user_05665,Basic,2024-06-08,1,7.78,Smart TV,2
user_05666,Premium+,2025-05-05,1,23.69,Mobile,5
user_05667,Premium,2025-06-18,1,,Desktop,2
user_05668,Standard,2023-08-27,1,10.17,Smart TV,2
user_05669,Standard,2025-05-07,0,11.18,Tablet,1
user_05670,Premium+,2024-03-23,1,24.64,Tablet,4
user_05671,Premium,2024-05-08,1,5.96,Laptop,2
user_05672,Standard,2024-05-02,1,18.54,Gaming Console,5
user_05673,Premium+,2025-03-05,1,21.48,Desktop,2
user_05674,Standard,2024-12-18,1,12.77,Laptop,2
user_05675,Basic,2023-06-15,1,17.1,Laptop,2
user_05676,Standard,2022-11-25,1,5.19,Laptop,1
user_05677,Standard,2024-07-18,1,5.61,Mobile,3
user_05678,Premium,2023-10-20,0,4.94,Mobile,2
user_05679,Standard,2022-10-24,1,34.45,Mobile,3
user_05680,Premium+,2024-04-24,1,35.64,Smart TV,1
user_05681,Basic,2024-12-25,1,6.23,Laptop,4
user_05682,Standard,2024-09-10,1,7.1,Desktop,2
user_05683,Basic,2023-04-05,1,,Gaming Console,3
user_05684,Premium,2024-07-12,1,8.16,Tablet,2
user_05685,Standard,2023-10-28,1,5.24,Tablet,3
user_05686,Premium,2023-06-29,1,17.23,Smart TV,3
user_05687,Premium,2022-11-14,0,10.05,Laptop,1
user_05688,Basic,2023-03-17,1,9.04,Laptop,2
user_05689,Premium,2024-05-04,1,19.35,Tablet,3
user_05690,Standard,2023-04-06,1,21.96,Laptop,2
user_05691,Premium+,2025-01-19,1,21.5,Smart TV,
user_05692,Premium+,2023-09-09,1,18.4,Smart TV,3
user_05693,Premium,2024-04-05,1,12.02,Desktop,4
user_05694,Basic,2023-08-11,1,26.95,Tablet,4
user_05695,Standard,2025-04-03,1,2.27,Desktop,2
user_05696,Premium,2022-12-02,1,24.62,Smart TV,6
user_05697,Basic,2024-12-23,1,29.73,Gaming Console,2
user_05698,Premium,2024-11-25,1,10.77,Smart TV,4
user_05699,Premium,2022-10-21,1,7.69,Laptop,5
user_05700,Premium,2022-09-07,1,48.67,Desktop,1
user_05701,Premium,2022-12-31,1,17.39,Mobile,2
user_05702,Premium,2024-12-01,1,17.3,Tablet,1
user_05703,Standard,2024-01-17,1,24.49,Tablet,6
user_05704,Basic,2025-04-07,1,17.14,Smart TV,7
user_05705,Basic,2022-12-03,1,,Smart TV,7
user_05706,Standard,2024-07-26,1,,Desktop,
user_05707,Premium,2024-04-04,0,14.24,Desktop,3
user_05708,Standard,2025-06-26,1,4.92,Smart TV,2
user_05709,Standard,2024-12-06,1,10.08,Tablet,4
user_05710,Basic,2023-02-01,1,23.96,Smart TV,
user_05711,Basic,2023-08-10,1,5.76,Smart TV,5
user_05712,Standard,2025-04-22,0,31.4,Tablet,2
user_05713,Standard,2025-06-17,0,,Tablet,2
user_05714,Basic,2025-06-21,1,20.16,Gaming Console,
user_05715,Basic,2023-10-06,1,23.85,Laptop,2
user_05716,Premium,2023-07-16,1,15.49,Tablet,
user_05717,Premium+,2023-06-01,1,,Gaming Console,3
user_05718,Premium,2022-10-22,1,53.68,Smart TV,2
user_05719,Standard,2025-07-16,0,5.51,Desktop,1
user_05720,Standard,2024-09-22,1,,Desktop,2
user_05721,Standard,2024-10-21,1,39.18,Desktop,2
user_05722,Premium,2025-01-06,1,8.76,Gaming Console,2
user_05723,Standard,2023-03-28,1,2.33,Desktop,
user_05724,Basic,2022-09-21,1,25.93,Tablet,
user_05725,Basic,2023-01-02,1,18.17,Tablet,4
user_05726,Premium,2022-12-07,1,13.42,Mobile,5
user_05727,Premium,2023-01-03,0,19.41,Laptop,1
user_05728,Standard,2025-05-07,1,23.46,Tablet,4
user_05729,Premium,2022-09-14,1,17.84,Desktop,2
user_05730,Premium,2023-05-24,0,,Desktop,5
user_05731,Premium,2022-09-11,1,3.45,Smart TV,3
user_05732,Premium+,2024-12-19,1,3.92,Desktop,4
user_05733,Standard,2024-10-12,1,11.32,Tablet,4
user_05734,Standard,2024-11-07,0,5.64,Mobile,
user_05735,Standard,2022-12-29,1,9.91,Tablet,5
user_05736,Premium,2023-12-30,1,8.15,Gaming Console,2
user_05737,Standard,2022-08-26,1,11.19,Smart TV,8
user_05738,Standard,2022-08-17,1,21.36,Gaming Console,7
user_05739,Premium,2023-10-28,0,7.93,Laptop,2
user_05740,Basic,2024-07-18,1,18.7,Desktop,8
user_05741,Standard,2024-10-20,1,,Desktop,1
user_05742,Premium+,2024-11-16,1,19.77,Tablet,
user_05743,Basic,2022-09-02,1,14.49,Smart TV,2
user_05744,Standard,2022-09-03,0,20.1,Tablet,6
user_05745,Premium,2023-05-15,1,9.28,Mobile,
user_05746,Standard,2024-08-29,0,,Smart TV,2
user_05747,Premium,2025-03-10,1,23.66,Mobile,2
user_05748,Basic,2024-04-19,1,9.46,Desktop,
user_05749,Premium,2023-05-30,1,9.08,Mobile,4
user_05750,Standard,2025-04-16,0,13.63,Tablet,6
user_05751,Premium,2024-07-06,1,26.1,Laptop,3
user_05752,Premium,2024-03-27,1,13.45,Tablet,2
user_05753,Premium+,2025-01-27,1,9.7,Laptop,4
user_05754,Premium+,2024-01-25,1,4.19,Smart TV,4
user_05755,Basic,2023-02-24,1,27.93,Laptop,2
user_05756,Basic,2023-12-21,1,34.4,Laptop,5
user_05757,Standard,2025-06-26,1,65.85,Laptop,2
user_05758,Standard,2022-09-25,1,22.68,Desktop,2
user_05759,Premium+,2024-06-29,0,5.62,Mobile,4
user_05760,Basic,2023-11-18,1,11.18,Desktop,4
user_05761,Premium,2024-12-06,1,,Laptop,4
user_05762,Basic,2024-06-11,1,14.23,Smart TV,4
user_05763,Standard,2024-07-22,0,14.73,Laptop,4
user_05764,Standard,2022-11-28,1,9.22,Tablet,7
user_05765,Premium,2024-11-04,1,26.59,Tablet,
user_05766,Standard,2025-01-03,1,6.78,Smart TV,
user_05767,Standard,2023-12-19,1,12.84,Mobile,2
user_05768,Premium,2025-04-20,1,15.24,Smart TV,1
user_05769,Basic,2025-06-13,0,10.8,Smart TV,2
user_05770,Premium,2025-03-15,0,13.73,Smart TV,2
user_05771,Standard,2024-04-02,1,,Smart TV,
user_05772,Basic,2023-02-18,1,7.39,Smart TV,4
user_05773,Standard,2024-10-08,1,10.86,Mobile,2
user_05774,Standard,2023-11-14,1,1.78,Smart TV,
user_05775,Basic,2023-11-13,1,3.83,Desktop,2
user_05776,Premium,2024-08-10,1,21.51,Laptop,1
user_05777,Standard,2025-01-16,1,18.83,Mobile,5
user_05778,Premium,2023-11-26,1,6.65,Gaming Console,1
user_05779,Standard,2025-06-07,1,32.83,Tablet,8
user_05780,Standard,2024-09-14,1,13.87,Mobile,3
user_05781,Standard,2024-06-02,0,6.92,Smart TV,1
user_05782,Premium,2023-10-08,1,1.11,Smart TV,4
user_05783,Premium,2023-09-22,1,25.07,Tablet,1
user_05784,Premium,2024-04-17,1,17.3,Tablet,1
user_05785,Standard,2023-11-06,1,15.07,Mobile,1
user_05786,Premium,2023-04-04,1,20.42,Laptop,2
user_05787,Standard,2024-09-27,1,30.73,Laptop,3
user_05788,Standard,2025-01-11,1,21.07,Mobile,6
user_05789,Standard,2024-12-11,1,14.61,Desktop,1
user_05790,Standard,2024-10-07,1,42.99,Mobile,3
user_05791,Basic,2025-06-25,1,22.33,Mobile,5
user_05792,Premium,2023-03-11,1,,Smart TV,1
user_05793,Standard,2024-01-28,1,17.73,Desktop,2
user_05794,Basic,2023-09-06,1,23.6,Tablet,2
user_05795,Standard,2023-06-02,1,37.03,Mobile,2
user_05796,Basic,2025-01-12,1,15.74,Desktop,3
user_05797,Basic,2025-02-23,1,24.81,Desktop,2
user_05798,Standard,2024-12-25,1,6.77,Smart TV,4
user_05799,Premium,2023-06-01,1,6.94,Smart TV,1
user_05800,Standard,2023-04-20,1,27.95,Smart TV,3
user_05801,Premium+,2022-08-25,1,20.65,Desktop,5
user_05802,Premium,2024-01-20,1,18.27,Desktop,2
user_05803,Basic,2024-06-03,1,10.21,Desktop,1
user_05804,Basic,2025-08-01,1,2.6,Laptop,2
user_05805,Standard,2022-10-03,1,10.29,Desktop,6
user_05806,Premium,2024-11-26,1,8.32,Tablet,2
user_05807,Premium+,2022-12-22,1,19.18,Gaming Console,2
user_05808,Premium+,2023-09-15,1,14.84,Laptop,1
user_05809,Basic,2023-09-14,1,9.58,Tablet,1
user_05810,Standard,2024-12-21,0,,Smart TV,3
user_05811,Standard,2024-12-04,1,5.45,Smart TV,2
user_05812,Premium,2023-05-18,1,,Desktop,5
user_05813,Standard,2024-07-24,1,16.89,Laptop,1
user_05814,Premium,2024-03-16,1,56.48,Mobile,3
user_05815,Standard,2023-01-10,1,2.1,Smart TV,1
user_05816,Premium,2022-10-19,0,29.29,Smart TV,3
user_05817,Premium,2022-08-22,1,36.13,Gaming Console,2
user_05818,Premium,2025-05-29,0,5.15,Mobile,2
user_05819,Premium+,2023-01-11,1,1.76,Desktop,5
user_05820,Premium,2024-09-28,0,,Tablet,2
user_05821,Standard,2023-10-30,0,18.96,Desktop,2
user_05822,Premium,2024-11-29,1,35.0,Desktop,4
user_05823,Basic,2022-09-22,1,393.56,Mobile,3
user_05824,Premium,2023-01-21,1,43.8,Tablet,
user_05825,Premium+,2025-05-15,0,0.25,Desktop,4
user_05826,Premium,2024-10-02,1,,Gaming Console,3
user_05827,Premium+,2025-07-29,1,9.68,Desktop,4
user_05828,Standard,2025-07-21,1,9.05,Desktop,
user_05829,Premium,2024-07-16,1,2.78,Laptop,1
user_05830,Premium+,2024-04-01,1,8.79,Gaming Console,2
user_05831,Premium,2023-02-05,1,17.41,Tablet,
user_05832,Premium,2023-03-26,1,11.48,Desktop,5
user_05833,Standard,2025-04-29,0,15.97,Smart TV,6
user_05834,Premium,2023-06-01,0,3.13,Gaming Console,4
user_05835,Basic,2025-01-22,1,17.45,Gaming Console,3
user_05836,Basic,2023-05-26,1,3.79,Laptop,4
user_05837,Standard,2024-03-18,1,32.43,Laptop,5
user_05838,Premium,2024-08-15,0,4.51,Mobile,2
user_05839,Premium,2023-04-28,1,7.45,Smart TV,2
user_05840,Standard,2025-06-21,1,6.35,Tablet,3
user_05841,Premium,2024-07-27,1,3.79,Laptop,5
user_05842,Premium,2024-11-06,1,,Desktop,2
user_05843,Premium,2023-11-18,1,,Gaming Console,1
user_05844,Premium,2024-03-07,0,4.7,Desktop,4
user_05845,Premium,2023-12-31,1,10.89,Tablet,1
user_05846,Standard,2025-06-25,1,39.2,Gaming Console,2
user_05847,Premium,2024-03-05,1,37.28,Desktop,2
user_05848,Standard,2023-01-28,1,25.09,Smart TV,1
user_05849,Premium+,2023-04-16,1,7.74,Tablet,1
user_05850,Basic,2022-09-18,1,3.09,Gaming Console,3
user_05851,Premium,2023-01-21,1,6.26,Mobile,4
user_05852,Premium,2022-10-29,1,30.4,Gaming Console,
user_05853,Premium,2022-12-25,1,8.47,Desktop,6
user_05854,Basic,2024-05-10,1,8.96,Desktop,4
user_05855,Premium,2024-01-28,1,17.18,Mobile,5
user_05856,Premium+,2024-06-17,1,7.87,Smart TV,1
user_05857,Premium,2025-02-20,1,13.54,Laptop,4
user_05858,Standard,2024-04-21,1,7.55,Laptop,6
user_05859,Premium,2023-06-16,1,11.05,Smart TV,4
user_05860,Basic,2025-06-16,0,8.22,Gaming Console,2
user_05861,Premium+,2023-08-12,1,4.66,Laptop,5
user_05862,Premium,2023-06-03,1,15.82,Desktop,
user_05863,Premium+,2025-04-30,1,9.17,Gaming Console,2
user_05864,Basic,2022-09-25,1,15.46,Mobile,4
user_05865,Standard,2024-07-14,1,,Tablet,4
user_05866,Premium,2023-05-12,1,16.67,Mobile,4
user_05867,Standard,2025-06-23,1,15.66,Smart TV,3
user_05868,Premium,2024-09-01,0,4.62,Mobile,
user_05869,Standard,2022-08-12,1,28.67,Smart TV,3
user_05870,Basic,2025-04-01,1,855.79,Gaming Console,5
user_05871,Standard,2025-05-09,1,2.74,Desktop,
user_05872,Basic,2024-06-28,1,33.18,Mobile,3
user_05873,Premium+,2024-04-08,1,12.28,Laptop,2
user_05874,Standard,2024-02-23,1,1.53,Mobile,
user_05875,Basic,2023-06-14,0,23.63,Mobile,2
user_05876,Standard,2023-07-29,1,52.16,Laptop,
user_05877,Basic,2022-12-29,1,3.22,Mobile,3
user_05878,Premium,2024-10-31,1,15.67,Tablet,4
user_05879,Premium+,2023-11-13,1,21.69,Desktop,2
user_05880,Standard,2023-07-18,1,9.09,Mobile,2
user_05881,Premium,2023-03-15,0,17.08,Smart TV,6
user_05882,Standard,2024-03-29,1,8.16,Gaming Console,2
user_05883,Premium,2023-05-10,1,13.2,Mobile,8
user_05884,Basic,2023-04-21,1,15.21,Tablet,4
user_05885,Standard,2025-05-24,1,3.12,Gaming Console,4
user_05886,Basic,2023-08-05,0,,Desktop,2
user_05887,Standard,2025-05-21,0,7.82,Tablet,1
user_05888,Premium,2024-10-11,1,13.24,Desktop,4
user_05889,Premium,2023-06-16,1,15.3,Gaming Console,2
user_05890,Standard,2025-04-24,1,,Smart TV,
user_05891,Standard,2024-09-12,1,8.89,Laptop,2
user_05892,Standard,2025-06-16,1,24.38,Tablet,1
user_05893,Standard,2024-04-03,1,7.32,Mobile,2
user_05894,Basic,2024-05-25,1,14.62,Gaming Console,2
user_05895,Premium,2023-06-26,1,48.98,Gaming Console,2
user_05896,Standard,2022-12-23,1,6.43,Desktop,2
user_05897,Premium,2022-09-27,1,27.41,Smart TV,4
user_05898,Basic,2024-08-11,1,7.67,Tablet,1
user_05899,Premium,2024-07-02,0,9.99,Laptop,
user_05900,Premium,2022-12-21,1,1.69,Gaming Console,1
user_05901,Standard,2024-04-01,1,40.39,Desktop,
user_05902,Premium,2025-05-12,1,38.85,Gaming Console,8
user_05903,Standard,2023-08-12,1,,Gaming Console,
user_05904,Premium+,2024-07-31,1,,Smart TV,1
user_05905,Premium,2022-11-21,1,1.31,Desktop,
user_05906,Basic,2023-11-13,1,2.3,Laptop,1
user_05907,Premium+,2024-02-15,1,21.62,Desktop,
user_05908,Premium,2023-01-22,1,31.12,Desktop,2
user_05909,Basic,2025-01-14,1,17.46,Laptop,1
user_05910,Standard,2023-08-26,1,774.92,Mobile,1
user_05911,Basic,2025-01-10,1,13.92,Desktop,6
user_05912,Basic,2023-03-29,1,21.73,Gaming Console,5
user_05913,Premium,2023-04-10,1,,Gaming Console,
user_05914,Premium,2025-02-28,1,9.18,Laptop,2
user_05915,Premium,2024-04-12,1,19.06,Tablet,2
user_05916,Standard,2023-07-11,1,9.28,Desktop,
user_05917,Premium,2025-05-12,0,7.99,Desktop,
user_05918,Premium,2023-02-15,1,10.36,Smart TV,5
user_05919,Premium+,2024-02-14,1,38.89,Gaming Console,6
user_05920,Basic,2025-06-15,1,9.98,Laptop,2
user_05921,Premium,2024-11-16,1,11.04,Smart TV,1
user_05922,Standard,2025-07-06,1,4.03,Desktop,
user_05923,Basic,2025-06-28,1,6.29,Laptop,
user_05924,Premium,2023-01-22,1,,Gaming Console,1
user_05925,Premium,2022-10-26,1,18.35,Laptop,
user_05926,Premium,2024-09-14,1,6.23,Tablet,
user_05927,Basic,2023-02-17,1,7.96,Tablet,2
user_05928,Basic,2023-03-05,1,45.9,Gaming Console,3
user_05929,Premium,2024-11-10,0,25.32,Desktop,3
user_05930,Standard,2024-08-15,1,14.23,Laptop,1
user_05931,Basic,2023-08-20,1,22.67,Smart TV,3
user_05932,Basic,2024-03-27,0,9.36,Mobile,5
user_05933,Premium,2025-03-01,1,16.88,Laptop,4
user_05934,Basic,2025-02-10,1,17.75,Smart TV,2
user_05935,Basic,2025-06-13,1,16.78,Desktop,1
user_05936,Basic,2025-01-12,1,30.59,Desktop,2
user_05937,Premium,2024-11-01,1,16.91,Gaming Console,6
user_05938,Standard,2023-11-28,1,6.83,Gaming Console,5
user_05939,Premium,2023-01-10,1,3.55,Mobile,1
user_05940,Standard,2022-08-28,1,16.41,Tablet,4
user_05941,Premium,2022-08-28,1,22.44,Mobile,2
user_05942,Standard,2025-05-23,0,2.52,Smart TV,2
user_05943,Premium,2024-07-22,1,24.71,Gaming Console,6
user_05944,Premium+,2025-04-03,1,7.82,Gaming Console,3
user_05945,Standard,2023-07-14,1,22.66,Mobile,2
user_05946,Premium+,2022-08-22,1,6.56,Desktop,
user_05947,Standard,2024-02-04,1,3.41,Gaming Console,4
user_05948,Premium,2023-08-02,1,24.04,Mobile,1
user_05949,Premium+,2025-04-17,1,12.26,Gaming Console,1
user_05950,Standard,2024-02-29,1,1.13,Gaming Console,
user_05951,Basic,2024-01-31,1,,Gaming Console,3
user_05952,Standard,2022-09-13,1,9.8,Gaming Console,2
user_05953,Standard,2022-08-30,1,23.63,Mobile,
user_05954,Premium,2022-11-25,1,7.59,Gaming Console,1
user_05955,Premium,2024-09-22,0,17.89,Tablet,2
user_05956,Premium,2024-01-26,1,9.52,Laptop,7
user_05957,Premium,2022-08-25,1,28.63,Tablet,6
user_05958,Standard,2023-12-18,1,22.09,Desktop,2
user_05959,Basic,2023-02-12,1,,Gaming Console,3
user_05960,Premium,2023-06-01,1,9.97,Laptop,3
user_05961,Standard,2024-07-17,1,12.61,Tablet,2
user_05962,Standard,2024-03-04,1,,Desktop,3
user_05963,Basic,2024-02-08,1,5.2,Mobile,4
user_05964,Premium,2023-06-18,1,,Tablet,2
user_05965,Standard,2024-11-17,1,7.49,Gaming Console,2
user_05966,Standard,2024-11-29,1,6.79,Mobile,6
user_05967,Basic,2022-10-21,1,13.2,Mobile,
user_05968,Standard,2022-08-20,1,8.47,Tablet,2
user_05969,Premium,2023-04-04,0,13.68,Gaming Console,
user_05970,Premium,2024-01-09,1,9.07,Desktop,
user_05971,Basic,2025-05-06,1,13.89,Mobile,2
user_05972,Standard,2023-03-31,0,5.92,Gaming Console,3
user_05973,Premium,2023-08-28,1,9.65,Smart TV,1
user_05974,Basic,2023-02-21,1,8.66,Smart TV,2
user_05975,Premium,2023-01-17,1,23.35,Tablet,3
user_05976,Premium,2025-05-30,1,6.36,Desktop,
user_05977,Standard,2024-06-23,1,13.15,Smart TV,1
user_05978,Standard,2025-02-21,1,11.43,Laptop,7
user_05979,Standard,2022-11-28,1,13.25,Laptop,4
user_05980,Premium+,2024-07-04,1,,Desktop,
user_05981,Premium+,2024-01-06,1,18.15,Mobile,1
user_05982,Premium,2024-09-10,1,14.11,Tablet,1
user_05983,Standard,2024-05-23,1,15.22,Tablet,1
user_05984,Basic,2024-06-13,1,16.75,Mobile,1
user_05985,Standard,2022-09-22,1,7.86,Smart TV,5
user_05986,Basic,2024-03-06,0,6.41,Gaming Console,2
user_05987,Premium,2024-02-23,1,4.87,Tablet,3
user_05988,Standard,2023-07-08,1,29.3,Gaming Console,2
user_05989,Premium,2023-11-19,1,10.57,Laptop,3
user_05990,Basic,2024-04-27,1,13.53,Mobile,3
user_05991,Premium,2023-03-17,1,11.75,Gaming Console,6
user_05992,Standard,2023-07-20,1,12.9,Tablet,1
user_05993,Standard,2025-07-09,1,18.99,Smart TV,4
user_05994,Premium,2024-10-05,1,12.67,Desktop,3
user_05995,Basic,2023-11-20,1,4.47,Desktop,2
user_05996,Standard,2023-06-07,1,21.94,Tablet,3
user_05997,Basic,2023-10-30,1,3.5,Tablet,8
user_05998,Standard,2025-01-22,1,13.93,Gaming Console,1
user_05999,Premium+,2023-03-03,1,,Mobile,4
user_06000,Standard,2023-01-14,1,,Gaming Console,5
user_06001,Standard,2024-06-01,1,18.9,Smart TV,7
user_06002,Basic,2022-12-15,1,41.16,Smart TV,3
user_06003,Basic,2025-06-09,1,12.4,Laptop,2
user_06004,Basic,2025-07-02,1,6.04,Desktop,4
user_06005,Premium,2023-12-31,1,6.51,Gaming Console,5
user_06006,Standard,2022-11-05,1,1.93,Tablet,
user_06007,Premium+,2024-06-20,0,,Mobile,3
user_06008,Premium,2023-01-04,1,,Tablet,4
user_06009,Basic,2025-01-18,1,16.58,Gaming Console,3
user_06010,Premium,2024-02-12,1,,Mobile,5
user_06011,Standard,2023-05-10,0,14.83,Laptop,
user_06012,Standard,2025-05-18,1,2.36,Mobile,2
user_06013,Standard,2023-02-22,0,5.16,Laptop,2
user_06014,Standard,2025-03-24,1,,Laptop,6
user_06015,Standard,2023-07-03,0,28.18,Smart TV,6
user_06016,Standard,2023-03-07,0,8.52,Smart TV,5
user_06017,Standard,2024-10-29,1,11.81,Gaming Console,
user_06018,Standard,2023-01-08,1,,Desktop,1
user_06019,Premium+,2024-07-26,0,4.39,Mobile,
user_06020,Standard,2023-08-21,1,4.1,Mobile,3
user_06021,Premium,2025-04-03,1,1.68,Gaming Console,
user_06022,Basic,2024-03-04,1,15.1,Gaming Console,1
user_06023,Premium,2024-01-20,1,18.39,Mobile,2
user_06024,Premium+,2023-02-20,1,17.67,Smart TV,2
user_06025,Standard,2022-10-10,1,,Tablet,1
user_06026,Premium,2023-08-30,1,,Smart TV,5
user_06027,Standard,2025-02-06,0,246.92,Tablet,1
user_06028,Premium,2025-06-23,0,,Laptop,
user_06029,Basic,2024-03-18,1,3.49,Gaming Console,2
user_06030,Basic,2024-11-17,1,25.47,Mobile,
user_06031,Premium,2022-11-14,1,22.04,Desktop,
user_06032,Standard,2022-09-16,1,46.63,Laptop,2
user_06033,Premium,2022-10-05,1,8.78,Tablet,5
user_06034,Standard,2025-04-29,1,35.07,Desktop,4
user_06035,Premium,2024-05-28,1,9.45,Laptop,1
user_06036,Standard,2023-05-19,1,,Desktop,1
user_06037,Basic,2023-11-11,1,5.18,Laptop,4
user_06038,Standard,2025-02-21,0,16.46,Desktop,3
user_06039,Standard,2023-01-06,1,21.11,Gaming Console,1
user_06040,Premium,2022-12-28,1,,Desktop,6
user_06041,Premium,2025-04-21,1,13.88,Tablet,2
user_06042,Premium,2023-09-23,1,13.62,Smart TV,1
user_06043,Premium,2024-08-22,1,4.39,Mobile,7
user_06044,Premium,2023-04-01,1,12.45,Laptop,4
user_06045,Premium,2022-10-30,0,8.9,Mobile,6
user_06046,Basic,2024-12-30,0,8.57,Gaming Console,1
user_06047,Premium+,2023-04-05,1,18.64,Smart TV,
user_06048,Premium,2023-04-29,1,20.43,Laptop,1
user_06049,Premium+,2023-06-14,1,4.43,Smart TV,2
user_06050,Basic,2025-04-03,1,10.3,Laptop,1
user_06051,Premium,2022-08-17,0,24.07,Tablet,2
user_06052,Standard,2023-12-16,1,12.02,Tablet,2
user_06053,Standard,2025-03-12,1,,Smart TV,2
user_06054,Basic,2025-07-14,1,6.46,Desktop,1
user_06055,Standard,2023-11-07,1,16.83,Smart TV,5
user_06056,Premium,2024-10-29,1,14.52,Mobile,3
user_06057,Premium,2023-04-20,0,24.89,Tablet,3
user_06058,Standard,2022-10-16,0,14.94,Desktop,4
user_06059,Standard,2024-09-12,1,15.02,Desktop,2
user_06060,Premium,2023-02-16,1,9.7,Laptop,2
user_06061,Standard,2023-07-15,0,12.53,Desktop,2
user_06062,Standard,2025-06-17,1,5.66,Laptop,
user_06063,Standard,2025-02-23,0,4.85,Tablet,2
user_06064,Premium+,2025-01-21,1,12.98,Desktop,1
user_06065,Basic,2023-09-18,1,22.47,Smart TV,5
user_06066,Basic,2023-02-01,1,2.59,Mobile,2
user_06067,Standard,2024-01-24,1,8.06,Desktop,5
user_06068,Standard,2024-12-11,1,19.67,Mobile,2
user_06069,Standard,2023-10-21,0,20.97,Laptop,1
user_06070,Premium,2022-12-08,1,5.92,Smart TV,
user_06071,Premium,2023-05-15,1,10.8,Laptop,2
user_06072,Standard,2022-12-12,1,8.85,Laptop,
user_06073,Premium,2023-10-29,1,20.06,Desktop,2
user_06074,Basic,2024-02-02,0,,Mobile,1
user_06075,Standard,2022-09-05,1,4.86,Mobile,4
user_06076,Standard,2024-08-15,1,7.7,Gaming Console,4
user_06077,Standard,2022-09-26,1,41.97,Laptop,2
user_06078,Standard,2024-08-23,1,18.54,Smart TV,2
user_06079,Basic,2024-01-25,1,19.38,Mobile,3
user_06080,Premium,2025-04-23,1,,Mobile,5
user_06081,Standard,2025-03-29,1,32.55,Tablet,4
user_06082,Premium,2024-07-24,0,22.26,Desktop,2
user_06083,Premium,2023-08-18,0,17.61,Desktop,3
user_06084,Standard,2025-02-10,1,8.09,Tablet,1
user_06085,Standard,2023-09-11,0,6.32,Mobile,4
user_06086,Basic,2025-04-07,1,19.74,Desktop,2
user_06087,Basic,2024-07-04,1,,Tablet,
user_06088,Premium,2025-03-03,1,7.3,Laptop,4
user_06089,Standard,2024-08-13,1,9.48,Desktop,2
user_06090,Premium,2022-10-03,1,12.14,Laptop,2
user_06091,Standard,2023-01-25,1,9.47,Smart TV,1
user_06092,Standard,2024-11-17,1,9.14,Mobile,2
user_06093,Standard,2022-11-29,1,581.42,Smart TV,
user_06094,Standard,2022-09-20,1,34.88,Mobile,2
user_06095,Standard,2024-04-25,1,9.49,Laptop,1
user_06096,Standard,2024-02-10,1,15.26,Desktop,1
user_06097,Standard,2023-02-13,1,,Mobile,1
user_06098,Premium,2022-12-31,1,11.62,Tablet,2
user_06099,Premium,2024-03-24,1,9.48,Mobile,4
user_06100,Standard,2023-09-09,1,10.56,Desktop,2
user_06101,Basic,2024-08-03,1,17.03,Desktop,
user_06102,Standard,2023-12-27,1,8.76,Gaming Console,2
user_06103,Standard,2023-08-14,1,2.31,Laptop,1
user_06104,Premium,2024-03-15,1,,Tablet,
user_06105,Basic,2024-02-27,1,5.34,Laptop,1
user_06106,Standard,2024-10-23,1,12.25,Gaming Console,
user_06107,Standard,2024-08-02,1,4.56,Tablet,2
user_06108,Premium,2024-04-05,1,8.04,Laptop,3
user_06109,Basic,2023-07-27,1,9.48,Desktop,
user_06110,Premium,2024-07-15,1,21.1,Laptop,3
user_06111,Premium,2023-06-15,1,15.58,Laptop,
user_06112,Basic,2023-07-31,1,6.41,Mobile,2
user_06113,Standard,2024-01-21,1,14.99,Laptop,2
user_06114,Premium,2024-05-29,1,14.25,Laptop,2
user_06115,Basic,2022-10-21,0,17.45,Laptop,5
user_06116,Premium,2023-09-02,1,1.05,Gaming Console,2
user_06117,Premium,2024-11-03,1,2.57,Laptop,4
user_06118,Standard,2025-05-28,0,28.56,Smart TV,6
user_06119,Standard,2024-10-17,1,8.94,Desktop,4
user_06120,Standard,2023-02-15,0,23.32,Mobile,
user_06121,Premium,2024-11-15,1,,Smart TV,5
user_06122,Premium,2025-04-18,0,16.32,Gaming Console,2
user_06123,Premium,2024-12-10,1,23.53,Laptop,2
user_06124,Standard,2024-10-03,1,18.68,Gaming Console,2
user_06125,Premium+,2024-06-26,0,22.15,Laptop,1
user_06126,Premium,2025-02-03,1,21.37,Tablet,4
user_06127,Premium,2023-02-16,1,10.66,Desktop,6
user_06128,Standard,2024-12-05,1,3.98,Desktop,4
user_06129,Premium+,2023-11-30,1,9.89,Laptop,4
user_06130,Premium+,2023-04-26,1,12.81,Mobile,
user_06131,Standard,2025-04-08,1,17.93,Desktop,3
user_06132,Premium,2023-04-25,1,,Laptop,
user_06133,Basic,2023-10-14,1,13.47,Smart TV,1
user_06134,Premium,2022-10-22,1,4.58,Mobile,2
user_06135,Premium,2023-05-04,1,9.71,Tablet,1
user_06136,Standard,2023-12-18,1,,Smart TV,
user_06137,Standard,2025-03-04,1,11.43,Mobile,3
user_06138,Premium,2025-04-06,1,20.14,Laptop,2
user_06139,Premium,2023-02-12,0,8.05,Mobile,5
user_06140,Standard,2022-11-20,1,17.75,Gaming Console,2
user_06141,Premium,2025-01-24,1,,Mobile,2
user_06142,Basic,2023-04-01,1,25.13,Desktop,4
user_06143,Premium,2024-05-11,1,,Tablet,2
user_06144,Standard,2025-05-25,1,2.92,Laptop,4
user_06145,Basic,2023-04-11,0,34.31,Desktop,2
user_06146,Premium,2023-07-31,1,2.37,Smart TV,2
user_06147,Standard,2024-12-16,1,7.48,Laptop,3
user_06148,Standard,2024-06-20,1,19.75,Mobile,2
user_06149,Premium,2023-01-02,1,15.91,Smart TV,4
user_06150,Premium,2025-01-14,1,3.13,Laptop,7
user_06151,Basic,2023-09-17,0,42.36,Gaming Console,1
user_06152,Basic,2024-05-22,1,18.61,Desktop,3
user_06153,Standard,2023-01-15,1,11.6,Gaming Console,5
user_06154,Premium,2023-08-24,1,29.83,Desktop,3
user_06155,Premium,2023-07-16,0,11.66,Smart TV,
user_06156,Basic,2023-06-13,0,20.98,Mobile,2
user_06157,Standard,2022-09-05,1,11.88,Gaming Console,5
user_06158,Standard,2024-03-16,1,,Laptop,
user_06159,Standard,2023-01-12,1,14.41,Laptop,2
user_06160,Basic,2023-03-21,1,14.1,Mobile,2
user_06161,Premium,2022-10-30,1,,Laptop,2
user_06162,Standard,2023-04-14,0,37.4,Laptop,2
user_06163,Standard,2022-08-07,1,13.9,Gaming Console,3
user_06164,Premium,2025-02-06,1,,Desktop,5
user_06165,Basic,2025-07-20,1,,Smart TV,5
user_06166,Premium,2024-12-13,1,25.76,Gaming Console,3
user_06167,Premium,2025-04-27,1,30.85,Laptop,2
user_06168,Basic,2025-03-09,1,13.11,Laptop,1
user_06169,Standard,2023-05-03,1,24.18,Gaming Console,1
user_06170,Standard,2023-06-10,1,,Gaming Console,2
user_06171,Standard,2025-06-26,1,6.01,Mobile,1
user_06172,Standard,2023-06-09,1,12.11,Mobile,2
user_06173,Premium,2023-09-10,1,8.55,Desktop,
user_06174,Standard,2024-10-14,1,17.4,Smart TV,
user_06175,Standard,2022-12-11,1,19.78,Tablet,5
user_06176,Premium,2022-08-31,1,14.79,Laptop,3
user_06177,Premium,2022-08-23,1,2.2,Mobile,7
user_06178,Premium,2023-05-05,0,6.28,Gaming Console,6
user_06179,Basic,2024-01-25,1,27.92,Tablet,
user_06180,Standard,2024-03-29,1,17.22,Desktop,2
user_06181,Premium,2023-12-31,1,18.3,Laptop,1
user_06182,Basic,2025-07-30,1,8.41,Tablet,6
user_06183,Basic,2025-04-20,1,11.41,Mobile,8
user_06184,Premium,2024-08-02,1,17.81,Tablet,3
user_06185,Premium,2023-01-28,1,,Smart TV,4
user_06186,Premium+,2022-11-22,1,,Tablet,4
user_06187,Standard,2024-08-01,0,,Tablet,1
user_06188,Standard,2022-10-22,1,,Gaming Console,7
user_06189,Standard,2023-11-11,1,30.55,Mobile,4
user_06190,Standard,2024-09-19,0,12.45,Gaming Console,2
user_06191,Premium,2024-01-28,1,16.39,Smart TV,1
user_06192,Standard,2022-08-12,1,,Desktop,4
user_06193,Premium,2024-06-10,0,12.76,Gaming Console,2
user_06194,Premium+,2025-04-10,1,,Desktop,2
user_06195,Standard,2025-03-27,1,20.18,Desktop,2
user_06196,Standard,2023-05-30,1,12.5,Mobile,
user_06197,Premium+,2022-10-26,0,26.37,Tablet,1
user_06198,Standard,2025-02-16,1,11.65,Smart TV,
user_06199,Premium,2023-02-11,1,10.04,Laptop,4
user_06200,Premium+,2022-11-04,0,25.51,Mobile,2
user_06201,Standard,2023-09-28,1,7.23,Tablet,4
user_06202,Basic,2024-07-02,0,15.72,Desktop,5
user_06203,Premium,2023-07-31,1,9.22,Gaming Console,4
user_06204,Standard,2025-03-17,1,16.67,Gaming Console,5
user_06205,Premium,2023-01-11,1,,Tablet,3
user_06206,Premium,2024-11-05,1,14.81,Desktop,3
user_06207,Premium,2023-09-26,1,17.03,Gaming Console,2
user_06208,Premium,2024-07-06,1,24.45,Laptop,2
user_06209,Standard,2023-10-11,1,4.82,Smart TV,2
user_06210,Premium+,2024-06-23,1,13.04,Gaming Console,3
user_06211,Premium,2025-07-01,1,8.48,Smart TV,4
user_06212,Basic,2024-01-01,1,,Mobile,6
user_06213,Basic,2025-01-25,1,,Smart TV,5
user_06214,Basic,2023-06-20,1,6.56,Smart TV,1
user_06215,Standard,2024-07-29,1,13.24,Smart TV,2
user_06216,Standard,2023-05-23,1,12.15,Desktop,3
user_06217,Premium+,2025-04-25,1,5.12,Mobile,
user_06218,Premium,2022-09-17,1,23.74,Gaming Console,2
user_06219,Premium,2024-11-20,0,23.04,Desktop,2
user_06220,Basic,2022-10-09,0,25.55,Laptop,3
user_06221,Premium,2024-05-25,1,15.18,Mobile,5
user_06222,Premium+,2024-11-04,1,4.46,Mobile,1
user_06223,Premium,2024-04-28,1,5.01,Tablet,
user_06224,Premium,2023-07-31,1,3.23,Tablet,2
user_06225,Premium,2023-05-01,1,7.58,Desktop,3
user_06226,Premium,2023-12-24,1,4.11,Desktop,5
user_06227,Premium,2023-10-15,1,10.08,Desktop,3
user_06228,Premium,2023-01-08,1,8.32,Desktop,3
user_06229,Standard,2025-02-08,0,37.38,Mobile,2
user_06230,Premium,2025-01-09,0,33.07,Mobile,1
user_06231,Premium,2024-08-15,1,21.73,Mobile,3
user_06232,Standard,2025-01-12,1,4.86,Tablet,1
user_06233,Premium,2024-07-07,1,21.85,Smart TV,1
user_06234,Premium,2023-02-17,0,15.76,Laptop,2
user_06235,Standard,2023-12-17,1,28.09,Laptop,2
user_06236,Standard,2025-03-10,1,2.96,Desktop,1
user_06237,Basic,2025-06-26,1,33.48,Gaming Console,4
user_06238,Standard,2023-01-21,1,3.31,Tablet,2
user_06239,Standard,2024-10-04,1,12.48,Gaming Console,3
user_06240,Premium,2025-03-03,1,13.43,Tablet,2
user_06241,Standard,2023-09-18,1,12.57,Laptop,4
user_06242,Standard,2024-05-14,1,2.93,Mobile,2
user_06243,Standard,2024-09-11,1,4.23,Gaming Console,2
user_06244,Premium,2023-11-26,1,17.88,Smart TV,2
user_06245,Basic,2024-02-11,1,8.73,Laptop,3
user_06246,Basic,2023-12-05,1,35.36,Tablet,4
user_06247,Standard,2022-09-08,1,6.47,Gaming Console,
user_06248,Standard,2023-01-12,1,25.26,Mobile,6
user_06249,Premium,2023-07-31,1,5.47,Tablet,3
user_06250,Standard,2023-07-17,1,,Desktop,3
user_06251,Basic,2023-12-25,1,23.63,Tablet,2
user_06252,Standard,2024-05-17,0,20.7,Desktop,1
user_06253,Premium,2024-04-23,1,35.46,Tablet,
user_06254,Standard,2024-04-23,1,10.09,Mobile,6
user_06255,Premium+,2022-11-03,0,30.69,Laptop,
user_06256,Premium+,2022-10-15,0,28.69,Mobile,4
user_06257,Basic,2022-12-24,1,,Gaming Console,1
user_06258,Basic,2025-06-15,1,15.39,Desktop,3
user_06259,Premium,2023-04-20,1,20.96,Desktop,
user_06260,Standard,2023-05-11,1,4.08,Desktop,
user_06261,Premium,2024-01-12,0,15.28,Tablet,7
user_06262,Standard,2023-04-02,0,,Mobile,2
user_06263,Basic,2024-10-26,1,7.7,Desktop,5
user_06264,Premium+,2023-05-07,1,17.51,Tablet,2
user_06265,Premium+,2025-07-14,1,23.64,Desktop,4
user_06266,Standard,2023-07-09,1,12.92,Mobile,1
user_06267,Premium,2024-05-28,1,,Laptop,
user_06268,Premium,2025-07-28,1,24.11,Gaming Console,2
user_06269,Basic,2024-03-05,0,3.97,Laptop,2
user_06270,Basic,2024-04-05,1,7.73,Desktop,
user_06271,Premium+,2025-03-03,1,15.23,Smart TV,3
user_06272,Premium,2023-06-07,1,16.01,Mobile,
user_06273,Standard,2023-08-19,1,257.09,Desktop,2
user_06274,Premium,2025-03-02,1,6.82,Laptop,4
user_06275,Premium,2025-02-04,1,12.01,Mobile,7
user_06276,Standard,2025-06-08,1,18.3,Laptop,1
user_06277,Basic,2023-05-14,1,10.96,Smart TV,3
user_06278,Standard,2023-08-14,1,67.86,Laptop,3
user_06279,Basic,2022-11-30,1,14.12,Desktop,4
user_06280,Standard,2023-02-14,1,16.8,Gaming Console,1
user_06281,Premium,2023-09-17,0,10.82,Smart TV,3
user_06282,Standard,2024-11-15,1,29.97,Gaming Console,5
user_06283,Basic,2023-09-29,1,30.69,Desktop,1
user_06284,Premium,2023-01-08,1,24.68,Desktop,4
user_06285,Basic,2023-08-23,1,,Desktop,1
user_06286,Standard,2025-01-11,1,10.31,Tablet,6
user_06287,Standard,2025-05-21,1,,Mobile,3
user_06288,Basic,2025-03-23,1,39.2,Tablet,
user_06289,Standard,2025-01-25,1,12.16,Mobile,3
user_06290,Premium,2025-04-03,1,11.14,Mobile,8
user_06291,Premium+,2023-03-06,1,13.94,Laptop,4
user_06292,Premium,2023-07-16,1,20.06,Mobile,4
user_06293,Premium,2024-05-11,0,4.95,Laptop,4
user_06294,Basic,2024-06-28,1,1.32,Mobile,5
user_06295,Basic,2023-07-17,0,,Mobile,2
user_06296,Standard,2022-11-30,1,56.78,Tablet,4
user_06297,Standard,2023-02-28,1,4.38,Laptop,2
user_06298,Basic,2025-04-11,1,18.27,Tablet,4
user_06299,Standard,2023-06-25,1,12.3,Tablet,3
user_06300,Premium,2023-07-24,0,23.71,Tablet,7
user_06301,Premium,2024-01-09,1,7.47,Mobile,2
user_06302,Standard,2024-01-17,1,23.7,Smart TV,4
user_06303,Standard,2023-07-07,1,10.48,Desktop,2
user_06304,Standard,2025-03-18,1,8.71,Mobile,1
user_06305,Standard,2024-06-14,1,13.82,Tablet,
user_06306,Premium,2023-01-26,1,7.56,Gaming Console,2
user_06307,Standard,2023-07-04,1,3.85,Gaming Console,2
user_06308,Premium+,2022-08-31,1,18.33,Mobile,7
user_06309,Basic,2025-07-22,1,11.19,Laptop,1
user_06310,Standard,2022-12-19,1,16.77,Mobile,5
user_06311,Premium,2025-05-23,1,16.24,Tablet,4
user_06312,Premium,2023-08-14,1,,Tablet,2
user_06313,Standard,2024-12-24,1,8.76,Gaming Console,2
user_06314,Premium+,2022-10-05,0,,Tablet,2
user_06315,Basic,2022-11-09,1,9.79,Tablet,1
user_06316,Premium,2023-05-14,1,2.57,Tablet,5
user_06317,Standard,2023-03-06,1,18.83,Desktop,
user_06318,Premium,2023-11-09,1,23.06,Tablet,2
user_06319,Standard,2025-03-09,1,13.22,Gaming Console,2
user_06320,Premium,2024-05-27,0,8.63,Mobile,4
user_06321,Standard,2023-11-01,1,12.72,Mobile,1
user_06322,Basic,2023-09-28,1,,Smart TV,1
user_06323,Standard,2023-06-04,1,8.09,Smart TV,2
user_06324,Premium+,2025-02-20,1,18.99,Laptop,3
user_06325,Premium,2024-12-10,1,6.78,Mobile,2
user_06326,Premium,2025-04-24,1,16.32,Mobile,2
user_06327,Premium,2025-02-04,1,5.59,Laptop,6
user_06328,Premium,2022-11-16,0,5.34,Mobile,2
user_06329,Basic,2023-02-10,1,2.22,Mobile,2
user_06330,Standard,2023-04-12,1,13.4,Smart TV,2
user_06331,Standard,2023-03-25,1,25.5,Tablet,
user_06332,Standard,2023-09-21,1,28.2,Desktop,6
user_06333,Standard,2024-12-19,1,14.84,Mobile,1
user_06334,Premium,2024-03-06,1,41.75,Desktop,1
user_06335,Standard,2024-05-15,1,18.17,Gaming Console,6
user_06336,Standard,2023-02-11,1,,Smart TV,4
user_06337,Standard,2024-11-01,1,17.69,Laptop,
user_06338,Premium,2024-11-26,1,25.46,Tablet,3
user_06339,Basic,2022-12-22,1,,Desktop,2
user_06340,Basic,2024-01-15,1,13.98,Tablet,3
user_06341,Basic,2023-09-13,0,14.8,Tablet,3
user_06342,Premium,2023-06-21,1,19.44,Smart TV,2
user_06343,Basic,2022-10-17,1,6.25,Smart TV,4
user_06344,Premium,2024-11-23,1,8.65,Tablet,1
user_06345,Premium,2022-10-05,0,21.81,Desktop,2
user_06346,Standard,2023-07-29,1,7.97,Mobile,2
user_06347,Premium+,2024-07-08,1,12.36,Desktop,6
user_06348,Premium,2024-04-20,1,12.65,Smart TV,1
user_06349,Standard,2024-06-18,1,17.13,Mobile,2
user_06350,Premium,2024-12-16,1,6.91,Laptop,2
user_06351,Premium,2024-03-12,1,,Mobile,1
user_06352,Premium,2024-11-26,1,44.28,Tablet,2
user_06353,Premium,2023-10-17,0,10.62,Desktop,1
user_06354,Premium,2024-06-24,0,16.22,Mobile,5
user_06355,Premium+,2023-10-19,1,4.85,Laptop,1
user_06356,Standard,2023-12-08,1,,Desktop,3
user_06357,Standard,2023-05-14,1,17.11,Mobile,4
user_06358,Premium+,2023-10-06,1,23.98,Mobile,2
user_06359,Standard,2025-05-18,0,16.19,Desktop,2
user_06360,Standard,2024-06-12,1,3.16,Desktop,2
user_06361,Premium,2024-08-13,1,7.78,Laptop,1
user_06362,Basic,2023-09-21,0,8.98,Smart TV,2
user_06363,Basic,2023-05-03,1,12.09,Gaming Console,1
user_06364,Standard,2022-08-30,1,11.84,Mobile,1
user_06365,Premium+,2024-07-12,1,41.9,Mobile,4
user_06366,Standard,2024-12-30,1,43.11,Laptop,4
user_06367,Standard,2025-05-18,1,15.44,Laptop,2
user_06368,Basic,2025-01-24,1,,Gaming Console,5
user_06369,Premium,2022-12-14,0,26.65,Laptop,3
user_06370,Premium+,2024-04-25,1,10.39,Smart TV,5
user_06371,Standard,2022-10-22,1,11.72,Laptop,
user_06372,Standard,2023-07-07,1,26.49,Gaming Console,3
user_06373,Basic,2025-07-24,1,15.59,Desktop,2
user_06374,Standard,2022-11-17,1,18.24,Mobile,7
user_06375,Standard,2024-02-10,1,32.62,Tablet,
user_06376,Basic,2024-08-18,1,18.17,Laptop,
user_06377,Standard,2023-10-01,1,31.12,Mobile,7
user_06378,Standard,2025-01-25,0,,Tablet,
user_06379,Premium,2023-03-13,1,21.87,Laptop,4
user_06380,Standard,2023-05-10,1,2.01,Desktop,2
user_06381,Standard,2024-10-26,1,23.91,Smart TV,4
user_06382,Standard,2024-10-15,0,10.25,Tablet,4
user_06383,Premium,2024-02-10,1,13.03,Gaming Console,5
user_06384,Standard,2025-03-11,1,13.53,Smart TV,3
user_06385,Standard,2023-08-10,1,2.33,Smart TV,4
user_06386,Basic,2023-08-14,1,20.75,Desktop,1
user_06387,Premium,2024-05-09,1,9.15,Tablet,2
user_06388,Premium+,2022-10-20,1,8.47,Tablet,6
user_06389,Premium+,2024-04-27,1,,Smart TV,5
user_06390,Premium,2024-10-19,1,10.22,Tablet,1
user_06391,Standard,2025-04-13,1,19.12,Smart TV,2
user_06392,Premium,2023-03-13,1,23.97,Mobile,2
user_06393,Standard,2023-02-08,1,,Mobile,
user_06394,Standard,2023-04-16,1,,Gaming Console,
user_06395,Basic,2025-07-27,1,,Mobile,3
user_06396,Premium,2023-08-01,1,14.59,Tablet,6
user_06397,Basic,2022-11-22,0,14.7,Smart TV,3
user_06398,Standard,2025-03-20,1,55.07,Laptop,3
user_06399,Premium,2024-06-30,0,18.11,Laptop,2
user_06400,Premium,2024-07-18,1,17.57,Mobile,7
user_06401,Standard,2023-07-02,1,,Tablet,4
user_06402,Basic,2023-08-28,1,28.24,Tablet,2
user_06403,Standard,2023-03-15,1,3.6,Desktop,2
user_06404,Premium,2024-10-30,0,,Gaming Console,1
user_06405,Standard,2023-04-28,1,52.57,Mobile,3
user_06406,Basic,2024-03-15,1,,Gaming Console,4
user_06407,Premium,2025-01-10,0,1.25,Gaming Console,1
user_06408,Premium+,2023-06-18,1,3.06,Mobile,1
user_06409,Premium+,2025-05-21,1,30.75,Mobile,
user_06410,Standard,2025-05-07,1,33.52,Smart TV,1
user_06411,Standard,2024-01-03,1,661.28,Mobile,6
user_06412,Standard,2024-08-25,1,21.6,Tablet,3
user_06413,Standard,2024-12-04,1,16.85,Laptop,1
user_06414,Premium,2023-11-28,0,6.78,Mobile,6
user_06415,Standard,2025-01-05,1,10.02,Tablet,
user_06416,Standard,2025-06-17,1,26.6,Gaming Console,5
user_06417,Basic,2024-05-18,1,,Tablet,4
user_06418,Basic,2024-08-12,1,19.5,Tablet,3
user_06419,Premium,2023-05-03,1,8.4,Desktop,
user_06420,Premium,2023-05-18,1,,Tablet,2
user_06421,Standard,2023-05-12,1,11.43,Desktop,4
user_06422,Premium,2024-12-29,1,23.01,Gaming Console,1
user_06423,Standard,2023-08-16,1,9.41,Desktop,
user_06424,Standard,2024-01-30,1,,Desktop,1
user_06425,Standard,2025-04-09,1,16.75,Laptop,1
user_06426,Standard,2025-06-16,0,23.66,Smart TV,3
user_06427,Premium,2025-01-12,1,,Gaming Console,4
user_06428,Basic,2023-11-10,1,,Smart TV,3
user_06429,Premium,2024-08-23,1,40.05,Mobile,3
user_06430,Standard,2023-05-23,1,7.68,Laptop,1
user_06431,Premium,2023-03-25,1,22.17,Mobile,2
user_06432,Premium,2024-03-21,1,,Tablet,2
user_06433,Premium,2022-08-08,1,,Mobile,2
user_06434,Basic,2024-03-26,1,11.01,Mobile,5
user_06435,Standard,2025-01-16,1,8.34,Gaming Console,4
user_06436,Premium,2024-01-05,1,13.3,Tablet,4
user_06437,Standard,2023-05-28,0,7.8,Mobile,3
user_06438,Standard,2025-05-12,1,16.75,Laptop,2
user_06439,Standard,2025-01-19,1,21.83,Tablet,3
user_06440,Standard,2024-02-29,0,25.23,Mobile,
user_06441,Premium+,2022-12-31,1,21.29,Smart TV,
user_06442,Basic,2023-03-26,1,5.78,Laptop,3
user_06443,Standard,2023-12-06,1,21.71,Desktop,5
user_06444,Standard,2023-07-30,1,,Mobile,2
user_06445,Standard,2023-06-05,1,7.92,Desktop,
user_06446,Premium,2024-08-06,1,5.3,Gaming Console,2
user_06447,Basic,2022-11-05,1,5.39,Laptop,
user_06448,Premium,2023-09-09,1,,Mobile,4
user_06449,Premium,2024-06-09,1,386.45,Mobile,1
user_06450,Standard,2024-05-22,1,3.23,Mobile,
user_06451,Standard,2023-11-10,1,38.29,Desktop,4
user_06452,Basic,2024-02-08,1,,Smart TV,
user_06453,Basic,2024-07-11,1,5.06,Mobile,5
user_06454,Standard,2025-01-17,1,7.35,Smart TV,4
user_06455,Premium,2024-02-28,0,9.0,Desktop,3
user_06456,Standard,2024-11-12,1,9.96,Laptop,2
user_06457,Premium,2023-08-10,1,,Gaming Console,
user_06458,Basic,2023-07-14,1,7.37,Gaming Console,1
user_06459,Premium,2023-08-06,0,15.27,Tablet,2
user_06460,Standard,2025-02-07,1,,Mobile,4
user_06461,Standard,2024-02-19,1,32.72,Tablet,2
user_06462,Standard,2023-11-19,1,17.13,Laptop,
user_06463,Premium,2023-02-16,0,14.07,Smart TV,2
user_06464,Standard,2023-06-19,0,13.86,Gaming Console,2
user_06465,Premium,2023-02-23,1,16.06,Smart TV,1
user_06466,Premium+,2023-05-21,1,14.91,Mobile,2
user_06467,Premium,2022-09-02,1,17.11,Desktop,
user_06468,Standard,2022-12-20,0,17.94,Laptop,3
user_06469,Standard,2024-06-20,0,19.25,Smart TV,5
user_06470,Basic,2025-06-08,0,7.42,Mobile,2
user_06471,Basic,2023-03-14,1,28.5,Smart TV,2
user_06472,Basic,2022-12-29,1,8.38,Gaming Console,1
user_06473,Premium,2023-09-01,1,11.83,Tablet,8
user_06474,Premium,2023-07-30,1,4.9,Laptop,
user_06475,Standard,2023-09-02,1,8.24,Mobile,1
user_06476,Standard,2024-07-27,1,23.02,Desktop,1
user_06477,Basic,2024-11-07,1,9.43,Tablet,
user_06478,Standard,2023-12-15,1,26.04,Laptop,2
user_06479,Standard,2025-07-17,1,11.97,Desktop,2
user_06480,Premium,2025-06-23,1,10.67,Laptop,
user_06481,Standard,2024-07-05,1,30.09,Desktop,3
user_06482,Standard,2024-11-24,1,1.94,Mobile,5
user_06483,Standard,2023-08-01,0,21.53,Desktop,2
user_06484,Basic,2023-12-17,1,16.42,Laptop,2
user_06485,Premium,2024-07-04,1,15.94,Desktop,3
user_06486,Basic,2024-06-27,1,22.25,Gaming Console,3
user_06487,Premium,2023-05-10,1,9.62,Gaming Console,1
user_06488,Standard,2023-07-10,0,12.67,Desktop,4
user_06489,Basic,2024-01-01,1,17.65,Laptop,2
user_06490,Premium,2024-04-27,1,25.49,Gaming Console,6
user_06491,Premium,2024-03-01,1,,Tablet,4
user_06492,Premium,2022-09-04,1,40.45,Desktop,
user_06493,Standard,2024-01-02,1,36.27,Tablet,4
user_06494,Basic,2025-02-26,1,31.46,Tablet,3
user_06495,Premium+,2024-08-13,1,,Mobile,2
user_06496,Premium,2024-05-30,1,19.15,Mobile,
user_06497,Premium,2024-08-05,1,,Tablet,4
user_06498,Premium,2023-04-02,0,2.2,Tablet,4
user_06499,Premium+,2024-09-05,1,13.07,Smart TV,4
user_06500,Standard,2022-10-09,1,18.84,Desktop,1
user_06501,Standard,2025-01-30,0,,Laptop,1
user_06502,Standard,2023-08-25,1,10.69,Mobile,4
user_06503,Premium+,2024-02-13,1,13.64,Gaming Console,2
user_06504,Premium,2023-05-19,1,2.6,Tablet,2
user_06505,Standard,2023-08-28,0,17.43,Laptop,8
user_06506,Premium,2025-01-20,1,,Desktop,7
user_06507,Standard,2023-05-05,1,27.37,Desktop,4
user_06508,Standard,2024-12-20,1,9.74,Smart TV,2
user_06509,Standard,2024-04-28,1,7.42,Mobile,
user_06510,Premium,2025-01-25,1,9.73,Mobile,1
user_06511,Standard,2024-05-08,1,35.39,Mobile,2
user_06512,Premium,2023-01-25,0,22.92,Mobile,2
user_06513,Standard,2024-10-23,1,5.01,Smart TV,4
user_06514,Premium,2023-12-15,1,22.93,Smart TV,1
user_06515,Standard,2024-12-27,1,18.39,Mobile,
user_06516,Standard,2022-11-15,0,,Laptop,3
user_06517,Standard,2023-12-18,1,3.24,Mobile,1
user_06518,Premium,2025-05-29,1,2.85,Mobile,2
user_06519,Premium,2024-08-08,1,12.17,Laptop,4
user_06520,Basic,2023-02-20,0,25.95,Smart TV,2
user_06521,Standard,2023-05-01,0,54.46,Desktop,4
user_06522,Basic,2023-02-01,1,22.47,Gaming Console,
user_06523,Premium,2022-09-21,0,5.62,Tablet,
user_06524,Premium+,2023-06-02,1,10.9,Gaming Console,3
user_06525,Premium,2025-05-08,1,4.36,Gaming Console,1
user_06526,Standard,2024-05-24,1,11.13,Gaming Console,1
user_06527,Premium,2025-03-19,1,88.5,Desktop,2
user_06528,Standard,2025-02-26,1,9.96,Desktop,6
user_06529,Standard,2025-01-24,1,23.08,Mobile,
user_06530,Premium,2023-05-27,1,7.39,Tablet,1
user_06531,Standard,2025-04-05,1,18.85,Tablet,2
user_06532,Premium,2024-07-20,1,13.39,Mobile,1
user_06533,Basic,2023-09-24,1,13.26,Desktop,1
user_06534,Premium,2023-07-29,0,30.03,Mobile,3
user_06535,Premium,2024-09-22,1,9.49,Gaming Console,4
user_06536,Basic,2024-08-20,1,1.62,Smart TV,4
user_06537,Basic,2022-11-13,1,7.8,Desktop,2
user_06538,Premium,2023-01-11,1,16.64,Tablet,3
user_06539,Standard,2023-11-27,1,20.83,Desktop,3
user_06540,Premium,2023-12-15,1,30.74,Gaming Console,1
user_06541,Standard,2024-11-01,1,34.34,Mobile,2
user_06542,Standard,2023-05-15,1,10.13,Gaming Console,3
user_06543,Premium,2024-10-29,1,5.66,Tablet,5
user_06544,Premium+,2024-12-15,1,12.58,Laptop,3
user_06545,Standard,2025-01-16,1,17.98,Laptop,2
user_06546,Premium+,2023-04-23,1,6.03,Tablet,2
user_06547,Standard,2023-10-11,1,26.77,Tablet,
user_06548,Premium+,2025-06-20,1,10.27,Mobile,1
user_06549,Standard,2023-05-21,1,24.31,Tablet,2
user_06550,Standard,2023-04-15,1,20.49,Gaming Console,2
user_06551,Basic,2024-01-10,0,24.33,Mobile,5
user_06552,Premium,2024-04-13,1,37.1,Tablet,2
user_06553,Premium,2023-04-27,1,32.54,Desktop,3
user_06554,Premium,2023-08-06,1,17.1,Desktop,4
user_06555,Premium,2024-02-22,1,4.77,Laptop,3
user_06556,Basic,2023-03-06,1,11.42,Laptop,
user_06557,Basic,2024-01-20,1,19.08,Laptop,7
user_06558,Standard,2023-12-05,1,22.07,Mobile,6
user_06559,Premium,2024-05-22,1,13.6,Gaming Console,
user_06560,Premium,2022-09-08,1,22.99,Laptop,1
user_06561,Basic,2024-03-24,1,22.63,Mobile,5
user_06562,Basic,2023-09-22,1,7.18,Laptop,4
user_06563,Premium,2024-07-19,1,4.56,Tablet,6
user_06564,Premium,2023-05-25,0,4.64,Tablet,4
user_06565,Basic,2022-08-19,1,13.06,Laptop,3
user_06566,Basic,2022-08-28,1,19.62,Mobile,3
user_06567,Basic,2024-06-09,0,4.07,Tablet,3
user_06568,Basic,2022-10-26,0,4.2,Mobile,2
user_06569,Premium,2022-09-07,1,25.35,Smart TV,
user_06570,Premium,2023-04-15,1,7.92,Laptop,2
user_06571,Premium+,2024-04-04,1,33.34,Gaming Console,4
user_06572,Premium,2024-10-26,1,10.07,Mobile,
user_06573,Basic,2022-11-26,0,10.51,Laptop,1
user_06574,Standard,2025-01-15,1,8.49,Laptop,3
user_06575,Premium,2024-01-20,1,23.98,Mobile,4
user_06576,Premium,2024-10-21,0,1.91,Smart TV,4
user_06577,Basic,2022-10-24,1,33.76,Laptop,2
user_06578,Premium,2023-03-25,1,33.72,Gaming Console,2
user_06579,Premium,2024-03-14,1,20.97,Gaming Console,5
user_06580,Premium,2024-04-05,0,5.94,Tablet,1
user_06581,Premium,2022-09-28,1,19.66,Mobile,3
user_06582,Basic,2023-10-25,1,15.45,Smart TV,
user_06583,Standard,2025-06-16,1,28.93,Laptop,4
user_06584,Premium,2024-08-04,1,,Desktop,2
user_06585,Standard,2023-11-25,1,22.13,Mobile,3
user_06586,Basic,2023-01-25,1,16.94,Gaming Console,2
user_06587,Premium+,2024-05-11,1,8.69,Desktop,
user_06588,Premium,2023-07-18,1,18.85,Gaming Console,2
user_06589,Premium,2022-08-21,1,21.65,Smart TV,1
user_06590,Basic,2025-03-30,1,33.63,Desktop,3
user_06591,Standard,2024-09-14,1,26.38,Smart TV,2
user_06592,Standard,2024-03-21,1,17.28,Smart TV,3
user_06593,Basic,2024-08-22,0,39.63,Mobile,4
user_06594,Premium,2022-10-22,1,26.66,Mobile,
user_06595,Premium,2022-12-18,1,13.73,Smart TV,1
user_06596,Premium,2023-10-16,1,30.08,Tablet,2
user_06597,Standard,2022-10-25,1,20.16,Desktop,5
user_06598,Premium,2024-04-10,1,,Smart TV,
user_06599,Premium,2025-07-14,1,47.24,Desktop,3
user_06600,Standard,2024-10-31,1,8.41,Smart TV,2
user_06601,Premium+,2023-01-06,1,22.49,Smart TV,3
user_06602,Basic,2024-11-04,1,31.26,Smart TV,1
user_06603,Premium,2025-06-22,1,22.02,Gaming Console,4
user_06604,Basic,2023-05-07,0,25.99,Desktop,
user_06605,Basic,2025-03-09,1,681.21,Tablet,
user_06606,Premium,2025-05-05,1,,Desktop,
user_06607,Basic,2024-04-13,1,31.62,Laptop,5
user_06608,Premium,2024-11-18,1,25.99,Tablet,
user_06609,Premium,2023-06-21,1,,Tablet,1
user_06610,Standard,2025-03-12,1,8.51,Smart TV,
user_06611,Premium,2022-12-26,1,16.79,Smart TV,
user_06612,Basic,2025-05-05,1,24.01,Gaming Console,3
user_06613,Premium,2023-07-09,1,24.11,Smart TV,2
user_06614,Standard,2024-02-25,1,13.99,Tablet,
user_06615,Standard,2025-06-22,1,3.04,Desktop,
user_06616,Standard,2022-11-16,1,15.89,Desktop,1
user_06617,Premium,2025-03-24,1,5.69,Smart TV,
user_06618,Premium,2023-01-30,1,24.36,Laptop,1
user_06619,Standard,2022-09-30,0,19.62,Laptop,
user_06620,Standard,2023-01-13,1,,Desktop,3
user_06621,Standard,2023-01-12,1,13.86,Mobile,3
user_06622,Premium,2024-05-07,1,19.86,Laptop,4
user_06623,Standard,2025-06-19,1,19.54,Gaming Console,3
user_06624,Premium,2023-08-08,1,6.1,Mobile,5
user_06625,Basic,2023-11-23,1,4.21,Tablet,4
user_06626,Basic,2022-12-10,1,18.69,Tablet,5
user_06627,Premium,2025-03-20,1,12.96,Gaming Console,3
user_06628,Basic,2024-01-11,1,2.03,Smart TV,
user_06629,Basic,2023-11-15,1,5.6,Smart TV,
user_06630,Premium,2025-07-15,1,1.06,Smart TV,
user_06631,Standard,2024-12-18,1,17.93,Smart TV,2
user_06632,Basic,2022-09-07,1,9.41,Tablet,4
user_06633,Premium,2025-05-31,1,15.58,Tablet,3
user_06634,Standard,2023-03-24,1,8.71,Tablet,3
user_06635,Standard,2023-05-21,1,10.85,Mobile,
user_06636,Standard,2022-11-07,1,9.45,Smart TV,6
user_06637,Standard,2022-12-17,0,34.64,Gaming Console,2
user_06638,Premium,2025-05-28,1,28.06,Mobile,4
user_06639,Basic,2023-06-17,1,5.63,Gaming Console,2
user_06640,Premium,2025-06-06,1,9.5,Desktop,7
user_06641,Premium,2023-02-09,1,21.01,Smart TV,
user_06642,Premium,2023-07-05,1,19.01,Mobile,
user_06643,Basic,2025-03-30,0,4.05,Desktop,2
user_06644,Premium,2023-07-14,1,14.51,Gaming Console,
user_06645,Standard,2023-09-20,1,6.04,Desktop,2
user_06646,Premium,2024-08-04,1,20.47,Mobile,2
user_06647,Standard,2024-08-09,1,16.72,Smart TV,1
user_06648,Standard,2024-06-24,1,31.86,Desktop,
user_06649,Standard,2025-04-28,1,6.41,Gaming Console,2
user_06650,Premium,2024-04-03,1,8.19,Tablet,1
user_06651,Premium,2022-12-23,1,5.67,Desktop,5
user_06652,Basic,2024-04-18,1,26.02,Desktop,2
user_06653,Basic,2024-04-27,1,16.66,Smart TV,3
user_06654,Basic,2023-10-29,0,33.85,Gaming Console,2
user_06655,Standard,2023-04-27,1,7.15,Tablet,4
user_06656,Basic,2023-01-29,1,16.83,Mobile,1
user_06657,Standard,2024-07-15,1,6.12,Desktop,2
user_06658,Premium,2025-07-03,1,7.84,Laptop,4
user_06659,Premium,2024-03-06,1,9.98,Tablet,
user_06660,Standard,2022-09-05,1,,Gaming Console,2
user_06661,Premium+,2023-05-07,1,,Laptop,5
user_06662,Standard,2024-10-20,1,33.2,Laptop,3
user_06663,Standard,2025-03-01,0,34.54,Laptop,3
user_06664,Premium,2025-05-12,1,4.45,Tablet,4
user_06665,Basic,2025-06-15,1,11.63,Tablet,4
user_06666,Premium,2022-11-12,1,26.13,Tablet,
user_06667,Premium,2024-02-20,1,22.83,Gaming Console,2
user_06668,Premium+,2023-07-23,1,,Mobile,2
user_06669,Basic,2022-08-24,1,13.5,Gaming Console,2
user_06670,Standard,2023-10-12,1,14.35,Tablet,1
user_06671,Standard,2023-08-27,0,7.31,Desktop,2
user_06672,Standard,2025-01-05,1,10.46,Tablet,2
user_06673,Basic,2022-12-17,1,13.21,Mobile,1
user_06674,Standard,2024-12-07,1,17.7,Smart TV,
user_06675,Standard,2023-09-14,1,9.8,Mobile,2
user_06676,Premium+,2024-03-27,1,15.47,Mobile,1
user_06677,Basic,2023-09-08,0,10.19,Laptop,3
user_06678,Basic,2023-02-09,1,9.41,Tablet,5
user_06679,Basic,2022-08-18,1,9.23,Gaming Console,3
user_06680,Premium,2023-04-27,1,13.87,Smart TV,2
user_06681,Standard,2023-06-04,1,,Smart TV,
user_06682,Standard,2024-01-20,1,32.6,Laptop,2
user_06683,Premium+,2024-07-19,1,7.65,Desktop,3
user_06684,Basic,2024-04-19,0,,Laptop,1
user_06685,Standard,2025-01-27,1,30.09,Gaming Console,1
user_06686,Standard,2025-05-11,1,3.73,Laptop,3
user_06687,Standard,2025-06-26,1,29.43,Tablet,2
user_06688,Standard,2024-02-13,1,,Gaming Console,5
user_06689,Premium,2022-12-30,1,6.11,Mobile,2
user_06690,Premium,2025-07-05,0,,Smart TV,2
user_06691,Basic,2025-06-18,1,,Mobile,3
user_06692,Basic,2024-03-07,1,13.84,Tablet,3
user_06693,Standard,2022-09-04,1,,Smart TV,3
user_06694,Basic,2025-04-02,1,7.06,Laptop,2
user_06695,Premium,2024-08-02,1,9.07,Tablet,1
user_06696,Premium,2023-03-26,1,3.39,Mobile,5
user_06697,Basic,2025-06-19,1,13.48,Tablet,2
user_06698,Premium,2023-05-30,1,1.98,Tablet,4
user_06699,Premium,2023-11-25,1,,Smart TV,2
user_06700,Standard,2025-06-02,1,23.76,Smart TV,2
user_06701,Basic,2023-02-20,1,8.84,Laptop,1
user_06702,Standard,2023-07-30,1,10.6,Laptop,2
user_06703,Standard,2024-05-22,1,,Laptop,1
user_06704,Premium,2023-06-15,1,,Mobile,
user_06705,Premium,2024-09-02,1,33.9,Smart TV,
user_06706,Basic,2023-11-10,1,7.32,Mobile,2
user_06707,Basic,2022-09-27,1,39.64,Tablet,
user_06708,Premium,2024-04-01,1,,Laptop,
user_06709,Basic,2024-04-07,0,26.63,Gaming Console,2
user_06710,Standard,2024-04-22,1,7.77,Tablet,4
user_06711,Standard,2023-12-27,1,6.01,Tablet,
user_06712,Premium,2025-06-04,1,4.47,Desktop,5
user_06713,Standard,2024-07-28,0,13.28,Mobile,
user_06714,Premium,2024-01-05,1,8.4,Tablet,4
user_06715,Standard,2024-10-28,1,15.94,Gaming Console,
user_06716,Premium+,2025-06-23,1,3.74,Mobile,3
user_06717,Premium,2024-12-30,1,35.52,Mobile,7
user_06718,Premium+,2023-02-12,1,2.06,Desktop,2
user_06719,Premium,2023-06-14,0,8.09,Smart TV,3
user_06720,Premium,2025-07-09,1,32.36,Tablet,1
user_06721,Premium,2025-05-26,1,12.62,Tablet,2
user_06722,Premium,2025-07-05,1,20.8,Gaming Console,4
user_06723,Premium,2024-04-07,1,35.07,Laptop,6
user_06724,Standard,2024-03-23,1,9.29,Gaming Console,
user_06725,Premium,2024-07-02,1,12.64,Smart TV,5
user_06726,Premium,2023-04-16,1,9.4,Mobile,7
user_06727,Standard,2024-01-29,1,19.78,Smart TV,
user_06728,Basic,2023-12-15,1,14.56,Tablet,1
user_06729,Premium+,2023-03-06,1,7.62,Tablet,3
user_06730,Premium,2023-12-06,1,22.28,Mobile,2
user_06731,Premium+,2024-10-19,1,,Laptop,
user_06732,Premium,2023-12-30,1,16.02,Tablet,3
user_06733,Premium,2024-03-15,1,20.05,Smart TV,1
user_06734,Premium+,2024-03-05,1,18.76,Tablet,6
user_06735,Basic,2023-04-25,1,18.09,Tablet,4
user_06736,Basic,2024-10-04,1,3.4,Tablet,5
user_06737,Premium+,2023-07-13,1,34.12,Desktop,
user_06738,Standard,2022-12-12,1,14.05,Gaming Console,5
user_06739,Basic,2023-12-25,1,13.76,Gaming Console,3
user_06740,Standard,2022-08-15,0,,Desktop,2
user_06741,Standard,2025-04-21,0,16.52,Tablet,1
user_06742,Standard,2024-04-07,1,2.48,Laptop,4
user_06743,Basic,2025-03-19,1,14.15,Smart TV,2
user_06744,Basic,2025-07-12,0,17.22,Mobile,3
user_06745,Standard,2024-06-04,1,23.28,Gaming Console,5
user_06746,Premium,2024-04-11,1,10.65,Tablet,1
user_06747,Premium+,2023-08-18,1,10.81,Gaming Console,
user_06748,Premium+,2023-05-23,0,13.78,Laptop,7
user_06749,Premium,2023-01-11,1,17.84,Gaming Console,1
user_06750,Standard,2025-04-06,1,4.52,Smart TV,2
user_06751,Basic,2025-03-17,0,11.41,Laptop,3
user_06752,Standard,2023-09-27,1,12.99,Gaming Console,4
user_06753,Premium,2024-09-22,1,14.14,Tablet,1
user_06754,Standard,2022-09-03,1,18.45,Laptop,1
user_06755,Standard,2023-11-06,1,,Mobile,2
user_06756,Basic,2024-12-13,1,21.33,Tablet,
user_06757,Standard,2023-01-15,1,,Desktop,2
user_06758,Premium+,2022-08-11,1,687.17,Laptop,1
user_06759,Basic,2023-12-25,1,17.42,Mobile,2
user_06760,Premium,2023-12-24,0,12.33,Mobile,
user_06761,Premium,2025-06-19,1,15.84,Desktop,2
user_06762,Basic,2024-04-02,1,4.49,Tablet,
user_06763,Premium,2025-05-12,1,8.52,Mobile,2
user_06764,Premium,2023-02-15,1,8.77,Gaming Console,
user_06765,Standard,2025-05-16,1,34.15,Smart TV,
user_06766,Standard,2023-03-02,1,8.59,Laptop,1
user_06767,Premium,2024-12-02,0,11.72,Mobile,
user_06768,Standard,2025-04-27,1,10.12,Smart TV,2
user_06769,Standard,2024-06-21,1,30.92,Desktop,2
user_06770,Premium,2025-05-06,1,10.28,Desktop,3
user_06771,Standard,2025-01-25,1,17.74,Desktop,3
user_06772,Premium,2023-02-08,1,4.12,Smart TV,4
user_06773,Standard,2025-07-05,1,24.0,Desktop,2
user_06774,Standard,2023-10-19,0,4.6,Smart TV,1
user_06775,Standard,2024-10-26,1,3.48,Tablet,1
user_06776,Basic,2025-06-16,1,6.63,Mobile,2
user_06777,Premium,2022-09-10,1,7.03,Laptop,3
user_06778,Standard,2024-04-19,1,56.36,Laptop,2
user_06779,Standard,2025-02-20,1,24.66,Tablet,
user_06780,Standard,2024-06-30,1,3.02,Laptop,1
user_06781,Premium,2024-10-18,1,10.6,Tablet,3
user_06782,Basic,2023-09-25,0,27.11,Mobile,8
user_06783,Premium,2024-11-07,1,,Smart TV,6
user_06784,Standard,2025-01-07,1,8.57,Desktop,
user_06785,Basic,2023-06-28,1,32.32,Gaming Console,5
user_06786,Premium,2025-03-08,0,15.18,Mobile,2
user_06787,Basic,2023-08-19,1,15.97,Tablet,1
user_06788,Premium,2024-03-24,1,6.48,Desktop,1
user_06789,Premium+,2025-05-08,1,24.4,Desktop,2
user_06790,Premium+,2022-12-23,1,7.86,Mobile,2
user_06791,Premium,2023-03-18,1,7.69,Tablet,5
user_06792,Premium,2024-10-30,1,,Smart TV,2
user_06793,Premium,2024-12-18,0,3.95,Tablet,
user_06794,Premium+,2023-12-31,1,33.34,Tablet,4
user_06795,Standard,2023-01-21,1,7.03,Laptop,4
user_06796,Standard,2025-05-01,1,52.81,Gaming Console,6
user_06797,Premium,2023-11-15,0,20.15,Desktop,2
user_06798,Premium+,2023-01-09,1,10.99,Mobile,3
user_06799,Premium,2023-10-25,1,,Laptop,7
user_06800,Premium+,2023-05-23,1,18.08,Desktop,3
user_06801,Premium,2024-03-07,0,5.62,Tablet,5
user_06802,Standard,2024-12-18,1,38.27,Desktop,6
user_06803,Premium,2024-10-14,1,34.78,Laptop,5
user_06804,Standard,2022-11-21,1,40.07,Smart TV,4
user_06805,Premium,2023-01-16,1,6.9,Laptop,3
user_06806,Standard,2024-11-07,1,8.22,Tablet,2
user_06807,Premium,2023-10-31,1,,Gaming Console,5
user_06808,Premium,2024-11-24,1,23.22,Laptop,
user_06809,Basic,2024-12-28,1,,Laptop,2
user_06810,Basic,2025-01-31,1,36.13,Desktop,3
user_06811,Standard,2024-07-16,1,28.35,Tablet,2
user_06812,Basic,2024-06-20,0,5.2,Gaming Console,2
user_06813,Basic,2025-01-30,1,7.91,Laptop,1
user_06814,Basic,2023-08-20,1,2.85,Laptop,2
user_06815,Standard,2025-06-02,1,4.83,Gaming Console,1
user_06816,Premium+,2023-05-18,1,23.08,Smart TV,
user_06817,Standard,2024-06-26,1,8.42,Smart TV,2
user_06818,Basic,2024-09-09,1,32.23,Gaming Console,3
user_06819,Premium,2025-04-21,1,14.67,Tablet,2
user_06820,Standard,2024-07-06,1,31.0,Tablet,5
user_06821,Standard,2022-09-29,0,17.16,Desktop,2
user_06822,Premium,2023-08-05,0,12.58,Mobile,2
user_06823,Premium+,2022-08-29,1,23.48,Gaming Console,4
user_06824,Standard,2024-12-26,1,17.92,Gaming Console,2
user_06825,Standard,2024-05-18,1,36.01,Gaming Console,
user_06826,Premium,2024-02-20,0,,Mobile,1
user_06827,Premium+,2024-05-19,1,21.35,Desktop,5
user_06828,Basic,2023-03-02,1,19.94,Smart TV,3
user_06829,Premium,2024-10-19,1,34.28,Tablet,3
user_06830,Premium,2024-05-24,1,6.45,Mobile,2
user_06831,Premium,2024-12-05,1,27.86,Smart TV,1
user_06832,Basic,2024-04-24,1,20.96,Gaming Console,8
user_06833,Premium,2022-08-19,1,18.6,Mobile,3
user_06834,Standard,2023-06-20,0,3.81,Gaming Console,3
user_06835,Basic,2024-03-09,0,22.35,Gaming Console,
user_06836,Premium,2024-02-12,0,7.3,Mobile,2
user_06837,Standard,2023-10-12,1,9.6,Desktop,3
user_06838,Basic,2024-03-03,0,6.38,Tablet,2
user_06839,Premium,2022-09-28,1,,Tablet,2
user_06840,Basic,2023-01-28,1,7.98,Mobile,3
user_06841,Standard,2024-12-06,1,1.25,Tablet,4
user_06842,Premium,2022-08-19,1,1.48,Laptop,4
user_06843,Premium,2025-01-30,1,9.31,Tablet,1
user_06844,Standard,2022-08-20,1,17.5,Laptop,1
user_06845,Standard,2024-06-29,1,8.07,Laptop,2
user_06846,Premium,2024-03-30,1,15.27,Laptop,1
user_06847,Standard,2023-01-29,1,,Gaming Console,3
user_06848,Premium,2024-03-01,1,8.23,Gaming Console,4
user_06849,Standard,2023-04-02,1,5.1,Desktop,2
user_06850,Basic,2024-10-09,1,1.97,Tablet,4
user_06851,Premium,2025-03-18,1,19.76,Mobile,1
user_06852,Basic,2025-04-03,1,52.25,Gaming Console,1
user_06853,Premium+,2024-12-16,1,25.94,Tablet,2
user_06854,Basic,2022-10-20,1,,Desktop,4
user_06855,Premium,2025-05-09,1,9.62,Gaming Console,2
user_06856,Standard,2024-03-22,1,20.9,Gaming Console,
user_06857,Standard,2025-02-22,1,14.44,Mobile,5
user_06858,Premium,2023-11-16,1,6.66,Mobile,5
user_06859,Premium,2025-01-19,1,35.94,Tablet,
user_06860,Premium+,2024-08-28,1,7.31,Desktop,7
user_06861,Premium,2023-11-11,1,10.29,Tablet,1
user_06862,Premium,2023-07-04,1,13.14,Tablet,1
user_06863,Standard,2025-07-24,1,12.08,Desktop,
user_06864,Premium,2023-11-21,1,14.92,Tablet,7
user_06865,Standard,2022-08-25,1,9.41,Smart TV,3
user_06866,Standard,2023-07-16,0,,Smart TV,
user_06867,Premium+,2025-07-17,1,2.38,Mobile,7
user_06868,Standard,2022-09-28,1,13.19,Laptop,1
user_06869,Premium,2022-08-02,1,14.52,Mobile,
user_06870,Premium,2023-08-13,1,3.27,Tablet,
user_06871,Premium,2024-09-02,1,10.63,Desktop,3
user_06872,Standard,2025-06-29,1,2.71,Mobile,1
user_06873,Premium,2023-02-21,1,1.71,Gaming Console,1
user_06874,Premium,2023-05-22,1,5.11,Tablet,3
user_06875,Basic,2023-01-02,0,13.29,Tablet,3
user_06876,Standard,2024-01-23,1,14.83,Tablet,5
user_06877,Standard,2024-03-23,0,24.16,Smart TV,2
user_06878,Premium+,2023-02-06,1,20.41,Laptop,2
user_06879,Basic,2025-01-12,1,3.63,Smart TV,2
user_06880,Standard,2025-01-12,0,18.95,Desktop,5
user_06881,Standard,2024-06-15,0,16.37,Tablet,6
user_06882,Premium+,2024-05-05,1,32.26,Tablet,3
user_06883,Premium,2025-01-17,1,32.95,Desktop,1
user_06884,Premium+,2024-01-22,1,11.8,Mobile,3
user_06885,Standard,2023-05-19,1,12.12,Desktop,5
user_06886,Basic,2023-06-14,1,34.85,Tablet,
user_06887,Premium,2024-05-30,1,37.01,Mobile,2
user_06888,Standard,2023-07-19,1,15.73,Smart TV,4
user_06889,Premium,2025-01-20,1,19.13,Laptop,4
user_06890,Premium,2022-12-24,1,2.59,Laptop,
user_06891,Premium+,2024-12-05,1,,Desktop,1
user_06892,Basic,2024-12-17,1,,Smart TV,3
user_06893,Premium,2023-04-25,1,27.73,Smart TV,3
user_06894,Premium,2024-09-23,1,16.0,Smart TV,2
user_06895,Basic,2024-05-12,1,2.07,Tablet,2
user_06896,Standard,2024-09-02,1,2.27,Gaming Console,1
user_06897,Standard,2025-07-16,1,24.94,Smart TV,1
user_06898,Premium+,2025-06-09,1,3.18,Mobile,2
user_06899,Standard,2024-10-18,0,17.15,Mobile,2
user_06900,Premium,2024-02-19,0,,Tablet,4
user_06901,Premium,2024-02-01,0,2.87,Mobile,2
user_06902,Standard,2023-09-18,1,7.88,Tablet,4
user_06903,Standard,2024-09-29,1,17.78,Tablet,
user_06904,Premium,2023-03-01,1,10.19,Tablet,2
user_06905,Basic,2025-07-27,1,4.86,Desktop,2
user_06906,Premium+,2024-10-24,1,6.61,Mobile,3
user_06907,Standard,2022-08-25,1,16.46,Desktop,5
user_06908,Standard,2023-11-06,1,16.78,Laptop,2
user_06909,Standard,2025-07-03,1,8.16,Laptop,1
user_06910,Premium+,2023-04-06,1,19.95,Desktop,1
user_06911,Standard,2025-04-06,1,24.29,Mobile,1
user_06912,Standard,2024-07-25,1,2.4,Mobile,4
user_06913,Premium,2024-01-17,0,10.8,Desktop,2
user_06914,Basic,2024-02-07,1,5.69,Smart TV,1
user_06915,Premium+,2023-02-13,1,23.04,Tablet,2
user_06916,Premium,2023-09-11,1,15.95,Mobile,2
user_06917,Standard,2024-05-24,1,8.7,Smart TV,
user_06918,Standard,2023-02-22,1,26.32,Laptop,
user_06919,Basic,2022-11-07,1,39.15,Tablet,
user_06920,Premium,2025-05-01,1,6.8,Gaming Console,1
user_06921,Premium,2025-02-22,1,30.22,Desktop,5
user_06922,Premium,2025-06-04,1,7.67,Mobile,5
user_06923,Premium+,2023-02-27,0,8.69,Desktop,3
user_06924,Basic,2023-09-28,1,3.31,Laptop,1
user_06925,Standard,2024-03-14,1,4.16,Smart TV,4
user_06926,Basic,2024-12-22,1,9.19,Desktop,3
user_06927,Premium+,2023-08-16,1,4.5,Laptop,2
user_06928,Basic,2025-03-08,0,26.54,Tablet,1
user_06929,Standard,2025-02-21,0,,Gaming Console,3
user_06930,Premium,2024-12-03,1,,Desktop,2
user_06931,Basic,2022-08-31,0,,Smart TV,3
user_06932,Premium+,2023-02-17,1,14.94,Desktop,4
user_06933,Basic,2025-01-21,1,10.87,Laptop,1
user_06934,Basic,2025-05-17,1,9.43,Tablet,4
user_06935,Premium,2023-11-13,1,,Mobile,7
user_06936,Premium,2025-03-16,1,2.0,Desktop,2
user_06937,Standard,2023-10-07,1,46.2,Smart TV,2
user_06938,Premium,2023-03-07,1,41.5,Tablet,1
user_06939,Premium,2024-07-08,1,,Desktop,4
user_06940,Basic,2024-12-05,1,29.96,Smart TV,1
user_06941,Standard,2025-02-26,0,21.04,Smart TV,3
user_06942,Premium,2025-02-13,1,5.91,Tablet,
user_06943,Premium,2024-05-20,1,11.85,Mobile,6
user_06944,Premium+,2024-02-13,1,3.14,Mobile,
user_06945,Standard,2023-03-28,1,39.08,Tablet,1
user_06946,Basic,2024-02-15,0,6.2,Gaming Console,2
user_06947,Premium,2025-01-28,1,8.16,Desktop,1
user_06948,Standard,2024-01-31,1,6.41,Desktop,4
user_06949,Premium,2024-03-10,1,15.18,Smart TV,3
user_06950,Standard,2022-12-03,1,,Tablet,1
user_06951,Premium,2024-12-01,1,5.23,Laptop,3
user_06952,Premium+,2023-02-05,1,1.22,Desktop,2
user_06953,Premium,2023-06-02,0,26.88,Mobile,7
user_06954,Basic,2023-07-27,1,47.48,Mobile,
user_06955,Standard,2023-09-08,0,41.8,Smart TV,1
user_06956,Basic,2024-03-12,1,12.1,Laptop,1
user_06957,Standard,2023-12-12,1,2.52,Tablet,
user_06958,Standard,2024-08-22,1,8.64,Mobile,2
user_06959,Premium,2024-03-05,1,11.44,Gaming Console,4
user_06960,Premium,2023-07-04,1,17.43,Laptop,4
user_06961,Standard,2025-01-07,1,11.6,Desktop,3
user_06962,Premium,2024-12-20,0,,Desktop,1
user_06963,Standard,2025-05-25,1,19.53,Mobile,4
user_06964,Premium,2023-09-02,0,8.0,Desktop,4
user_06965,Premium,2023-12-12,1,8.69,Smart TV,2
user_06966,Standard,2024-12-05,1,16.16,Tablet,2
user_06967,Premium,2025-03-12,0,,Gaming Console,4
user_06968,Basic,2024-08-31,0,,Mobile,2
user_06969,Premium,2022-10-22,0,11.07,Smart TV,2
user_06970,Standard,2022-09-07,1,27.37,Smart TV,2
user_06971,Standard,2024-03-14,1,,Tablet,1
user_06972,Basic,2024-03-03,1,12.72,Smart TV,2
user_06973,Basic,2023-06-04,1,17.44,Mobile,4
user_06974,Basic,2024-08-06,1,33.96,Desktop,1
user_06975,Basic,2022-08-24,1,,Mobile,2
user_06976,Premium,2025-05-05,1,,Desktop,7
user_06977,Standard,2024-10-16,1,32.2,Smart TV,3
user_06978,Standard,2023-06-30,1,8.88,Laptop,5
user_06979,Standard,2022-09-29,0,15.28,Tablet,3
user_06980,Standard,2025-06-11,1,4.19,Gaming Console,4
user_06981,Premium+,2024-08-31,1,12.61,Mobile,1
user_06982,Standard,2023-09-03,1,,Laptop,4
user_06983,Basic,2023-08-20,1,3.11,Tablet,3
user_06984,Basic,2023-11-20,1,19.36,Mobile,4
user_06985,Standard,2024-05-23,1,10.06,Desktop,2
user_06986,Premium,2023-03-11,1,8.22,Tablet,2
user_06987,Premium,2022-11-24,1,9.33,Gaming Console,3
user_06988,Premium+,2024-03-17,1,10.26,Smart TV,2
user_06989,Premium,2023-08-06,1,11.38,Smart TV,2
user_06990,Premium+,2023-03-28,1,23.88,Mobile,7
user_06991,Standard,2023-02-15,1,9.6,Desktop,5
user_06992,Premium,2023-12-03,1,11.72,Tablet,1
user_06993,Premium,2023-01-07,1,30.13,Tablet,4
user_06994,Premium,2023-02-16,1,15.5,Gaming Console,2
user_06995,Basic,2023-04-27,1,4.68,Tablet,2
user_06996,Standard,2023-01-08,1,6.63,Mobile,5
user_06997,Standard,2025-02-18,1,2.6,Desktop,2
user_06998,Standard,2025-06-12,0,10.21,Desktop,1
user_06999,Basic,2023-07-26,0,2.61,Tablet,3
user_07000,Standard,2022-11-04,1,12.69,Tablet,2
user_07001,Basic,2022-10-24,1,28.9,Gaming Console,2
user_07002,Premium+,2023-04-13,1,16.92,Laptop,3
user_07003,Basic,2024-06-30,1,8.17,Gaming Console,1
user_07004,Standard,2025-06-09,1,26.76,Laptop,2
user_07005,Basic,2022-09-06,1,6.43,Mobile,2
user_07006,Standard,2024-08-21,1,12.32,Laptop,
user_07007,Premium,2025-03-29,1,19.23,Gaming Console,2
user_07008,Premium,2022-10-02,0,6.91,Smart TV,5
user_07009,Standard,2025-06-10,0,19.78,Smart TV,4
user_07010,Standard,2023-03-28,1,,Desktop,6
user_07011,Premium,2025-01-13,1,12.32,Mobile,2
user_07012,Premium,2024-12-28,1,,Laptop,1
user_07013,Basic,2022-11-28,1,3.61,Laptop,1
user_07014,Standard,2024-08-02,0,16.66,Laptop,
user_07015,Premium,2025-05-01,1,13.54,Mobile,2
user_07016,Basic,2023-07-12,1,47.3,Gaming Console,6
user_07017,Premium,2025-04-29,1,4.13,Tablet,
user_07018,Standard,2023-08-15,1,26.78,Tablet,3
user_07019,Premium,2022-08-02,1,19.76,Laptop,2
user_07020,Premium,2023-10-20,0,14.01,Desktop,2
user_07021,Standard,2024-04-08,1,3.88,Laptop,
user_07022,Standard,2024-10-08,1,15.94,Tablet,
user_07023,Standard,2023-12-01,1,6.31,Smart TV,4
user_07024,Standard,2023-03-27,1,10.64,Laptop,2
user_07025,Premium,2024-09-23,1,7.21,Gaming Console,1
user_07026,Premium+,2023-12-27,1,19.64,Laptop,2
user_07027,Basic,2025-01-16,0,7.24,Gaming Console,2
user_07028,Standard,2025-03-30,1,21.65,Desktop,3
user_07029,Standard,2023-11-16,0,12.48,Gaming Console,
user_07030,Standard,2023-01-08,1,23.63,Smart TV,5
user_07031,Premium,2024-07-16,1,13.74,Tablet,2
user_07032,Basic,2022-10-29,1,41.05,Tablet,1
user_07033,Standard,2023-05-23,1,4.41,Mobile,4
user_07034,Basic,2024-07-03,1,6.52,Desktop,2
user_07035,Basic,2025-04-29,1,13.45,Smart TV,1
user_07036,Standard,2025-03-18,1,9.57,Smart TV,2
user_07037,Standard,2024-11-23,1,8.85,Laptop,2
user_07038,Premium,2025-03-30,1,2.72,Desktop,2
user_07039,Standard,2025-04-11,1,41.69,Smart TV,3
user_07040,Standard,2022-08-28,1,,Laptop,4
user_07041,Premium,2022-11-09,1,20.31,Desktop,2
user_07042,Standard,2025-04-25,1,,Mobile,
user_07043,Premium+,2024-09-08,1,24.47,Gaming Console,2
user_07044,Premium+,2023-03-06,1,14.19,Smart TV,3
user_07045,Basic,2023-05-24,1,24.14,Tablet,1
user_07046,Premium,2025-03-18,1,16.85,Tablet,
user_07047,Premium+,2023-12-07,1,683.07,Mobile,2
user_07048,Standard,2023-08-18,1,7.37,Tablet,4
user_07049,Premium,2023-08-18,0,1.82,Laptop,
user_07050,Standard,2025-03-04,1,5.88,Mobile,4
user_07051,Standard,2024-04-12,1,8.87,Tablet,2
user_07052,Basic,2025-01-21,1,8.26,Tablet,2
user_07053,Premium+,2023-10-28,1,17.31,Laptop,
user_07054,Premium,2024-01-10,0,10.33,Desktop,
user_07055,Premium+,2022-12-21,1,10.74,Mobile,3
user_07056,Basic,2024-01-13,1,2.58,Tablet,5
user_07057,Standard,2023-07-27,1,20.98,Smart TV,2
user_07058,Standard,2025-04-20,1,7.77,Desktop,1
user_07059,Premium,2025-05-13,0,14.26,Mobile,1
user_07060,Basic,2022-08-28,1,15.34,Laptop,2
user_07061,Standard,2024-07-31,1,24.2,Tablet,2
user_07062,Basic,2025-07-18,1,21.52,Mobile,2
user_07063,Premium,2023-11-29,1,8.09,Tablet,5
user_07064,Premium+,2024-12-01,1,3.77,Gaming Console,2
user_07065,Basic,2023-12-22,0,14.42,Desktop,2
user_07066,Basic,2025-05-29,1,11.77,Smart TV,2
user_07067,Premium,2024-04-03,1,1.48,Tablet,4
user_07068,Premium,2025-07-20,1,23.74,Mobile,2
user_07069,Premium,2025-05-28,1,13.36,Desktop,2
user_07070,Premium,2023-11-01,1,5.95,Laptop,3
user_07071,Standard,2023-05-28,1,10.08,Smart TV,3
user_07072,Standard,2024-05-30,1,5.79,Tablet,
user_07073,Standard,2023-07-22,1,16.62,Gaming Console,5
user_07074,Premium,2023-12-01,1,6.25,Laptop,
user_07075,Basic,2023-08-11,1,13.68,Gaming Console,2
user_07076,Standard,2023-08-06,1,13.71,Desktop,3
user_07077,Premium,2024-01-15,1,20.83,Mobile,3
user_07078,Standard,2022-09-11,1,12.71,Laptop,2
user_07079,Basic,2024-02-25,1,30.24,Gaming Console,
user_07080,Standard,2024-04-02,1,7.13,Laptop,2
user_07081,Standard,2022-09-11,0,,Tablet,4
user_07082,Basic,2023-03-22,0,15.11,Mobile,5
user_07083,Standard,2022-09-07,1,1.36,Mobile,2
user_07084,Standard,2024-03-11,1,46.3,Laptop,2
user_07085,Standard,2022-12-04,1,9.66,Smart TV,3
user_07086,Standard,2023-10-05,1,9.13,Smart TV,3
user_07087,Basic,2023-01-21,1,15.18,Tablet,3
user_07088,Premium,2025-02-15,1,9.63,Mobile,2
user_07089,Standard,2025-03-31,1,12.9,Smart TV,2
user_07090,Basic,2024-01-03,1,20.11,Gaming Console,2
user_07091,Standard,2024-07-18,1,34.73,Desktop,4
user_07092,Basic,2023-03-02,1,6.71,Mobile,1
user_07093,Basic,2024-04-04,0,16.51,Gaming Console,
user_07094,Standard,2024-07-22,1,2.89,Laptop,2
user_07095,Basic,2024-10-30,1,9.29,Smart TV,3
user_07096,Standard,2024-04-19,0,0.76,Desktop,5
user_07097,Premium,2023-01-25,1,11.89,Desktop,4
user_07098,Standard,2022-09-12,1,9.12,Desktop,1
user_07099,Basic,2025-05-01,1,13.39,Tablet,
user_07100,Premium,2025-04-19,1,19.0,Mobile,4
user_07101,Premium,2024-01-16,1,19.36,Smart TV,4
user_07102,Premium,2025-04-20,1,33.17,Gaming Console,3
user_07103,Basic,2023-02-21,1,4.59,Laptop,1
user_07104,Standard,2024-12-15,1,13.84,Gaming Console,
user_07105,Premium,2025-06-17,1,32.81,Gaming Console,4
user_07106,Basic,2023-02-15,1,5.86,Tablet,
user_07107,Standard,2022-12-05,1,6.66,Laptop,1
user_07108,Premium,2023-09-14,1,3.2,Tablet,2
user_07109,Premium+,2024-02-11,1,7.23,Tablet,2
user_07110,Standard,2024-06-02,1,9.86,Tablet,2
user_07111,Standard,2022-12-18,1,,Tablet,
user_07112,Basic,2023-12-30,1,,Desktop,4
user_07113,Premium,2023-07-05,0,1.36,Laptop,4
user_07114,Basic,2023-05-20,1,13.73,Laptop,2
user_07115,Premium,2023-01-29,1,17.9,Tablet,1
user_07116,Premium+,2023-02-09,0,33.03,Mobile,1
user_07117,Premium,2023-04-15,1,,Smart TV,4
user_07118,Premium+,2024-01-27,1,9.53,Gaming Console,
user_07119,Premium+,2023-05-08,1,9.43,Smart TV,4
user_07120,Premium+,2023-01-12,1,,Laptop,6
user_07121,Premium+,2023-06-10,1,23.43,Laptop,3
user_07122,Standard,2024-03-23,1,2.64,Mobile,2
user_07123,Standard,2023-02-06,0,14.26,Mobile,3
user_07124,Premium,2022-10-27,1,10.11,Gaming Console,1
user_07125,Basic,2024-03-09,1,60.98,Laptop,1
user_07126,Standard,2023-05-19,1,20.08,Mobile,2
user_07127,Basic,2023-02-21,1,20.05,Mobile,4
user_07128,Standard,2024-07-11,0,19.07,Desktop,3
user_07129,Standard,2024-03-09,1,21.59,Laptop,1
user_07130,Standard,2023-07-05,1,15.35,Smart TV,5
user_07131,Standard,2022-09-26,1,12.87,Tablet,2
user_07132,Basic,2025-04-29,1,8.61,Laptop,4
user_07133,Basic,2024-08-02,0,6.7,Smart TV,
user_07134,Basic,2023-02-25,1,34.0,Gaming Console,3
user_07135,Premium,2023-12-21,1,15.22,Smart TV,1
user_07136,Standard,2023-03-17,1,2.19,Smart TV,2
user_07137,Basic,2025-05-29,1,,Gaming Console,1
user_07138,Standard,2025-02-21,1,53.86,Tablet,
user_07139,Premium,2023-09-28,1,16.55,Gaming Console,6
user_07140,Standard,2024-03-02,1,,Gaming Console,2
user_07141,Premium,2024-03-22,1,42.69,Laptop,1
user_07142,Premium+,2023-12-17,0,10.47,Mobile,3
user_07143,Standard,2022-09-15,1,12.51,Tablet,3
user_07144,Basic,2024-05-12,1,6.46,Desktop,2
user_07145,Premium,2023-03-19,0,562.8,Laptop,3
user_07146,Basic,2023-02-08,1,2.75,Laptop,1
user_07147,Standard,2024-04-26,1,3.84,Laptop,1
user_07148,Standard,2023-09-09,0,,Tablet,1
user_07149,Standard,2025-01-24,1,2.04,Desktop,1
user_07150,Premium,2024-07-07,1,21.59,Laptop,1
user_07151,Premium,2023-09-27,1,17.58,Desktop,4
user_07152,Premium,2023-01-07,1,48.27,Tablet,4
user_07153,Premium,2023-08-06,1,42.7,Tablet,2
user_07154,Premium+,2025-03-20,1,,Tablet,2
user_07155,Premium+,2024-10-05,1,67.9,Laptop,2
user_07156,Premium,2024-04-02,1,,Desktop,3
user_07157,Standard,2023-12-21,0,9.21,Smart TV,3
user_07158,Premium,2023-12-01,1,5.68,Desktop,4
user_07159,Premium,2024-09-04,1,,Smart TV,
user_07160,Premium,2024-11-11,1,15.06,Smart TV,4
user_07161,Premium,2023-08-10,1,3.16,Tablet,1
user_07162,Basic,2025-05-01,1,,Smart TV,
user_07163,Standard,2024-08-07,1,29.04,Laptop,2
user_07164,Basic,2024-10-20,1,18.32,Tablet,5
user_07165,Premium,2024-05-22,1,45.27,Mobile,2
user_07166,Standard,2023-02-03,1,14.63,Tablet,2
user_07167,Premium,2022-09-15,1,18.02,Desktop,4
user_07168,Standard,2024-12-16,1,51.74,Desktop,3
user_07169,Premium,2023-10-09,1,3.53,Laptop,2
user_07170,Standard,2024-10-13,1,25.34,Smart TV,2
user_07171,Standard,2023-10-31,1,13.29,Smart TV,2
user_07172,Basic,2023-11-29,1,10.31,Gaming Console,
user_07173,Basic,2022-10-19,1,5.79,Gaming Console,3
user_07174,Premium+,2023-02-22,1,2.62,Smart TV,2
user_07175,Standard,2025-07-11,1,16.0,Laptop,2
user_07176,Standard,2023-06-04,1,28.37,Smart TV,
user_07177,Standard,2024-09-19,1,20.03,Tablet,6
user_07178,Premium+,2024-03-04,1,19.76,Gaming Console,2
user_07179,Standard,2025-02-17,0,22.63,Tablet,2
user_07180,Basic,2022-10-08,1,12.77,Smart TV,3
user_07181,Premium,2023-05-03,1,,Mobile,3
user_07182,Premium,2023-04-03,1,12.52,Tablet,4
user_07183,Basic,2023-07-15,1,18.93,Mobile,1
user_07184,Premium,2025-04-19,1,24.31,Tablet,4
user_07185,Basic,2025-07-19,1,8.15,Mobile,2
user_07186,Basic,2025-01-12,1,5.21,Mobile,4
user_07187,Premium+,2022-12-15,0,3.9,Laptop,
user_07188,Premium,2023-12-30,1,4.01,Desktop,
user_07189,Standard,2025-02-09,1,7.06,Mobile,2
user_07190,Premium,2025-04-10,0,24.91,Mobile,2
user_07191,Standard,2022-11-25,1,19.33,Laptop,2
user_07192,Basic,2024-09-07,0,9.66,Gaming Console,1
user_07193,Standard,2022-08-15,0,3.02,Mobile,
user_07194,Basic,2022-10-04,1,3.89,Mobile,4
user_07195,Standard,2024-09-24,1,3.83,Smart TV,4
user_07196,Premium,2023-01-02,1,,Mobile,4
user_07197,Premium,2024-05-23,1,19.56,Desktop,2
user_07198,Basic,2025-05-22,1,27.56,Gaming Console,
user_07199,Premium,2022-11-26,1,31.0,Smart TV,1
user_07200,Premium+,2023-12-21,1,1.99,Desktop,2
user_07201,Premium,2024-12-07,1,8.72,Gaming Console,1
user_07202,Standard,2025-02-18,1,22.02,Mobile,2
user_07203,Basic,2024-02-09,1,6.61,Mobile,2
user_07204,Standard,2025-02-20,1,11.32,Smart TV,2
user_07205,Premium,2023-01-30,1,3.38,Smart TV,7
user_07206,Premium,2024-12-23,1,18.33,Tablet,5
user_07207,Basic,2023-10-28,1,19.31,Mobile,3
user_07208,Basic,2023-10-06,1,10.18,Tablet,8
user_07209,Standard,2024-01-21,0,45.54,Desktop,2
user_07210,Premium,2024-01-24,1,17.81,Mobile,5
user_07211,Standard,2024-07-17,1,10.78,Smart TV,5
user_07212,Premium,2023-09-14,1,,Smart TV,2
user_07213,Standard,2022-08-03,1,57.56,Desktop,1
user_07214,Standard,2023-05-31,0,29.9,Smart TV,1
user_07215,Standard,2022-11-08,1,23.38,Desktop,4
user_07216,Premium,2025-04-12,1,22.25,Tablet,2
user_07217,Premium,2023-02-27,1,2.94,Gaming Console,4
user_07218,Premium,2025-01-05,1,17.18,Desktop,2
user_07219,Standard,2023-03-12,1,16.32,Smart TV,1
user_07220,Basic,2024-02-04,1,3.38,Gaming Console,3
user_07221,Standard,2023-03-16,1,,Desktop,4
user_07222,Standard,2023-11-09,1,12.85,Gaming Console,
user_07223,Premium+,2023-06-19,1,,Tablet,
user_07224,Premium,2025-06-01,1,5.07,Gaming Console,3
user_07225,Premium,2025-07-28,1,42.64,Desktop,1
user_07226,Premium,2023-02-21,1,4.71,Desktop,3
user_07227,Premium+,2024-04-08,1,8.03,Desktop,2
user_07228,Premium,2024-09-21,0,,Desktop,6
user_07229,Standard,2024-12-08,1,16.19,Smart TV,7
user_07230,Basic,2024-12-11,1,5.61,Tablet,2
user_07231,Basic,2024-02-22,0,25.04,Tablet,
user_07232,Basic,2023-09-11,1,9.13,Desktop,6
user_07233,Standard,2024-08-12,0,29.8,Tablet,
user_07234,Premium,2023-07-08,1,8.73,Smart TV,2
user_07235,Basic,2022-12-15,1,8.64,Tablet,5
user_07236,Standard,2022-12-01,1,2.92,Mobile,3
user_07237,Premium,2023-04-25,0,10.55,Mobile,5
user_07238,Basic,2023-09-22,1,17.36,Tablet,3
user_07239,Premium+,2025-04-21,1,9.77,Smart TV,7
user_07240,Premium,2023-07-19,1,5.97,Mobile,2
user_07241,Basic,2024-09-19,1,28.37,Tablet,2
user_07242,Standard,2025-06-02,1,24.45,Smart TV,3
user_07243,Premium,2024-03-10,1,3.03,Mobile,
user_07244,Standard,2023-08-27,1,13.78,Tablet,4
user_07245,Basic,2024-08-08,0,5.49,Laptop,
user_07246,Standard,2025-03-19,0,7.74,Laptop,6
user_07247,Standard,2023-01-18,1,4.32,Gaming Console,
user_07248,Premium,2025-07-31,1,7.55,Mobile,2
user_07249,Premium,2024-11-05,1,6.9,Smart TV,1
user_07250,Standard,2024-11-08,1,65.17,Tablet,2
user_07251,Standard,2022-09-13,1,31.49,Mobile,2
user_07252,Basic,2023-02-13,1,8.84,Desktop,
user_07253,Standard,2022-12-05,1,2.59,Tablet,3
user_07254,Standard,2024-09-16,1,,Laptop,2
user_07255,Premium+,2024-06-12,1,20.99,Tablet,
user_07256,Standard,2024-10-01,1,5.01,Tablet,2
user_07257,Premium+,2024-09-26,1,11.78,Tablet,4
user_07258,Basic,2024-07-31,1,3.79,Gaming Console,5
user_07259,Standard,2025-01-26,0,4.77,Mobile,2
user_07260,Standard,2024-12-08,1,33.0,Mobile,4
user_07261,Basic,2023-04-08,1,2.25,Desktop,
user_07262,Basic,2024-02-05,0,4.26,Tablet,1
user_07263,Premium+,2023-05-23,0,4.86,Mobile,1
user_07264,Premium+,2024-05-30,1,19.67,Smart TV,1
user_07265,Basic,2022-10-06,0,,Mobile,
user_07266,Standard,2023-08-17,1,33.3,Gaming Console,1
user_07267,Standard,2024-10-02,1,10.4,Laptop,1
user_07268,Basic,2025-05-31,0,,Smart TV,7
user_07269,Premium,2024-10-17,0,14.78,Mobile,4
user_07270,Premium,2024-06-19,0,15.27,Laptop,1
user_07271,Basic,2024-09-18,1,25.33,Tablet,3
user_07272,Standard,2025-06-17,1,21.44,Tablet,4
user_07273,Premium,2023-04-04,0,10.02,Laptop,1
user_07274,Standard,2023-11-07,1,2.83,Desktop,4
user_07275,Premium,2023-04-22,1,6.62,Smart TV,4
user_07276,Standard,2024-11-20,1,13.78,Desktop,1
user_07277,Premium,2022-08-20,1,23.74,Gaming Console,6
user_07278,Standard,2022-09-02,1,30.03,Mobile,
user_07279,Premium,2025-02-11,1,37.36,Laptop,2
user_07280,Premium,2024-09-05,0,24.31,Smart TV,
user_07281,Basic,2022-10-09,1,15.33,Laptop,4
user_07282,Basic,2022-12-12,0,18.36,Mobile,3
user_07283,Premium,2023-12-29,1,29.58,Tablet,
user_07284,Premium,2022-11-08,1,9.82,Mobile,4
user_07285,Premium,2024-05-01,1,10.81,Laptop,2
user_07286,Standard,2025-02-12,1,,Laptop,1
user_07287,Premium,2025-06-05,1,15.47,Mobile,2
user_07288,Basic,2023-07-20,0,7.06,Gaming Console,6
user_07289,Premium,2023-02-10,1,28.41,Tablet,
user_07290,Premium+,2024-05-03,1,14.12,Laptop,4
user_07291,Standard,2024-03-10,1,26.61,Tablet,1
user_07292,Standard,2024-05-25,1,16.79,Desktop,3
user_07293,Basic,2025-02-03,1,8.26,Tablet,2
user_07294,Standard,2023-08-15,0,6.48,Desktop,3
user_07295,Standard,2023-05-02,1,16.6,Gaming Console,2
user_07296,Standard,2022-09-04,1,17.66,Smart TV,1
user_07297,Standard,2025-07-11,1,14.29,Smart TV,1
user_07298,Standard,2023-05-11,1,10.63,Smart TV,
user_07299,Standard,2024-08-23,1,16.03,Tablet,7
user_07300,Basic,2023-04-24,1,10.36,Desktop,2
user_07301,Premium,2025-05-24,1,8.2,Gaming Console,2
user_07302,Premium,2022-09-21,1,34.24,Gaming Console,4
user_07303,Standard,2024-02-22,1,17.19,Tablet,1
user_07304,Standard,2022-08-27,1,12.67,Desktop,1
user_07305,Standard,2023-09-08,1,22.85,Desktop,
user_07306,Premium,2022-10-01,1,16.93,Desktop,
user_07307,Basic,2025-06-24,1,7.46,Smart TV,4
user_07308,Standard,2024-02-12,1,15.31,Smart TV,1
user_07309,Basic,2022-08-20,0,31.32,Smart TV,
user_07310,Basic,2023-01-27,1,17.7,Desktop,5
user_07311,Basic,2022-11-12,0,14.72,Tablet,4
user_07312,Premium,2024-09-21,1,32.54,Mobile,2
user_07313,Standard,2023-11-02,1,6.15,Gaming Console,1
user_07314,Premium,2024-09-30,1,17.15,Desktop,5
user_07315,Premium+,2024-02-02,1,19.81,Laptop,3
user_07316,Basic,2025-04-25,1,7.18,Smart TV,2
user_07317,Premium,2024-10-06,1,13.72,Laptop,
user_07318,Standard,2024-08-29,1,,Tablet,6
user_07319,Standard,2022-11-07,1,46.61,Smart TV,4
user_07320,Standard,2023-11-05,1,15.4,Gaming Console,2
user_07321,Premium,2024-02-27,1,28.08,Tablet,
user_07322,Premium,2025-01-11,1,34.13,Desktop,2
user_07323,Standard,2025-01-06,1,12.2,Desktop,3
user_07324,Standard,2024-06-19,1,24.63,Smart TV,5
user_07325,Standard,2024-05-05,1,5.56,Desktop,1
user_07326,Basic,2023-11-10,1,21.02,Laptop,6
user_07327,Basic,2023-08-19,1,,Gaming Console,1
user_07328,Basic,2025-05-18,1,5.91,Tablet,2
user_07329,Standard,2022-08-02,1,14.85,Smart TV,7
user_07330,Basic,2023-11-18,1,5.41,Tablet,
user_07331,Basic,2023-08-23,1,26.91,Desktop,4
user_07332,Standard,2025-02-09,1,12.08,Gaming Console,4
user_07333,Premium,2024-03-11,1,51.36,Mobile,2
user_07334,Basic,2025-03-29,1,,Desktop,3
user_07335,Premium,2025-02-18,1,12.95,Laptop,4
user_07336,Standard,2024-01-19,1,29.53,Smart TV,4
user_07337,Basic,2024-05-02,1,1.46,Tablet,3
user_07338,Premium+,2025-02-08,1,23.33,Smart TV,
user_07339,Premium,2022-08-31,1,8.81,Gaming Console,
user_07340,Basic,2023-09-21,1,6.58,Tablet,5
user_07341,Premium,2023-09-15,1,47.08,Tablet,4
user_07342,Basic,2023-02-26,0,2.84,Laptop,5
user_07343,Standard,2025-03-22,1,10.67,Smart TV,2
user_07344,Premium,2025-02-17,1,,Mobile,2
user_07345,Standard,2024-12-15,0,42.77,Laptop,
user_07346,Standard,2024-09-08,0,8.72,Laptop,2
user_07347,Premium,2023-07-28,1,15.9,Gaming Console,
user_07348,Premium,2023-01-05,1,11.22,Smart TV,5
user_07349,Standard,2023-04-11,1,2.19,Mobile,1
user_07350,Premium,2023-03-15,1,16.12,Mobile,6
user_07351,Premium+,2023-11-03,1,18.11,Mobile,6
user_07352,Standard,2024-01-01,1,7.51,Smart TV,4
user_07353,Basic,2024-05-09,1,4.19,Smart TV,1
user_07354,Premium,2024-04-05,0,15.14,Tablet,4
user_07355,Premium+,2024-12-15,1,,Laptop,1
user_07356,Premium,2025-04-18,1,13.29,Mobile,5
user_07357,Premium,2024-11-10,1,0.82,Gaming Console,
user_07358,Basic,2024-03-22,1,6.27,Laptop,
user_07359,Standard,2024-05-02,1,6.27,Tablet,
user_07360,Standard,2022-08-20,1,10.41,Laptop,2
user_07361,Premium,2023-06-14,1,5.13,Desktop,2
user_07362,Premium,2023-08-06,1,2.22,Gaming Console,5
user_07363,Standard,2025-07-16,1,0.42,Smart TV,2
user_07364,Standard,2025-06-17,1,19.09,Tablet,2
user_07365,Standard,2025-06-08,1,,Laptop,4
user_07366,Basic,2022-12-11,1,31.75,Mobile,1
user_07367,Standard,2023-06-12,1,9.61,Smart TV,6
user_07368,Standard,2025-02-18,1,7.14,Laptop,1
user_07369,Standard,2025-07-30,1,13.48,Laptop,2
user_07370,Premium,2024-06-15,0,3.23,Tablet,4
user_07371,Standard,2023-01-25,1,18.27,Gaming Console,
user_07372,Basic,2024-10-03,1,,Desktop,2
user_07373,Basic,2023-12-28,1,9.58,Laptop,1
user_07374,Premium,2025-06-12,1,26.08,Smart TV,
user_07375,Premium+,2025-02-08,1,3.66,Laptop,2
user_07376,Standard,2023-01-09,1,281.74,Tablet,3
user_07377,Premium,2023-05-21,1,3.31,Smart TV,8
user_07378,Premium+,2024-07-03,1,9.04,Mobile,3
user_07379,Premium,2023-06-01,1,6.63,Laptop,4
user_07380,Basic,2023-12-10,1,,Desktop,4
user_07381,Premium,2024-05-17,1,,Tablet,2
user_07382,Basic,2022-11-26,1,,Desktop,5
user_07383,Standard,2024-10-20,1,15.78,Tablet,2
user_07384,Basic,2025-02-28,1,13.6,Desktop,5
user_07385,Basic,2023-07-18,0,12.79,Tablet,3
user_07386,Basic,2022-10-18,0,,Desktop,2
user_07387,Premium,2023-11-07,1,27.14,Mobile,3
user_07388,Standard,2023-08-03,1,17.46,Desktop,2
user_07389,Premium,2023-04-25,1,11.76,Desktop,
user_07390,Standard,2022-12-09,1,8.76,Tablet,1
user_07391,Basic,2024-03-29,1,4.0,Tablet,2
user_07392,Premium,2024-03-14,1,36.35,Smart TV,2
user_07393,Standard,2025-02-18,1,30.1,Gaming Console,7
user_07394,Standard,2023-03-14,1,21.5,Tablet,2
user_07395,Standard,2024-05-03,1,6.84,Gaming Console,2
user_07396,Premium,2023-02-03,1,11.93,Mobile,
user_07397,Premium,2023-07-17,1,3.51,Smart TV,
user_07398,Standard,2023-07-13,1,23.09,Laptop,1
user_07399,Premium+,2022-10-12,1,3.0,Desktop,3
user_07400,Basic,2025-06-17,1,3.51,Gaming Console,6
user_07401,Standard,2025-05-03,1,21.83,Tablet,7
user_07402,Basic,2024-12-12,1,17.04,Tablet,5
user_07403,Premium,2022-10-19,1,18.63,Gaming Console,1
user_07404,Premium,2025-01-24,1,10.73,Mobile,4
user_07405,Standard,2024-06-24,1,11.11,Mobile,2
user_07406,Standard,2023-05-08,1,22.76,Mobile,4
user_07407,Basic,2023-12-11,1,7.16,Tablet,3
user_07408,Premium,2025-01-02,1,27.97,Gaming Console,2
user_07409,Premium+,2024-09-02,1,9.01,Desktop,2
user_07410,Standard,2024-06-27,1,26.3,Laptop,1
user_07411,Standard,2025-07-16,1,21.07,Laptop,
user_07412,Basic,2023-07-30,1,11.88,Mobile,2
user_07413,Premium+,2024-11-13,1,4.76,Laptop,2
user_07414,Premium,2023-07-01,1,23.23,Desktop,2
user_07415,Standard,2024-06-10,1,,Laptop,1
user_07416,Standard,2023-09-24,1,37.71,Laptop,2
user_07417,Basic,2024-04-12,1,39.68,Tablet,1
user_07418,Basic,2023-04-10,1,10.25,Gaming Console,1
user_07419,Standard,2024-07-23,0,18.64,Desktop,1
user_07420,Standard,2022-11-02,1,49.86,Gaming Console,
user_07421,Basic,2023-12-03,1,17.23,Mobile,8
user_07422,Standard,2023-11-09,0,51.13,Smart TV,2
user_07423,Premium,2024-11-26,1,23.24,Gaming Console,3
user_07424,Premium,2023-01-25,1,,Smart TV,1
user_07425,Standard,2023-08-29,1,15.8,Gaming Console,1
user_07426,Standard,2022-11-15,1,14.29,Smart TV,1
user_07427,Premium+,2022-11-21,1,13.42,Mobile,1
user_07428,Premium+,2024-12-26,1,2.0,Smart TV,3
user_07429,Premium,2024-01-02,1,3.48,Tablet,5
user_07430,Premium,2023-09-02,1,9.99,Mobile,1
user_07431,Standard,2024-11-14,1,25.75,Laptop,5
user_07432,Premium,2023-12-12,1,11.66,Gaming Console,2
user_07433,Basic,2025-02-13,1,43.56,Desktop,3
user_07434,Premium,2024-01-20,1,21.91,Smart TV,4
user_07435,Standard,2023-03-13,1,,Laptop,5
user_07436,Standard,2022-12-18,1,23.87,Gaming Console,5
user_07437,Standard,2023-06-16,1,12.78,Laptop,3
user_07438,Basic,2025-02-19,1,813.76,Smart TV,4
user_07439,Basic,2023-04-01,1,23.35,Laptop,4
user_07440,Basic,2024-09-21,1,12.23,Smart TV,5
user_07441,Standard,2024-05-12,1,3.63,Tablet,
user_07442,Premium,2022-10-26,1,15.51,Tablet,
user_07443,Basic,2023-04-13,1,33.77,Desktop,
user_07444,Standard,2022-08-27,1,,Laptop,1
user_07445,Standard,2025-04-18,1,9.35,Laptop,6
user_07446,Premium+,2024-12-04,1,87.13,Smart TV,4
user_07447,Standard,2025-03-31,0,,Smart TV,
user_07448,Premium,2024-08-25,0,5.17,Mobile,2
user_07449,Premium,2023-08-04,1,21.01,Laptop,
user_07450,Standard,2025-02-26,1,24.74,Desktop,2
user_07451,Premium,2024-01-18,1,7.07,Mobile,2
user_07452,Premium,2024-02-23,1,8.27,Gaming Console,1
user_07453,Premium,2024-06-22,1,8.75,Smart TV,5
user_07454,Premium,2022-12-10,1,11.6,Tablet,2
user_07455,Standard,2023-09-03,1,6.11,Tablet,
user_07456,Standard,2023-06-20,0,,Mobile,1
user_07457,Premium,2023-07-24,1,6.27,Desktop,2
user_07458,Premium+,2024-06-04,1,39.64,Desktop,2
user_07459,Standard,2023-11-11,0,4.09,Desktop,7
user_07460,Standard,2022-09-11,1,30.74,Tablet,2
user_07461,Basic,2023-10-17,1,30.94,Gaming Console,1
user_07462,Standard,2024-03-22,1,19.54,Mobile,5
user_07463,Standard,2025-02-01,1,24.08,Gaming Console,1
user_07464,Premium+,2022-12-01,1,13.47,Tablet,
user_07465,Basic,2022-11-26,1,4.63,Desktop,1
user_07466,Premium,2023-09-16,1,40.96,Laptop,2
user_07467,Standard,2023-07-14,1,,Gaming Console,1
user_07468,Premium,2024-09-20,1,39.56,Tablet,6
user_07469,Basic,2024-04-14,1,6.25,Mobile,
user_07470,Premium,2024-08-19,1,12.35,Smart TV,
user_07471,Standard,2023-12-18,1,8.02,Gaming Console,1
user_07472,Premium+,2025-02-15,1,14.13,Gaming Console,3
user_07473,Basic,2023-02-05,0,9.91,Smart TV,2
user_07474,Premium,2023-03-24,1,12.14,Mobile,2
user_07475,Standard,2024-12-16,0,9.54,Tablet,5
user_07476,Premium+,2023-08-08,1,4.88,Laptop,4
user_07477,Standard,2023-02-12,1,11.44,Smart TV,1
user_07478,Premium,2022-12-04,1,29.33,Laptop,2
user_07479,Standard,2024-03-05,0,3.94,Laptop,2
user_07480,Standard,2022-11-17,0,0.74,Desktop,1
user_07481,Premium,2025-02-22,1,23.72,Tablet,5
user_07482,Standard,2024-06-20,1,10.85,Laptop,
user_07483,Standard,2023-04-15,1,24.49,Gaming Console,2
user_07484,Standard,2024-09-13,0,7.92,Gaming Console,4
user_07485,Premium+,2025-05-30,1,13.37,Mobile,
user_07486,Premium,2025-04-18,1,12.8,Laptop,2
user_07487,Basic,2023-10-25,1,12.77,Smart TV,1
user_07488,Basic,2023-05-20,1,6.64,Smart TV,2
user_07489,Basic,2022-10-03,1,7.01,Desktop,2
user_07490,Premium+,2025-07-12,1,55.43,Tablet,2
user_07491,Premium+,2023-09-02,1,7.6,Mobile,4
user_07492,Premium,2025-01-14,1,14.07,Gaming Console,2
user_07493,Basic,2024-01-15,0,1.87,Tablet,2
user_07494,Premium,2025-07-12,1,,Laptop,1
user_07495,Standard,2023-11-17,1,,Gaming Console,2
user_07496,Basic,2023-07-31,1,16.96,Desktop,2
user_07497,Standard,2024-09-02,1,11.09,Desktop,3
user_07498,Standard,2024-04-06,1,6.46,Laptop,4
user_07499,Standard,2025-03-08,1,25.11,Mobile,2
user_07500,Basic,2024-12-13,1,6.19,Tablet,3
user_07501,Premium,2022-11-22,0,,Mobile,3
user_07502,Standard,2023-12-07,1,8.54,Tablet,3
user_07503,Premium+,2022-11-06,0,5.76,Gaming Console,4
user_07504,Standard,2025-01-03,1,5.32,Laptop,
user_07505,Standard,2025-01-25,0,45.88,Tablet,4
user_07506,Standard,2024-06-11,1,11.9,Tablet,5
user_07507,Standard,2022-10-14,1,29.79,Laptop,7
user_07508,Premium,2025-05-24,1,,Desktop,2
user_07509,Basic,2022-12-17,0,16.58,Gaming Console,2
user_07510,Standard,2024-01-25,0,23.6,Desktop,2
user_07511,Basic,2024-12-03,1,19.65,Desktop,1
user_07512,Premium,2024-07-13,1,1.76,Tablet,3
user_07513,Standard,2023-07-11,0,16.18,Mobile,4
user_07514,Basic,2024-05-09,0,33.05,Smart TV,1
user_07515,Basic,2023-01-01,1,37.31,Tablet,2
user_07516,Standard,2025-03-18,0,6.68,Mobile,4
user_07517,Premium,2025-07-20,1,20.31,Smart TV,4
user_07518,Standard,2024-01-07,1,17.01,Gaming Console,1
user_07519,Standard,2023-11-24,0,28.81,Smart TV,1
user_07520,Basic,2023-09-18,1,46.33,Gaming Console,
user_07521,Standard,2024-02-04,1,,Gaming Console,
user_07522,Standard,2025-06-27,0,25.52,Smart TV,2
user_07523,Premium,2024-10-07,1,5.88,Desktop,7
user_07524,Premium,2024-06-26,1,,Laptop,2
user_07525,Premium+,2022-11-22,1,16.09,Tablet,3
user_07526,Premium,2024-03-13,1,17.69,Mobile,3
user_07527,Premium,2022-10-28,1,22.09,Desktop,4
user_07528,Standard,2025-07-09,1,27.45,Gaming Console,5
user_07529,Premium,2023-07-10,1,11.68,Laptop,3
user_07530,Basic,2022-11-22,1,18.1,Gaming Console,6
user_07531,Premium,2025-02-18,1,8.48,Gaming Console,
user_07532,Basic,2023-05-13,1,9.78,Tablet,3
user_07533,Premium,2025-07-10,1,23.82,Smart TV,2
user_07534,Standard,2023-03-25,1,4.11,Smart TV,3
user_07535,Standard,2022-11-11,1,9.35,Laptop,2
user_07536,Premium,2023-10-30,1,10.5,Tablet,2
user_07537,Standard,2024-10-08,1,36.89,Mobile,1
user_07538,Premium,2024-11-17,1,8.19,Laptop,1
user_07539,Premium,2024-07-16,1,,Gaming Console,6
user_07540,Basic,2023-10-01,0,24.44,Desktop,1
user_07541,Premium,2025-04-22,1,8.33,Desktop,1
user_07542,Standard,2024-07-07,0,3.07,Tablet,1
user_07543,Standard,2024-11-27,0,26.98,Laptop,2
user_07544,Basic,2023-10-17,0,15.07,Gaming Console,
user_07545,Basic,2023-09-02,1,17.39,Smart TV,2
user_07546,Basic,2023-07-06,0,35.12,Laptop,2
user_07547,Premium,2024-03-01,1,43.51,Gaming Console,
user_07548,Premium,2025-05-11,1,12.7,Desktop,3
user_07549,Premium,2024-10-18,1,17.21,Mobile,2
user_07550,Standard,2023-08-03,0,15.32,Smart TV,2
user_07551,Premium,2025-03-06,1,10.91,Mobile,3
user_07552,Premium,2024-12-13,1,1.54,Mobile,5
user_07553,Standard,2024-12-01,1,9.09,Gaming Console,2
user_07554,Premium,2025-05-17,1,24.77,Desktop,1
user_07555,Premium,2025-03-16,1,10.8,Smart TV,
user_07556,Premium,2023-01-10,0,7.12,Gaming Console,4
user_07557,Premium,2024-07-10,1,8.54,Gaming Console,3
user_07558,Basic,2023-11-02,1,3.96,Tablet,2
user_07559,Basic,2023-02-18,0,13.26,Tablet,2
user_07560,Basic,2023-04-05,1,,Laptop,3
user_07561,Basic,2024-02-17,1,18.97,Tablet,3
user_07562,Standard,2023-08-23,1,19.79,Smart TV,
user_07563,Basic,2024-12-21,0,18.64,Smart TV,2
user_07564,Standard,2025-04-07,1,45.01,Gaming Console,2
user_07565,Standard,2023-05-09,1,419.23,Mobile,1
user_07566,Premium,2025-04-24,0,5.99,Smart TV,4
user_07567,Standard,2025-07-18,1,,Gaming Console,2
user_07568,Premium,2023-08-12,0,5.55,Mobile,4
user_07569,Premium,2024-05-13,0,10.89,Desktop,2
user_07570,Standard,2022-08-20,1,27.23,Desktop,1
user_07571,Standard,2024-05-25,1,33.07,Laptop,2
user_07572,Basic,2023-06-01,1,12.02,Mobile,3
user_07573,Premium,2024-03-26,0,18.92,Desktop,4
user_07574,Premium+,2023-01-03,1,50.18,Gaming Console,2
user_07575,Premium,2024-02-11,1,11.33,Tablet,4
user_07576,Standard,2024-11-16,1,5.05,Mobile,5
user_07577,Standard,2023-09-09,1,11.81,Laptop,
user_07578,Premium+,2024-05-12,1,13.9,Mobile,2
user_07579,Standard,2024-11-01,1,38.35,Laptop,
user_07580,Standard,2023-04-28,0,25.47,Desktop,1
user_07581,Standard,2025-01-03,1,4.86,Desktop,3
user_07582,Premium+,2024-03-04,1,7.4,Laptop,2
user_07583,Basic,2024-10-19,1,5.83,Tablet,2
user_07584,Standard,2022-09-13,1,15.59,Laptop,4
user_07585,Premium+,2022-11-27,1,7.24,Tablet,7
user_07586,Premium,2024-09-16,1,10.4,Gaming Console,2
user_07587,Premium,2023-12-11,1,27.19,Mobile,2
user_07588,Standard,2024-02-17,1,5.06,Smart TV,3
user_07589,Standard,2023-02-16,1,9.92,Laptop,1
user_07590,Standard,2025-03-31,1,19.07,Desktop,3
user_07591,Standard,2025-05-16,1,5.64,Gaming Console,4
user_07592,Premium,2024-04-09,1,7.65,Mobile,1
user_07593,Premium,2022-09-18,1,9.59,Tablet,
user_07594,Basic,2024-03-08,1,19.53,Smart TV,2
user_07595,Basic,2022-08-27,1,18.27,Smart TV,1
user_07596,Premium+,2024-05-22,1,7.19,Smart TV,2
user_07597,Premium,2023-08-28,1,15.92,Desktop,1
user_07598,Standard,2023-05-29,1,21.47,Smart TV,3
user_07599,Basic,2024-06-22,1,11.96,Laptop,4
user_07600,Premium,2023-05-13,1,32.55,Gaming Console,5
user_07601,Basic,2024-10-06,1,13.0,Tablet,3
user_07602,Basic,2022-12-17,1,9.72,Laptop,7
user_07603,Premium,2024-10-11,1,24.77,Mobile,3
user_07604,Premium,2024-02-07,1,6.36,Mobile,
user_07605,Premium,2024-08-26,1,6.1,Laptop,4
user_07606,Standard,2023-08-21,1,41.43,Gaming Console,
user_07607,Premium,2025-04-27,1,1.45,Smart TV,2
user_07608,Premium,2024-11-04,1,18.25,Smart TV,1
user_07609,Standard,2025-04-25,0,10.9,Desktop,2
user_07610,Standard,2024-09-29,1,14.58,Laptop,
user_07611,Standard,2022-09-08,1,28.91,Mobile,4
user_07612,Standard,2024-07-07,1,19.81,Gaming Console,
user_07613,Premium,2024-01-19,1,34.15,Tablet,2
user_07614,Premium,2023-07-25,1,25.82,Laptop,4
user_07615,Premium,2022-11-11,1,6.32,Smart TV,3
user_07616,Premium,2022-08-11,1,29.33,Desktop,2
user_07617,Premium,2025-06-28,1,3.73,Tablet,
user_07618,Premium,2024-06-06,1,,Laptop,4
user_07619,Standard,2024-07-03,1,17.25,Laptop,1
user_07620,Premium,2025-05-07,1,31.95,Smart TV,2
user_07621,Standard,2023-06-13,1,21.94,Desktop,2
user_07622,Standard,2025-07-24,1,,Smart TV,6
user_07623,Basic,2022-08-07,1,26.58,Laptop,3
user_07624,Premium+,2025-01-02,1,14.66,Laptop,2
user_07625,Standard,2023-12-20,1,29.27,Mobile,
user_07626,Premium,2023-03-19,1,10.05,Mobile,1
user_07627,Standard,2024-11-04,0,9.09,Smart TV,1
user_07628,Premium,2024-12-03,1,30.25,Mobile,2
user_07629,Standard,2024-10-26,1,33.17,Mobile,4
user_07630,Standard,2023-05-02,1,,Smart TV,1
user_07631,Premium+,2023-09-27,1,2.33,Gaming Console,1
user_07632,Premium,2024-06-20,1,14.37,Tablet,2
user_07633,Standard,2024-05-30,1,,Desktop,2
user_07634,Standard,2024-03-03,1,50.81,Mobile,5
user_07635,Premium,2022-12-08,1,12.9,Smart TV,3
user_07636,Premium,2023-12-13,0,,Smart TV,2
user_07637,Premium,2023-02-26,1,16.66,Smart TV,2
user_07638,Basic,2025-02-18,0,38.55,Mobile,3
user_07639,Premium,2023-02-09,1,8.18,Gaming Console,7
user_07640,Basic,2024-12-26,0,14.62,Smart TV,
user_07641,Basic,2024-08-04,1,14.89,Gaming Console,3
user_07642,Basic,2023-03-21,1,9.23,Mobile,1
user_07643,Standard,2023-10-17,0,23.43,Laptop,6
user_07644,Premium+,2023-06-07,1,21.81,Smart TV,2
user_07645,Standard,2024-02-24,1,18.69,Smart TV,
user_07646,Standard,2024-07-19,1,4.29,Tablet,2
user_07647,Standard,2023-06-04,1,11.5,Desktop,4
user_07648,Basic,2024-12-14,0,10.36,Smart TV,3
user_07649,Premium,2025-01-12,1,33.67,Desktop,4
user_07650,Premium,2024-05-08,1,18.9,Tablet,5
user_07651,Premium,2025-03-16,1,22.23,Laptop,2
user_07652,Basic,2024-09-09,1,13.47,Gaming Console,
user_07653,Premium,2023-07-08,0,17.87,Gaming Console,
user_07654,Basic,2022-11-04,1,17.35,Desktop,
user_07655,Standard,2022-10-02,0,,Desktop,4
user_07656,Basic,2024-02-15,1,13.11,Tablet,5
user_07657,Standard,2022-10-09,1,29.48,Laptop,1
user_07658,Premium+,2023-10-31,1,14.02,Gaming Console,3
user_07659,Standard,2024-03-28,1,15.46,Desktop,
user_07660,Standard,2023-08-02,1,42.52,Desktop,
user_07661,Standard,2023-01-14,0,31.46,Laptop,2
user_07662,Standard,2024-06-21,1,,Desktop,5
user_07663,Standard,2024-01-02,1,13.57,Laptop,2
user_07664,Premium,2023-11-11,1,3.6,Mobile,
user_07665,Premium,2023-09-23,1,16.5,Desktop,2
user_07666,Premium,2024-10-10,1,5.65,Gaming Console,3
user_07667,Standard,2023-12-18,1,3.53,Tablet,
user_07668,Premium,2024-03-25,1,832.81,Tablet,3
user_07669,Standard,2023-02-24,1,18.22,Desktop,5
user_07670,Standard,2022-08-04,1,3.98,Mobile,2
user_07671,Standard,2024-11-11,1,10.99,Desktop,1
user_07672,Standard,2024-03-05,1,63.16,Tablet,1
user_07673,Premium,2025-07-16,1,15.46,Desktop,2
user_07674,Premium,2022-11-03,1,11.93,Tablet,3
user_07675,Standard,2023-11-01,1,35.41,Laptop,2
user_07676,Standard,2023-08-28,1,74.64,Tablet,4
user_07677,Premium,2023-05-04,0,5.7,Desktop,4
user_07678,Standard,2023-05-03,0,44.64,Tablet,4
user_07679,Premium,2023-09-03,1,15.07,Tablet,2
user_07680,Premium,2025-05-12,0,,Gaming Console,6
user_07681,Basic,2023-08-06,1,6.55,Laptop,
user_07682,Standard,2023-06-08,0,14.21,Mobile,2
user_07683,Standard,2022-10-29,1,15.04,Gaming Console,4
user_07684,Basic,2022-09-11,1,6.05,Gaming Console,2
user_07685,Standard,2022-10-11,1,8.98,Mobile,3
user_07686,Standard,2024-11-22,1,,Desktop,5
user_07687,Premium,2025-03-22,1,31.17,Smart TV,5
user_07688,Premium,2022-11-13,1,2.3,Gaming Console,2
user_07689,Standard,2023-04-21,1,11.96,Desktop,
user_07690,Basic,2025-04-15,1,22.73,Gaming Console,
user_07691,Premium,2023-04-15,1,20.76,Smart TV,
user_07692,Premium,2022-12-06,1,12.0,Laptop,
user_07693,Premium,2023-10-19,1,2.0,Laptop,2
user_07694,Premium+,2024-08-03,1,,Laptop,2
user_07695,Basic,2024-05-30,0,,Desktop,1
user_07696,Standard,2024-09-06,1,32.32,Desktop,
user_07697,Premium,2023-11-07,1,14.88,Laptop,1
user_07698,Standard,2023-12-13,0,6.57,Tablet,5
user_07699,Standard,2022-09-05,1,21.41,Desktop,7
user_07700,Premium+,2022-12-31,1,2.58,Desktop,1
user_07701,Premium,2024-11-27,0,4.15,Mobile,
user_07702,Basic,2025-05-06,1,8.39,Smart TV,2
user_07703,Standard,2023-03-30,1,8.21,Laptop,
user_07704,Standard,2024-06-24,1,19.03,Desktop,
user_07705,Basic,2024-03-30,1,26.39,Tablet,
user_07706,Premium,2024-11-25,1,10.82,Laptop,1
user_07707,Standard,2024-07-26,1,6.85,Gaming Console,4
user_07708,Standard,2024-05-03,1,,Mobile,4
user_07709,Standard,2024-12-30,1,27.71,Laptop,5
user_07710,Basic,2023-04-01,1,16.65,Mobile,4
user_07711,Standard,2025-02-27,1,5.52,Desktop,2
user_07712,Standard,2023-02-20,1,5.42,Desktop,5
user_07713,Premium,2024-07-04,1,7.25,Laptop,5
user_07714,Premium,2024-03-04,1,21.55,Gaming Console,3
user_07715,Premium,2025-03-09,1,29.95,Smart TV,
user_07716,Standard,2023-09-03,1,8.68,Smart TV,5
user_07717,Premium,2023-07-05,1,26.42,Gaming Console,4
user_07718,Standard,2024-04-30,1,14.63,Laptop,
user_07719,Standard,2023-11-30,1,22.89,Smart TV,1
user_07720,Premium,2024-09-26,1,32.09,Desktop,7
user_07721,Premium,2025-04-20,1,22.98,Tablet,4
user_07722,Premium,2024-11-03,1,33.06,Desktop,3
user_07723,Basic,2024-04-01,0,,Gaming Console,2
user_07724,Basic,2024-08-28,1,6.09,Laptop,1
user_07725,Standard,2025-01-07,1,22.04,Laptop,2
user_07726,Basic,2025-06-28,1,7.74,Smart TV,
user_07727,Premium,2023-10-08,0,10.15,Desktop,2
user_07728,Standard,2022-09-16,1,21.35,Mobile,4
user_07729,Standard,2024-03-08,1,39.0,Laptop,1
user_07730,Premium,2024-07-02,1,8.9,Laptop,3
user_07731,Basic,2024-05-31,1,13.27,Laptop,3
user_07732,Premium,2022-10-02,1,,Mobile,
user_07733,Standard,2025-03-11,1,18.16,Gaming Console,2
user_07734,Standard,2023-05-27,1,,Tablet,3
user_07735,Premium,2023-08-15,1,12.06,Tablet,3
user_07736,Premium+,2025-03-28,1,1.36,Gaming Console,2
user_07737,Standard,2022-10-16,1,21.3,Smart TV,
user_07738,Premium,2025-03-15,0,5.67,Desktop,2
user_07739,Premium+,2023-12-30,1,28.73,Smart TV,4
user_07740,Premium+,2024-02-28,1,15.65,Desktop,4
user_07741,Basic,2023-05-13,1,,Laptop,2
user_07742,Premium,2024-08-30,1,9.77,Laptop,6
user_07743,Premium,2024-10-03,1,2.03,Tablet,1
user_07744,Premium+,2024-04-11,1,8.31,Tablet,2
user_07745,Premium,2024-04-24,1,9.12,Mobile,
user_07746,Standard,2025-07-03,1,10.03,Smart TV,
user_07747,Standard,2022-12-09,1,8.19,Desktop,
user_07748,Premium,2022-08-18,0,23.63,Laptop,
user_07749,Basic,2023-10-08,1,26.48,Laptop,6
user_07750,Basic,2025-01-19,0,21.47,Gaming Console,3
user_07751,Basic,2023-12-30,1,22.21,Tablet,
user_07752,Standard,2023-12-20,1,14.29,Mobile,1
user_07753,Basic,2023-11-18,1,5.93,Laptop,2
user_07754,Standard,2023-12-28,1,11.38,Tablet,5
user_07755,Basic,2025-06-03,1,1.71,Tablet,4
user_07756,Standard,2023-09-25,1,25.95,Tablet,4
user_07757,Premium,2024-12-05,1,24.07,Mobile,2
user_07758,Premium,2023-12-30,1,3.64,Tablet,2
user_07759,Basic,2022-08-04,0,12.82,Gaming Console,2
user_07760,Basic,2025-03-28,1,8.83,Gaming Console,3
user_07761,Premium,2023-03-30,1,13.84,Tablet,3
user_07762,Premium+,2022-09-30,1,7.57,Tablet,1
user_07763,Premium,2024-09-29,1,12.72,Laptop,1
user_07764,Basic,2024-04-26,1,9.9,Smart TV,2
user_07765,Standard,2023-05-17,1,19.91,Gaming Console,3
user_07766,Basic,2024-04-15,1,4.66,Gaming Console,1
user_07767,Premium,2022-10-17,1,18.46,Smart TV,7
user_07768,Premium,2024-01-19,1,40.04,Laptop,
user_07769,Basic,2022-08-03,1,6.04,Gaming Console,1
user_07770,Premium,2022-09-10,1,7.04,Gaming Console,3
user_07771,Standard,2023-09-11,0,19.02,Gaming Console,2
user_07772,Standard,2023-10-23,1,4.1,Tablet,
user_07773,Basic,2025-06-03,0,27.95,Desktop,1
user_07774,Standard,2023-11-04,1,12.16,Desktop,3
user_07775,Premium+,2022-12-04,1,1.99,Laptop,3
user_07776,Premium,2025-01-02,1,2.55,Mobile,2
user_07777,Standard,2024-02-26,1,13.69,Desktop,
user_07778,Standard,2024-05-30,1,20.87,Desktop,3
user_07779,Basic,2023-06-09,1,10.36,Smart TV,3
user_07780,Standard,2023-11-26,0,21.85,Smart TV,
user_07781,Basic,2023-02-27,0,15.32,Laptop,3
user_07782,Premium,2022-09-12,0,19.52,Tablet,1
user_07783,Standard,2024-04-23,1,7.08,Smart TV,5
user_07784,Premium,2023-01-01,1,27.3,Tablet,4
user_07785,Premium+,2022-12-01,0,,Smart TV,2
user_07786,Premium,2024-06-06,1,,Tablet,4
user_07787,Premium+,2024-04-25,0,19.45,Mobile,2
user_07788,Premium,2022-12-07,0,9.83,Laptop,1
user_07789,Basic,2024-01-13,1,12.22,Tablet,6
user_07790,Basic,2025-05-04,1,7.3,Smart TV,2
user_07791,Standard,2024-06-10,1,19.87,Smart TV,3
user_07792,Premium,2023-12-17,1,23.51,Mobile,2
user_07793,Standard,2024-05-09,1,8.92,Desktop,3
user_07794,Premium+,2022-08-13,1,7.15,Tablet,
user_07795,Premium,2024-03-20,1,2.4,Gaming Console,4
user_07796,Premium,2024-05-28,1,7.42,Gaming Console,1
user_07797,Basic,2024-01-08,1,,Gaming Console,1
user_07798,Standard,2023-07-25,1,20.22,Gaming Console,
user_07799,Standard,2023-08-07,1,22.72,Desktop,4
user_07800,Standard,2024-08-30,0,18.02,Gaming Console,2
user_07801,Premium,2023-08-25,1,36.47,Smart TV,2
user_07802,Premium,2022-09-13,0,14.28,Desktop,3
user_07803,Premium,2023-11-28,1,21.51,Tablet,3
user_07804,Basic,2025-07-04,0,5.37,Tablet,
user_07805,Basic,2023-06-16,1,14.03,Gaming Console,
user_07806,Basic,2024-08-25,0,,Mobile,
user_07807,Standard,2023-06-22,1,10.3,Tablet,2
user_07808,Standard,2024-10-09,1,7.87,Smart TV,2
user_07809,Standard,2023-04-06,1,4.98,Mobile,
user_07810,Standard,2025-03-21,1,4.28,Smart TV,2
user_07811,Premium,2024-09-01,1,890.41,Laptop,1
user_07812,Basic,2023-01-13,1,3.98,Mobile,1
user_07813,Premium,2024-02-03,1,22.85,Mobile,3
user_07814,Premium+,2024-07-02,1,21.62,Smart TV,1
user_07815,Premium+,2024-10-14,1,28.8,Tablet,2
user_07816,Standard,2023-03-11,1,,Laptop,3
user_07817,Basic,2024-04-27,1,6.52,Tablet,4
user_07818,Standard,2025-03-17,1,15.57,Smart TV,4
user_07819,Premium,2023-02-16,1,15.4,Desktop,6
user_07820,Basic,2022-08-26,1,,Tablet,3
user_07821,Premium,2024-03-11,1,29.14,Tablet,2
user_07822,Premium,2023-02-13,1,15.29,Laptop,1
user_07823,Premium,2024-02-09,1,5.49,Smart TV,1
user_07824,Standard,2024-05-01,1,5.55,Gaming Console,1
user_07825,Basic,2023-10-16,1,13.24,Gaming Console,1
user_07826,Basic,2022-11-30,1,7.62,Laptop,3
user_07827,Premium,2023-06-18,1,2.63,Laptop,
user_07828,Premium+,2024-12-01,0,32.14,Tablet,3
user_07829,Basic,2025-03-03,0,3.27,Tablet,3
user_07830,Basic,2024-09-15,0,6.35,Smart TV,1
user_07831,Premium,2025-04-07,1,4.84,Gaming Console,3
user_07832,Standard,2025-05-23,1,3.22,Gaming Console,2
user_07833,Standard,2025-02-18,1,30.06,Gaming Console,2
user_07834,Premium,2025-04-30,1,5.34,Smart TV,2
user_07835,Standard,2023-03-13,1,4.0,Desktop,2
user_07836,Premium,2024-09-27,1,7.53,Tablet,2
user_07837,Premium,2023-04-03,1,13.16,Mobile,2
user_07838,Standard,2022-12-24,1,7.88,Smart TV,6
user_07839,Premium,2023-06-13,1,24.22,Gaming Console,
user_07840,Standard,2023-03-08,1,11.5,Mobile,2
user_07841,Premium,2024-10-07,1,15.59,Tablet,2
user_07842,Premium,2023-12-23,1,10.11,Tablet,4
user_07843,Basic,2023-05-23,1,10.25,Smart TV,4
user_07844,Standard,2024-09-14,1,,Smart TV,1
user_07845,Premium,2023-02-20,1,28.4,Tablet,5
user_07846,Premium+,2025-06-22,0,9.09,Mobile,2
user_07847,Premium,2024-01-27,1,6.12,Laptop,3
user_07848,Standard,2025-03-20,1,16.94,Laptop,2
user_07849,Basic,2022-08-10,1,16.39,Laptop,4
user_07850,Premium,2024-06-27,1,39.79,Smart TV,2
user_07851,Basic,2025-04-12,1,25.7,Gaming Console,
user_07852,Standard,2024-12-10,1,23.21,Gaming Console,
user_07853,Premium+,2024-01-17,1,6.98,Smart TV,2
user_07854,Premium,2022-12-09,1,18.65,Desktop,4
user_07855,Standard,2024-08-26,1,6.63,Gaming Console,3
user_07856,Basic,2024-11-13,1,12.86,Mobile,
user_07857,Premium,2024-10-27,1,17.99,Tablet,1
user_07858,Standard,2022-09-11,0,14.18,Smart TV,2
user_07859,Premium,2023-05-08,1,,Desktop,1
user_07860,Standard,2023-08-14,1,12.94,Gaming Console,4
user_07861,Standard,2025-07-18,1,34.61,Tablet,3
user_07862,Premium,2024-12-11,0,15.38,Smart TV,1
user_07863,Premium,2023-09-28,1,12.0,Mobile,1
user_07864,Premium,2023-04-17,0,6.1,Gaming Console,2
user_07865,Basic,2022-12-13,1,25.0,Tablet,3
user_07866,Premium+,2025-01-20,1,18.75,Tablet,3
user_07867,Standard,2023-09-25,0,19.67,Tablet,1
user_07868,Basic,2024-08-29,1,15.98,Tablet,2
user_07869,Standard,2023-08-11,1,15.13,Laptop,2
user_07870,Premium+,2025-05-10,1,21.17,Laptop,3
user_07871,Basic,2025-01-14,1,10.62,Tablet,4
user_07872,Standard,2022-12-25,1,6.0,Desktop,4
user_07873,Standard,2023-11-05,1,4.21,Laptop,2
user_07874,Premium,2025-01-05,1,40.38,Mobile,3
user_07875,Basic,2024-05-13,1,7.11,Desktop,2
user_07876,Basic,2025-03-23,1,7.41,Gaming Console,4
user_07877,Premium,2025-04-03,1,3.94,Desktop,3
user_07878,Premium,2022-10-20,1,16.55,Laptop,
user_07879,Standard,2024-01-10,1,26.62,Laptop,1
user_07880,Premium,2022-09-29,1,7.81,Smart TV,2
user_07881,Standard,2025-03-30,1,10.15,Desktop,4
user_07882,Basic,2025-01-18,1,3.68,Gaming Console,4
user_07883,Standard,2024-10-13,1,5.65,Tablet,2
user_07884,Standard,2023-08-25,1,4.18,Laptop,2
user_07885,Basic,2024-01-08,1,13.03,Desktop,2
user_07886,Premium,2025-01-30,1,12.51,Laptop,
user_07887,Premium,2023-11-13,1,7.89,Tablet,4
user_07888,Premium,2025-04-18,1,4.35,Smart TV,2
user_07889,Premium,2024-07-01,1,8.94,Gaming Console,2
user_07890,Standard,2024-05-22,1,19.48,Desktop,
user_07891,Standard,2024-06-17,0,2.58,Laptop,2
user_07892,Premium+,2024-06-06,1,18.38,Laptop,5
user_07893,Premium+,2024-01-07,1,,Gaming Console,2
user_07894,Premium+,2024-09-05,1,5.55,Smart TV,5
user_07895,Standard,2023-07-22,1,,Desktop,2
user_07896,Premium,2024-07-04,1,11.54,Smart TV,2
user_07897,Basic,2024-11-04,0,13.17,Mobile,3
user_07898,Premium,2025-05-26,1,19.96,Tablet,1
user_07899,Basic,2022-12-31,1,11.21,Tablet,1
user_07900,Basic,2024-08-12,1,,Tablet,
user_07901,Basic,2022-08-21,1,9.67,Mobile,2
user_07902,Premium+,2022-08-26,1,13.87,Smart TV,
user_07903,Standard,2023-09-17,0,56.65,Gaming Console,4
user_07904,Premium,2022-11-13,1,6.32,Smart TV,
user_07905,Premium,2024-07-03,1,26.0,Mobile,3
user_07906,Basic,2023-09-28,1,20.36,Tablet,1
user_07907,Premium,2024-05-30,1,26.29,Desktop,3
user_07908,Standard,2024-08-24,1,17.71,Desktop,1
user_07909,Standard,2024-03-10,1,16.66,Smart TV,2
user_07910,Premium,2024-09-16,1,13.9,Smart TV,3
user_07911,Basic,2024-09-24,1,5.89,Mobile,
user_07912,Standard,2025-04-17,1,4.21,Desktop,
user_07913,Premium,2023-07-04,1,8.58,Gaming Console,2
user_07914,Standard,2023-02-18,1,4.89,Mobile,1
user_07915,Standard,2025-06-29,1,10.2,Gaming Console,3
user_07916,Premium+,2023-12-01,1,28.67,Smart TV,
user_07917,Premium,2024-02-12,0,9.94,Desktop,3
user_07918,Premium,2024-05-09,1,16.65,Desktop,5
user_07919,Basic,2023-10-29,1,20.33,Tablet,3
user_07920,Premium,2023-10-04,1,14.21,Desktop,2
user_07921,Basic,2025-01-21,1,6.54,Laptop,5
user_07922,Standard,2024-04-10,1,16.09,Smart TV,2
user_07923,Premium,2023-07-24,1,15.67,Gaming Console,2
user_07924,Standard,2024-03-26,1,,Laptop,4
user_07925,Standard,2022-09-29,1,23.52,Laptop,5
user_07926,Standard,2023-02-16,1,5.87,Gaming Console,3
user_07927,Standard,2024-07-19,0,35.39,Gaming Console,1
user_07928,Standard,2024-12-15,1,3.74,Laptop,2
user_07929,Basic,2024-01-19,0,18.31,Laptop,2
user_07930,Premium,2022-12-18,1,36.58,Laptop,2
user_07931,Premium,2022-10-05,1,15.12,Gaming Console,3
user_07932,Premium,2024-06-26,1,,Tablet,1
user_07933,Premium,2024-09-16,0,14.25,Desktop,2
user_07934,Premium,2025-01-03,0,6.15,Tablet,
user_07935,Standard,2023-01-30,1,,Laptop,2
user_07936,Standard,2023-12-30,1,32.12,Smart TV,
user_07937,Premium,2024-06-25,1,7.61,Desktop,
user_07938,Standard,2023-06-17,1,,Smart TV,
user_07939,Standard,2025-07-17,1,9.83,Gaming Console,2
user_07940,Basic,2024-01-02,1,12.21,Desktop,5
user_07941,Premium,2024-09-09,1,62.28,Gaming Console,2
user_07942,Standard,2023-01-22,1,35.89,Smart TV,2
user_07943,Premium,2024-02-06,1,14.45,Mobile,2
user_07944,Standard,2024-09-14,0,21.68,Laptop,3
user_07945,Standard,2024-05-09,1,9.47,Desktop,6
user_07946,Premium+,2024-07-06,0,20.46,Desktop,2
user_07947,Premium,2024-03-04,0,11.78,Smart TV,4
user_07948,Premium,2024-05-11,1,6.11,Desktop,
user_07949,Premium,2024-07-17,1,19.64,Mobile,1
user_07950,Basic,2025-07-09,1,10.19,Smart TV,5
user_07951,Standard,2023-11-08,1,44.26,Mobile,3
user_07952,Premium,2024-12-31,1,12.1,Gaming Console,3
user_07953,Standard,2022-09-07,1,,Gaming Console,3
user_07954,Premium,2022-12-06,0,20.54,Mobile,4
user_07955,Standard,2024-02-19,1,7.83,Mobile,4
user_07956,Premium,2024-10-23,1,17.48,Tablet,
user_07957,Basic,2023-10-26,1,20.34,Gaming Console,1
user_07958,Basic,2024-04-28,0,21.82,Mobile,4
user_07959,Premium+,2025-05-15,1,12.53,Laptop,2
user_07960,Standard,2023-09-21,1,13.61,Smart TV,2
user_07961,Premium,2024-01-15,1,18.44,Desktop,5
user_07962,Premium,2023-07-02,1,1.66,Desktop,4
user_07963,Premium,2024-08-15,1,12.1,Desktop,2
user_07964,Premium,2023-04-02,1,9.09,Laptop,6
user_07965,Standard,2025-03-27,0,20.94,Tablet,5
user_07966,Standard,2023-10-24,1,10.7,Gaming Console,2
user_07967,Basic,2023-12-05,1,14.37,Desktop,
user_07968,Premium+,2023-07-14,1,7.85,Laptop,2
user_07969,Premium,2024-12-15,1,34.22,Smart TV,3
user_07970,Standard,2024-03-09,1,525.37,Smart TV,3
user_07971,Basic,2024-04-24,1,,Tablet,1
user_07972,Standard,2024-09-01,1,,Desktop,1
user_07973,Premium,2023-03-15,0,17.3,Smart TV,2
user_07974,Standard,2025-03-19,1,3.47,Desktop,5
user_07975,Standard,2024-03-20,1,27.37,Mobile,5
user_07976,Basic,2022-11-17,1,23.14,Gaming Console,2
user_07977,Premium,2023-10-16,1,37.71,Gaming Console,2
user_07978,Standard,2023-12-20,0,,Smart TV,3
user_07979,Standard,2025-04-19,1,,Smart TV,6
user_07980,Premium,2023-10-17,0,26.52,Laptop,
user_07981,Premium,2024-11-16,1,13.28,Smart TV,5
user_07982,Standard,2024-12-04,1,11.36,Smart TV,2
user_07983,Premium,2025-05-28,1,3.68,Desktop,1
user_07984,Basic,2022-08-05,1,14.9,Smart TV,3
user_07985,Premium,2024-10-08,1,,Smart TV,2
user_07986,Premium+,2023-04-23,1,11.33,Mobile,3
user_07987,Basic,2024-11-19,1,18.58,Desktop,
user_07988,Premium,2024-08-30,1,7.7,Laptop,4
user_07989,Premium,2025-07-30,1,7.77,Mobile,
user_07990,Premium,2023-07-15,1,11.06,Laptop,1
user_07991,Standard,2022-12-21,0,40.22,Tablet,1
user_07992,Basic,2023-06-21,1,,Tablet,2
user_07993,Standard,2024-04-28,1,5.26,Desktop,1
user_07994,Premium,2022-09-11,1,51.19,Laptop,
user_07995,Premium,2023-03-16,0,380.34,Smart TV,5
user_07996,Premium,2023-11-15,1,25.67,Laptop,2
user_07997,Standard,2024-09-17,1,3.99,Mobile,3
user_07998,Premium+,2023-12-16,1,11.75,Laptop,3
user_07999,Premium,2024-01-13,0,11.32,Gaming Console,
user_08000,Standard,2022-10-23,1,30.77,Tablet,3
user_08001,Standard,2025-01-19,1,,Tablet,3
user_08002,Premium+,2023-07-31,1,,Tablet,1
user_08003,Premium,2022-09-15,1,2.51,Gaming Console,7
user_08004,Basic,2025-02-23,1,,Desktop,2
user_08005,Standard,2023-11-29,1,8.15,Desktop,2
user_08006,Standard,2025-05-19,1,14.49,Laptop,1
user_08007,Premium,2022-09-27,1,4.82,Desktop,
user_08008,Premium,2025-03-28,0,19.26,Desktop,1
user_08009,Standard,2023-08-19,1,18.5,Smart TV,2
user_08010,Premium,2024-03-29,1,3.7,Desktop,2
user_08011,Standard,2022-09-12,1,,Smart TV,3
user_08012,Premium,2022-12-22,1,12.13,Tablet,
user_08013,Premium,2025-06-24,1,5.26,Gaming Console,3
user_08014,Basic,2025-06-23,1,10.5,Mobile,2
user_08015,Basic,2022-12-09,1,23.31,Gaming Console,
user_08016,Premium,2023-10-19,1,,Gaming Console,3
user_08017,Basic,2023-08-08,1,,Smart TV,7
user_08018,Premium,2023-08-01,1,13.52,Mobile,1
user_08019,Standard,2023-10-11,1,7.78,Mobile,3
user_08020,Premium,2025-02-24,1,5.38,Mobile,5
user_08021,Premium,2022-11-29,1,8.34,Laptop,
user_08022,Premium,2023-10-29,1,9.0,Smart TV,2
user_08023,Premium+,2023-06-17,1,20.39,Gaming Console,2
user_08024,Premium,2025-04-30,1,710.55,Tablet,3
user_08025,Premium,2022-12-06,1,13.93,Mobile,1
user_08026,Basic,2024-02-15,1,3.32,Mobile,2
user_08027,Premium,2024-06-02,1,18.86,Mobile,3
user_08028,Standard,2023-10-28,1,7.13,Smart TV,5
user_08029,Premium,2024-07-02,1,18.34,Laptop,4
user_08030,Premium,2025-02-17,1,1.49,Smart TV,2
user_08031,Standard,2024-12-18,1,8.46,Gaming Console,5
user_08032,Premium,2023-08-24,1,10.43,Mobile,4
user_08033,Basic,2024-02-22,1,3.11,Gaming Console,2
user_08034,Standard,2024-07-05,1,18.54,Mobile,1
user_08035,Standard,2022-12-29,1,29.47,Laptop,
user_08036,Standard,2024-05-30,1,10.73,Gaming Console,
user_08037,Standard,2024-01-21,1,10.31,Tablet,3
user_08038,Standard,2025-05-12,0,9.88,Laptop,1
user_08039,Premium,2022-10-19,1,7.67,Gaming Console,4
user_08040,Premium,2024-05-23,1,8.86,Mobile,5
user_08041,Standard,2025-06-20,1,7.43,Desktop,4
user_08042,Standard,2024-01-19,1,15.06,Smart TV,3
user_08043,Premium,2023-06-03,1,13.36,Mobile,2
user_08044,Standard,2024-05-13,1,829.29,Desktop,1
user_08045,Standard,2024-10-02,0,19.27,Desktop,3
user_08046,Standard,2024-01-12,1,,Smart TV,1
user_08047,Premium,2023-01-23,0,3.2,Tablet,3
user_08048,Standard,2024-06-26,0,,Desktop,
user_08049,Premium,2023-04-05,1,,Desktop,1
user_08050,Standard,2023-04-03,1,20.34,Tablet,
user_08051,Premium,2025-02-03,1,12.36,Mobile,5
user_08052,Premium+,2023-04-15,1,5.73,Mobile,1
user_08053,Standard,2023-02-18,1,32.42,Tablet,
user_08054,Standard,2024-07-29,1,12.86,Gaming Console,1
user_08055,Premium,2023-11-09,1,9.5,Tablet,4
user_08056,Premium,2022-11-17,1,13.7,Laptop,2
user_08057,Premium+,2023-09-26,0,6.53,Mobile,3
user_08058,Standard,2022-09-26,1,7.79,Smart TV,3
user_08059,Premium,2024-07-11,1,12.19,Tablet,4
user_08060,Premium+,2024-11-04,1,2.6,Tablet,
user_08061,Premium+,2023-03-22,1,16.58,Mobile,6
user_08062,Standard,2023-11-10,0,12.82,Tablet,2
user_08063,Standard,2024-03-12,1,26.2,Tablet,2
user_08064,Standard,2023-02-07,1,28.12,Laptop,2
user_08065,Standard,2024-04-14,0,3.83,Tablet,2
user_08066,Premium,2024-02-13,1,5.88,Laptop,3
user_08067,Premium,2023-11-15,0,,Smart TV,3
user_08068,Premium+,2024-09-03,1,8.18,Smart TV,2
user_08069,Premium,2022-09-20,1,31.75,Smart TV,3
user_08070,Standard,2024-06-08,1,3.59,Laptop,5
user_08071,Standard,2025-03-09,1,311.84,Laptop,
user_08072,Premium,2023-09-08,1,16.63,Tablet,5
user_08073,Premium,2023-02-22,1,7.68,Smart TV,2
user_08074,Premium,2023-05-22,1,24.45,Mobile,3
user_08075,Standard,2024-05-29,1,14.34,Smart TV,
user_08076,Premium,2022-12-14,1,4.08,Smart TV,4
user_08077,Premium+,2022-09-24,0,33.55,Smart TV,2
user_08078,Standard,2024-09-29,1,17.94,Mobile,2
user_08079,Standard,2025-05-12,1,3.53,Mobile,3
user_08080,Premium,2023-11-25,1,8.47,Smart TV,1
user_08081,Standard,2024-12-14,1,18.91,Desktop,4
user_08082,Premium,2023-06-07,0,12.39,Smart TV,1
user_08083,Standard,2022-09-01,1,12.4,Laptop,3
user_08084,Basic,2023-07-16,0,,Tablet,2
user_08085,Premium,2023-03-01,1,28.59,Gaming Console,
user_08086,Premium+,2025-06-28,1,7.72,Gaming Console,
user_08087,Premium+,2025-05-21,1,5.79,Desktop,3
user_08088,Standard,2025-05-04,1,27.27,Mobile,1
user_08089,Standard,2024-05-31,0,50.97,Desktop,5
user_08090,Standard,2023-03-20,1,7.63,Smart TV,1
user_08091,Standard,2024-07-26,0,14.14,Tablet,4
user_08092,Premium,2023-01-28,1,10.24,Laptop,2
user_08093,Standard,2024-04-06,1,37.31,Smart TV,1
user_08094,Standard,2023-02-27,1,8.86,Tablet,5
user_08095,Standard,2024-11-05,1,17.9,Tablet,2
user_08096,Basic,2024-03-22,1,,Laptop,3
user_08097,Premium,2025-01-10,0,12.69,Mobile,1
user_08098,Premium,2024-11-26,1,34.56,Tablet,2
user_08099,Premium,2024-10-15,1,20.88,Mobile,1
user_08100,Standard,2023-04-22,1,9.08,Desktop,4
user_08101,Premium,2024-04-17,1,16.07,Mobile,2
user_08102,Premium,2023-12-30,1,5.4,Laptop,
user_08103,Standard,2022-12-06,0,14.66,Smart TV,2
user_08104,Standard,2025-04-26,1,12.33,Laptop,3
user_08105,Premium,2023-04-22,1,11.71,Mobile,3
user_08106,Basic,2025-02-01,1,3.87,Tablet,4
user_08107,Premium,2024-02-16,0,13.96,Laptop,2
user_08108,Premium,2025-05-11,0,3.74,Laptop,1
user_08109,Premium,2023-07-13,1,6.74,Gaming Console,2
user_08110,Standard,2025-03-15,1,25.03,Laptop,
user_08111,Premium,2025-05-18,1,18.23,Laptop,
user_08112,Basic,2023-04-25,1,8.2,Laptop,4
user_08113,Standard,2022-08-11,1,20.66,Laptop,1
user_08114,Premium,2022-11-05,1,25.87,Mobile,4
user_08115,Basic,2023-07-18,1,29.61,Laptop,3
user_08116,Standard,2023-02-07,1,30.65,Mobile,
user_08117,Premium+,2023-09-30,0,5.16,Tablet,1
user_08118,Premium,2025-05-07,1,13.33,Laptop,
user_08119,Standard,2025-01-29,0,7.38,Laptop,4
user_08120,Basic,2025-01-06,1,13.62,Gaming Console,2
user_08121,Premium,2024-10-11,1,11.55,Mobile,2
user_08122,Premium,2023-05-26,1,17.38,Gaming Console,3
user_08123,Premium,2023-02-06,1,5.21,Mobile,4
user_08124,Basic,2025-01-04,0,,Tablet,2
user_08125,Standard,2022-09-09,1,0.76,Gaming Console,4
user_08126,Standard,2024-01-15,0,4.6,Mobile,5
user_08127,Basic,2023-06-26,1,12.85,Tablet,6
user_08128,Basic,2024-08-17,1,13.65,Desktop,
user_08129,Premium,2024-12-15,1,37.66,Gaming Console,2
user_08130,Standard,2022-11-01,1,9.94,Smart TV,3
user_08131,Standard,2023-01-13,1,10.82,Desktop,1
user_08132,Premium,2023-09-13,1,4.5,Gaming Console,4
user_08133,Premium,2025-02-04,1,5.13,Gaming Console,3
user_08134,Premium,2023-08-11,1,22.74,Desktop,3
user_08135,Premium,2025-04-02,1,11.68,Laptop,
user_08136,Standard,2024-06-14,1,14.04,Gaming Console,3
user_08137,Premium,2023-02-21,1,8.51,Laptop,4
user_08138,Premium+,2022-10-03,1,17.49,Tablet,4
user_08139,Premium+,2025-03-09,1,27.22,Desktop,1
user_08140,Premium,2022-12-09,1,9.6,Laptop,5
user_08141,Premium,2022-10-26,1,22.11,Desktop,
user_08142,Basic,2023-11-23,1,16.63,Gaming Console,1
user_08143,Standard,2024-08-19,0,5.92,Smart TV,1
user_08144,Basic,2024-07-07,1,7.18,Desktop,2
user_08145,Standard,2024-08-31,1,30.05,Smart TV,5
user_08146,Premium,2023-01-12,1,14.17,Gaming Console,
user_08147,Standard,2023-03-23,0,260.04,Mobile,3
user_08148,Basic,2023-06-25,1,35.74,Mobile,
user_08149,Standard,2024-05-24,1,23.49,Smart TV,
user_08150,Premium,2024-01-24,1,20.35,Laptop,2
user_08151,Basic,2022-12-24,0,7.56,Smart TV,2
user_08152,Premium,2025-05-01,1,6.81,Gaming Console,
user_08153,Basic,2023-05-27,0,,Tablet,4
user_08154,Standard,2025-06-05,1,,Desktop,1
user_08155,Basic,2022-10-12,1,3.39,Smart TV,3
user_08156,Premium+,2024-01-04,1,8.65,Laptop,4
user_08157,Standard,2023-02-08,0,2.67,Laptop,4
user_08158,Premium,2023-08-24,1,29.65,Tablet,2
user_08159,Premium,2024-04-30,1,8.15,Laptop,
user_08160,Premium,2024-01-04,0,3.78,Smart TV,4
user_08161,Standard,2023-01-12,1,13.65,Tablet,2
user_08162,Basic,2023-03-07,1,,Smart TV,7
user_08163,Premium+,2022-11-05,1,3.71,Smart TV,
user_08164,Premium,2023-12-17,1,6.46,Tablet,1
user_08165,Premium,2022-10-04,1,28.3,Gaming Console,
user_08166,Basic,2024-10-04,0,18.94,Desktop,
user_08167,Basic,2023-09-07,1,21.6,Laptop,
user_08168,Premium,2022-08-09,1,6.38,Desktop,2
user_08169,Premium,2025-05-22,1,21.97,Desktop,1
user_08170,Standard,2023-04-25,1,10.38,Gaming Console,
user_08171,Premium+,2023-05-05,1,0.72,Smart TV,8
user_08172,Basic,2023-10-19,1,35.31,Tablet,3
user_08173,Premium,2024-04-04,1,3.04,Tablet,2
user_08174,Premium,2025-02-11,1,46.91,Gaming Console,
user_08175,Standard,2024-08-10,1,19.18,Gaming Console,2
user_08176,Premium,2022-09-11,1,6.17,Desktop,2
user_08177,Standard,2024-01-19,1,12.5,Gaming Console,
user_08178,Premium+,2024-12-30,1,18.31,Tablet,
user_08179,Premium+,2024-04-17,1,12.84,Desktop,4
user_08180,Premium+,2022-12-12,1,5.19,Gaming Console,7
user_08181,Standard,2024-06-27,1,24.29,Smart TV,1
user_08182,Premium+,2022-12-21,1,18.73,Mobile,6
user_08183,Premium,2025-03-01,0,24.37,Tablet,4
user_08184,Standard,2024-02-23,0,42.84,Desktop,1
user_08185,Basic,2023-01-28,1,8.77,Gaming Console,4
user_08186,Standard,2025-05-13,0,19.32,Desktop,1
user_08187,Standard,2024-05-28,0,,Gaming Console,3
user_08188,Basic,2025-06-10,1,4.86,Tablet,1
user_08189,Premium+,2023-08-17,1,16.45,Desktop,2
user_08190,Standard,2025-06-28,1,,Mobile,4
user_08191,Premium,2024-08-30,1,27.79,Mobile,4
user_08192,Premium,2024-01-09,0,10.61,Desktop,3
user_08193,Premium,2024-07-03,1,,Tablet,
user_08194,Premium,2025-03-26,1,2.52,Desktop,
user_08195,Basic,2024-08-19,1,40.63,Desktop,2
user_08196,Premium,2023-10-24,1,2.63,Tablet,3
user_08197,Premium,2025-06-08,1,16.89,Tablet,4
user_08198,Premium,2024-08-08,1,36.59,Tablet,6
user_08199,Premium,2023-05-16,1,,Desktop,2
user_08200,Premium+,2023-11-03,1,2.64,Gaming Console,5
user_08201,Standard,2022-08-20,1,18.72,Gaming Console,3
user_08202,Standard,2023-06-27,1,4.58,Mobile,2
user_08203,Standard,2024-09-20,0,27.19,Laptop,6
user_08204,Standard,2023-11-07,1,33.79,Laptop,3
user_08205,Premium,2023-04-09,1,,Smart TV,2
user_08206,Basic,2024-04-11,1,,Desktop,3
user_08207,Basic,2024-12-21,0,8.78,Gaming Console,2
user_08208,Standard,2024-08-14,1,41.28,Smart TV,3
user_08209,Standard,2024-04-15,1,16.16,Tablet,3
user_08210,Standard,2023-07-30,1,43.88,Desktop,
user_08211,Basic,2024-05-02,1,1.9,Desktop,2
user_08212,Standard,2025-04-26,1,16.74,Gaming Console,4
user_08213,Basic,2025-05-02,1,12.16,Smart TV,4
user_08214,Standard,2025-07-26,1,14.47,Tablet,6
user_08215,Premium,2025-05-06,1,17.25,Desktop,6
user_08216,Basic,2024-09-08,1,44.03,Desktop,6
user_08217,Premium,2023-08-15,1,13.97,Gaming Console,3
user_08218,Basic,2024-11-28,1,4.79,Gaming Console,
user_08219,Premium+,2024-04-27,1,11.88,Tablet,
user_08220,Basic,2023-03-20,1,,Gaming Console,3
user_08221,Basic,2024-08-18,1,16.89,Gaming Console,
user_08222,Basic,2023-01-11,1,,Tablet,4
user_08223,Basic,2025-04-11,1,32.69,Desktop,1
user_08224,Basic,2024-07-04,1,,Tablet,2
user_08225,Premium,2025-04-10,1,13.78,Mobile,3
user_08226,Premium+,2023-10-29,1,4.7,Smart TV,1
user_08227,Standard,2023-02-06,1,12.66,Smart TV,
user_08228,Standard,2025-02-15,1,8.35,Tablet,
user_08229,Standard,2024-10-08,1,30.83,Laptop,
user_08230,Basic,2023-03-13,1,33.53,Smart TV,4
user_08231,Premium+,2023-02-15,1,,Gaming Console,5
user_08232,Standard,2023-01-08,1,18.39,Smart TV,4
user_08233,Premium,2024-11-14,1,20.07,Mobile,7
user_08234,Basic,2024-06-03,0,24.79,Smart TV,5
user_08235,Premium,2023-11-03,1,18.5,Laptop,2
user_08236,Standard,2024-09-03,1,40.59,Mobile,2
user_08237,Basic,2024-05-17,0,,Mobile,
user_08238,Premium,2025-03-11,1,11.71,Mobile,7
user_08239,Premium,2024-05-01,1,10.31,Gaming Console,2
user_08240,Standard,2025-07-08,0,15.22,Gaming Console,1
user_08241,Basic,2022-11-17,1,2.77,Gaming Console,4
user_08242,Standard,2023-09-12,0,71.24,Tablet,1
user_08243,Standard,2024-10-12,1,3.32,Laptop,2
user_08244,Standard,2022-08-28,1,,Mobile,2
user_08245,Basic,2025-04-26,1,9.16,Gaming Console,1
user_08246,Standard,2022-08-19,1,10.18,Gaming Console,2
user_08247,Premium,2023-02-22,1,12.74,Tablet,3
user_08248,Standard,2024-12-10,1,4.06,Laptop,4
user_08249,Basic,2024-05-24,1,32.51,Gaming Console,
user_08250,Standard,2025-02-27,1,,Gaming Console,3
user_08251,Standard,2024-07-29,1,19.69,Gaming Console,2
user_08252,Standard,2024-07-30,1,21.24,Tablet,4
user_08253,Standard,2022-09-06,1,16.07,Mobile,4
user_08254,Premium,2024-08-14,1,4.81,Smart TV,
user_08255,Premium+,2024-02-13,1,,Tablet,
user_08256,Standard,2024-02-17,1,18.74,Desktop,
user_08257,Premium,2023-10-17,0,14.15,Smart TV,1
user_08258,Basic,2023-06-11,1,4.51,Gaming Console,2
user_08259,Standard,2024-11-21,1,,Mobile,2
user_08260,Premium,2023-04-07,1,10.31,Laptop,2
user_08261,Standard,2024-02-25,1,27.87,Tablet,6
user_08262,Premium,2022-12-03,1,,Desktop,5
user_08263,Standard,2023-04-04,1,13.56,Laptop,6
user_08264,Basic,2022-12-27,0,6.56,Desktop,3
user_08265,Standard,2025-01-26,1,,Gaming Console,
user_08266,Premium+,2022-10-30,0,7.92,Laptop,2
user_08267,Premium,2024-02-14,1,10.36,Mobile,1
user_08268,Standard,2022-08-23,0,16.65,Tablet,1
user_08269,Standard,2022-09-09,1,47.62,Gaming Console,5
user_08270,Premium,2024-07-18,1,5.04,Laptop,6
user_08271,Premium,2024-11-26,1,,Gaming Console,2
user_08272,Premium+,2023-03-24,0,6.3,Gaming Console,1
user_08273,Basic,2025-05-16,1,12.22,Mobile,
user_08274,Standard,2025-03-19,1,12.6,Mobile,4
user_08275,Premium,2024-01-26,1,4.79,Tablet,2
user_08276,Premium,2024-07-21,1,13.44,Tablet,
user_08277,Premium,2024-11-29,1,5.61,Gaming Console,3
user_08278,Premium+,2023-08-13,1,1.72,Laptop,3
user_08279,Premium,2023-06-12,0,19.68,Mobile,3
user_08280,Premium,2022-11-04,1,25.91,Gaming Console,
user_08281,Premium,2025-07-07,1,19.1,Mobile,2
user_08282,Premium,2024-02-20,1,,Mobile,1
user_08283,Standard,2024-08-24,1,5.5,Smart TV,
user_08284,Premium,2024-06-28,0,18.17,Smart TV,4
user_08285,Standard,2024-07-18,1,9.33,Tablet,3
user_08286,Standard,2024-05-21,1,27.99,Desktop,1
user_08287,Standard,2024-10-25,1,12.76,Laptop,2
user_08288,Premium,2024-05-27,1,23.64,Gaming Console,1
user_08289,Premium+,2025-03-23,1,14.23,Smart TV,1
user_08290,Basic,2023-08-15,1,10.49,Tablet,3
user_08291,Standard,2023-08-02,1,29.84,Smart TV,2
user_08292,Standard,2025-05-30,1,22.94,Gaming Console,1
user_08293,Premium,2025-05-12,1,25.57,Smart TV,3
user_08294,Premium+,2024-10-08,1,7.86,Desktop,3
user_08295,Basic,2023-04-14,1,8.43,Mobile,4
user_08296,Premium,2023-06-08,1,4.04,Smart TV,3
user_08297,Standard,2024-01-31,1,20.49,Desktop,
user_08298,Basic,2025-07-19,1,26.83,Laptop,2
user_08299,Premium,2023-11-18,1,20.53,Gaming Console,3
user_08300,Standard,2024-04-26,1,6.6,Desktop,4
user_08301,Premium,2024-03-07,1,,Gaming Console,3
user_08302,Basic,2023-01-19,1,34.43,Tablet,4
user_08303,Premium,2024-08-05,0,24.79,Tablet,1
user_08304,Basic,2023-08-13,1,12.06,Desktop,1
user_08305,Standard,2024-08-26,1,8.23,Gaming Console,2
user_08306,Standard,2023-10-06,1,11.58,Tablet,1
user_08307,Premium+,2024-09-05,1,10.66,Mobile,3
user_08308,Standard,2025-06-28,1,18.57,Desktop,2
user_08309,Standard,2024-03-18,1,14.86,Desktop,4
user_08310,Standard,2023-06-12,1,10.8,Desktop,5
user_08311,Premium,2025-02-25,1,14.1,Smart TV,
user_08312,Basic,2023-08-29,1,12.6,Laptop,4
user_08313,Basic,2024-08-03,1,28.42,Desktop,2
user_08314,Premium,2024-10-10,1,11.45,Laptop,3
user_08315,Premium+,2023-01-06,1,3.52,Desktop,4
user_08316,Premium,2023-10-21,0,4.89,Smart TV,3
user_08317,Premium,2025-06-28,0,43.57,Mobile,3
user_08318,Standard,2022-10-09,1,25.51,Desktop,5
user_08319,Premium+,2023-05-21,1,22.11,Laptop,
user_08320,Premium,2023-04-23,1,5.41,Desktop,
user_08321,Standard,2023-12-19,1,,Desktop,1
user_08322,Premium+,2025-02-13,1,9.69,Gaming Console,
user_08323,Standard,2025-07-27,1,3.0,Gaming Console,1
user_08324,Premium,2024-08-24,1,,Mobile,1
user_08325,Standard,2024-01-18,1,11.43,Gaming Console,3
user_08326,Standard,2025-03-23,1,21.72,Tablet,1
user_08327,Standard,2024-10-31,1,2.65,Smart TV,3
user_08328,Standard,2025-07-28,1,25.11,Smart TV,1
user_08329,Premium,2023-11-10,1,23.0,Desktop,3
user_08330,Standard,2024-12-18,1,29.9,Gaming Console,2
user_08331,Premium,2023-05-01,1,,Tablet,2
user_08332,Premium,2024-10-15,1,24.96,Mobile,3
user_08333,Basic,2024-10-08,0,11.25,Smart TV,
user_08334,Standard,2023-10-29,1,6.0,Tablet,4
user_08335,Premium,2023-10-06,1,16.5,Mobile,1
user_08336,Standard,2023-08-21,0,13.79,Tablet,3
user_08337,Standard,2023-07-18,1,12.22,Smart TV,2
user_08338,Basic,2024-04-15,1,11.39,Smart TV,3
user_08339,Standard,2022-08-30,1,10.06,Gaming Console,4
user_08340,Premium,2025-07-05,1,9.27,Gaming Console,2
user_08341,Premium,2023-10-08,0,14.71,Desktop,5
user_08342,Premium,2025-04-03,1,21.18,Gaming Console,5
user_08343,Premium,2025-07-20,1,24.99,Laptop,
user_08344,Premium,2024-12-05,1,4.65,Smart TV,2
user_08345,Standard,2023-07-05,1,7.07,Laptop,1
user_08346,Standard,2025-07-20,1,11.53,Gaming Console,
user_08347,Premium,2023-01-24,1,47.2,Laptop,2
user_08348,Standard,2025-02-19,1,11.57,Laptop,1
user_08349,Standard,2023-07-05,1,15.53,Laptop,
user_08350,Standard,2024-07-07,1,27.43,Desktop,2
user_08351,Premium+,2025-05-21,1,5.31,Desktop,2
user_08352,Standard,2023-07-22,1,15.28,Smart TV,
user_08353,Premium+,2023-08-07,1,47.24,Desktop,4
user_08354,Premium,2023-11-24,1,,Desktop,5
user_08355,Standard,2024-05-03,1,6.85,Tablet,4
user_08356,Basic,2025-06-26,1,1.26,Tablet,1
user_08357,Premium,2023-09-09,1,13.67,Smart TV,2
user_08358,Standard,2022-11-02,1,6.52,Desktop,7
user_08359,Premium,2025-01-26,1,39.26,Smart TV,4
user_08360,Premium,2024-10-03,1,30.42,Laptop,2
user_08361,Standard,2023-11-23,1,308.99,Tablet,4
user_08362,Standard,2022-11-26,0,8.12,Tablet,2
user_08363,Standard,2024-03-27,0,21.04,Desktop,3
user_08364,Premium,2025-03-30,1,21.89,Gaming Console,4
user_08365,Basic,2025-02-24,1,37.27,Gaming Console,
user_08366,Premium,2024-08-03,1,18.87,Laptop,3
user_08367,Basic,2023-10-22,0,9.08,Gaming Console,
user_08368,Premium,2022-08-06,1,6.65,Desktop,5
user_08369,Standard,2023-03-14,1,22.1,Tablet,2
user_08370,Premium+,2023-08-25,1,29.03,Laptop,
user_08371,Standard,2022-12-29,1,,Mobile,
user_08372,Premium,2023-11-25,1,17.4,Smart TV,2
user_08373,Premium,2024-01-26,0,11.95,Mobile,4
user_08374,Premium,2023-10-01,0,9.83,Mobile,2
user_08375,Premium,2025-06-23,1,32.1,Laptop,2
user_08376,Premium,2022-08-10,1,11.66,Desktop,4
user_08377,Standard,2024-08-11,1,,Gaming Console,3
user_08378,Premium,2024-07-04,1,2.45,Desktop,2
user_08379,Premium,2023-10-28,1,16.96,Gaming Console,2
user_08380,Basic,2022-10-08,1,5.61,Desktop,
user_08381,Premium+,2025-02-06,0,5.58,Smart TV,5
user_08382,Basic,2023-11-28,1,16.38,Tablet,3
user_08383,Basic,2023-10-27,1,5.0,Desktop,1
user_08384,Standard,2023-11-08,1,4.48,Tablet,3
user_08385,Standard,2025-01-05,1,20.45,Smart TV,5
user_08386,Premium,2024-09-09,1,24.76,Desktop,3
user_08387,Premium,2023-11-17,1,6.14,Gaming Console,6
user_08388,Basic,2025-02-12,0,,Laptop,5
user_08389,Premium,2023-06-10,1,23.97,Mobile,
user_08390,Standard,2025-07-02,1,7.07,Laptop,8
user_08391,Premium,2024-02-14,0,11.4,Tablet,2
user_08392,Premium,2022-08-11,1,321.63,Tablet,2
user_08393,Standard,2024-11-02,1,21.09,Tablet,2
user_08394,Premium,2023-09-28,1,7.92,Tablet,4
user_08395,Standard,2023-03-28,1,12.08,Desktop,1
user_08396,Premium+,2023-05-17,1,3.72,Smart TV,5
user_08397,Premium+,2025-06-02,1,26.34,Desktop,4
user_08398,Premium+,2023-03-02,1,,Gaming Console,6
user_08399,Premium,2023-12-06,0,13.63,Desktop,3
user_08400,Premium,2023-02-04,1,11.66,Desktop,
user_08401,Standard,2023-11-18,1,26.95,Smart TV,2
user_08402,Premium+,2022-10-14,1,,Laptop,3
user_08403,Premium,2024-09-28,1,7.61,Desktop,8
user_08404,Standard,2023-06-03,0,,Laptop,2
user_08405,Standard,2023-09-05,0,33.05,Smart TV,2
user_08406,Basic,2025-03-15,1,27.57,Tablet,2
user_08407,Premium+,2024-08-28,1,7.24,Gaming Console,
user_08408,Basic,2024-02-04,1,9.89,Desktop,2
user_08409,Standard,2024-09-20,1,18.83,Laptop,1
user_08410,Standard,2025-06-09,0,7.37,Laptop,
user_08411,Basic,2024-11-22,0,9.85,Smart TV,4
user_08412,Standard,2025-01-05,1,50.3,Gaming Console,1
user_08413,Premium+,2025-02-08,0,28.72,Desktop,2
user_08414,Premium,2024-07-11,1,19.95,Desktop,1
user_08415,Premium,2024-05-24,1,8.9,Laptop,5
user_08416,Standard,2024-11-26,1,8.15,Gaming Console,2
user_08417,Standard,2025-04-07,1,23.2,Tablet,1
user_08418,Standard,2023-04-17,1,20.54,Laptop,
user_08419,Standard,2023-11-25,1,3.05,Gaming Console,
user_08420,Standard,2025-02-18,1,27.67,Tablet,2
user_08421,Standard,2025-07-29,1,5.53,Smart TV,
user_08422,Standard,2022-08-26,1,3.82,Smart TV,3
user_08423,Standard,2024-10-29,1,7.1,Mobile,
user_08424,Standard,2023-09-24,1,30.61,Smart TV,1
user_08425,Premium,2023-08-29,1,20.05,Smart TV,4
user_08426,Premium,2024-12-01,1,21.28,Laptop,1
user_08427,Premium,2023-05-28,1,4.19,Laptop,7
user_08428,Basic,2023-12-09,1,19.7,Gaming Console,
user_08429,Premium+,2023-04-29,0,10.93,Tablet,2
user_08430,Basic,2025-02-05,1,4.94,Laptop,
user_08431,Premium,2023-08-04,1,3.31,Laptop,2
user_08432,Basic,2024-07-14,1,12.52,Laptop,3
user_08433,Premium,2023-10-20,0,13.52,Smart TV,
user_08434,Standard,2023-12-24,1,2.26,Tablet,3
user_08435,Premium+,2024-03-10,1,6.27,Smart TV,1
user_08436,Standard,2024-11-10,1,13.02,Desktop,2
user_08437,Premium,2024-10-06,1,14.18,Smart TV,3
user_08438,Premium+,2023-03-03,1,9.06,Tablet,4
user_08439,Premium+,2024-03-24,1,23.86,Tablet,5
user_08440,Standard,2023-05-19,1,,Gaming Console,1
user_08441,Premium,2022-09-12,1,13.94,Laptop,4
user_08442,Basic,2025-06-14,1,9.32,Mobile,
user_08443,Premium,2024-09-05,1,30.15,Smart TV,2
user_08444,Standard,2023-05-06,1,14.21,Smart TV,1
user_08445,Premium,2023-09-07,1,5.06,Smart TV,4
user_08446,Premium,2023-01-22,0,20.58,Smart TV,4
user_08447,Premium,2022-11-20,0,3.2,Smart TV,1
user_08448,Premium,2024-05-01,1,8.98,Gaming Console,1
user_08449,Standard,2022-11-13,1,33.98,Desktop,3
user_08450,Standard,2024-08-09,0,12.09,Laptop,3
user_08451,Basic,2024-10-01,1,25.09,Desktop,7
user_08452,Premium+,2025-01-13,1,17.89,Desktop,
user_08453,Standard,2025-03-27,1,13.15,Desktop,4
user_08454,Standard,2025-02-08,1,11.88,Desktop,
user_08455,Standard,2025-04-25,1,37.23,Mobile,1
user_08456,Standard,2024-01-14,1,10.82,Laptop,2
user_08457,Premium,2023-07-14,1,8.35,Tablet,4
user_08458,Premium,2025-05-17,1,6.84,Mobile,2
user_08459,Standard,2024-03-08,1,8.82,Desktop,4
user_08460,Premium,2024-03-24,1,4.99,Smart TV,1
user_08461,Standard,2022-10-07,1,7.33,Smart TV,5
user_08462,Standard,2023-03-17,1,3.08,Desktop,3
user_08463,Premium,2024-05-24,1,8.56,Mobile,2
user_08464,Premium+,2025-05-07,1,17.61,Smart TV,8
user_08465,Basic,2023-03-02,1,15.52,Smart TV,3
user_08466,Premium,2024-07-23,1,24.08,Smart TV,5
user_08467,Premium+,2023-07-16,0,10.58,Tablet,6
user_08468,Premium,2023-08-28,1,6.22,Laptop,2
user_08469,Standard,2022-11-29,1,6.29,Tablet,
user_08470,Premium,2024-03-16,1,4.79,Laptop,2
user_08471,Standard,2023-08-17,1,10.8,Mobile,
user_08472,Premium,2024-09-22,1,,Desktop,3
user_08473,Standard,2023-07-28,1,6.7,Mobile,2
user_08474,Premium+,2023-11-26,1,19.83,Desktop,4
user_08475,Standard,2024-10-30,1,20.85,Laptop,5
user_08476,Basic,2023-09-14,1,10.33,Gaming Console,5
user_08477,Premium,2024-04-11,1,32.49,Smart TV,1
user_08478,Premium,2022-12-15,1,14.9,Laptop,4
user_08479,Standard,2023-02-22,1,4.49,Desktop,2
user_08480,Premium,2024-02-03,1,9.29,Tablet,2
user_08481,Premium,2025-01-31,1,,Gaming Console,3
user_08482,Standard,2024-11-16,1,,Laptop,1
user_08483,Premium,2025-07-14,0,39.33,Gaming Console,2
user_08484,Basic,2022-10-09,0,27.4,Mobile,2
user_08485,Premium,2025-02-02,1,21.28,Smart TV,
user_08486,Basic,2025-01-10,1,29.09,Desktop,4
user_08487,Standard,2022-10-31,1,21.63,Smart TV,2
user_08488,Premium+,2022-10-18,1,23.34,Tablet,
user_08489,Premium,2024-04-13,1,8.13,Mobile,2
user_08490,Premium,2023-03-07,1,11.99,Laptop,3
user_08491,Premium,2025-06-07,1,21.92,Laptop,
user_08492,Premium,2024-03-13,1,4.74,Mobile,2
user_08493,Standard,2023-11-17,1,,Desktop,4
user_08494,Standard,2023-08-24,1,13.81,Tablet,2
user_08495,Standard,2024-08-18,1,12.77,Mobile,1
user_08496,Basic,2025-04-23,1,26.24,Laptop,6
user_08497,Premium+,2025-05-20,1,14.83,Laptop,3
user_08498,Premium+,2024-04-18,0,28.77,Mobile,5
user_08499,Premium,2024-05-05,1,8.89,Smart TV,1
user_08500,Standard,2024-06-05,1,26.87,Tablet,2
user_08501,Premium,2023-05-10,1,,Smart TV,1
user_08502,Standard,2023-12-22,1,8.9,Mobile,5
user_08503,Premium,2024-11-12,0,21.82,Tablet,
user_08504,Standard,2025-03-19,0,8.54,Laptop,
user_08505,Premium,2024-09-03,1,4.95,Laptop,
user_08506,Basic,2022-09-21,1,16.41,Gaming Console,4
user_08507,Premium+,2022-09-13,1,23.5,Smart TV,1
user_08508,Standard,2025-04-20,1,16.74,Mobile,6
user_08509,Premium+,2023-07-11,1,10.29,Gaming Console,3
user_08510,Premium,2024-04-19,1,13.88,Desktop,1
user_08511,Standard,2024-05-10,1,11.39,Desktop,1
user_08512,Premium,2023-12-06,1,2.22,Gaming Console,2
user_08513,Premium+,2022-11-14,1,10.12,Laptop,
user_08514,Standard,2022-08-13,1,9.75,Smart TV,5
user_08515,Basic,2024-03-27,1,11.19,Mobile,
user_08516,Basic,2024-08-06,1,,Laptop,2
user_08517,Standard,2022-10-23,1,22.69,Gaming Console,2
user_08518,Premium+,2023-07-08,1,6.15,Mobile,6
user_08519,Premium,2022-08-09,1,2.25,Gaming Console,2
user_08520,Basic,2024-12-07,1,13.47,Desktop,2
user_08521,Standard,2023-05-14,0,9.77,Gaming Console,1
user_08522,Basic,2025-05-14,1,4.74,Smart TV,2
user_08523,Standard,2025-06-25,1,5.63,Mobile,
user_08524,Standard,2023-07-05,1,12.7,Gaming Console,3
user_08525,Standard,2023-06-30,1,13.67,Tablet,4
user_08526,Standard,2023-06-07,1,13.31,Smart TV,4
user_08527,Standard,2023-01-25,1,25.05,Laptop,3
user_08528,Premium,2025-05-16,0,18.5,Desktop,
user_08529,Premium,2024-07-31,1,13.86,Gaming Console,3
user_08530,Standard,2022-09-23,1,4.94,Desktop,1
user_08531,Standard,2023-11-29,1,18.5,Desktop,4
user_08532,Premium,2023-04-29,1,29.42,Mobile,5
user_08533,Premium,2024-07-18,1,6.98,Mobile,1
user_08534,Standard,2024-04-28,1,8.88,Mobile,4
user_08535,Standard,2022-09-20,1,3.82,Laptop,1
user_08536,Premium,2022-08-29,1,4.77,Laptop,4
user_08537,Basic,2024-10-07,1,5.23,Gaming Console,
user_08538,Premium,2025-05-22,1,24.56,Mobile,2
user_08539,Standard,2023-04-10,1,37.32,Tablet,2
user_08540,Premium,2025-07-23,0,14.58,Gaming Console,6
user_08541,Premium,2025-02-19,0,11.96,Tablet,3
user_08542,Standard,2023-04-29,1,34.98,Laptop,1
user_08543,Premium,2023-02-04,0,9.52,Tablet,2
user_08544,Standard,2024-03-24,1,13.38,Desktop,4
user_08545,Premium,2025-06-04,1,6.54,Desktop,4
user_08546,Standard,2022-12-27,0,27.84,Mobile,1
user_08547,Basic,2023-06-20,0,32.47,Gaming Console,1
user_08548,Premium,2022-11-01,1,13.53,Tablet,6
user_08549,Premium+,2023-08-07,0,18.11,Gaming Console,1
user_08550,Basic,2023-01-25,0,,Gaming Console,7
user_08551,Premium,2023-06-19,1,39.78,Laptop,2
user_08552,Premium+,2023-05-23,1,,Laptop,
user_08553,Standard,2023-12-09,0,30.88,Mobile,3
user_08554,Premium,2024-11-28,1,,Tablet,
user_08555,Standard,2025-03-02,1,18.28,Mobile,5
user_08556,Basic,2024-03-31,1,13.42,Laptop,1
user_08557,Premium,2023-04-14,1,49.56,Laptop,
user_08558,Standard,2025-04-15,1,41.2,Laptop,3
user_08559,Premium,2025-05-10,1,20.99,Tablet,2
user_08560,Premium+,2025-08-01,1,17.18,Tablet,4
user_08561,Standard,2025-07-30,1,14.07,Tablet,
user_08562,Premium,2025-05-14,1,5.22,Desktop,4
user_08563,Standard,2023-02-24,1,7.6,Mobile,1
user_08564,Premium+,2025-04-03,1,6.96,Mobile,
user_08565,Standard,2023-04-03,0,15.68,Tablet,5
user_08566,Standard,2024-10-29,1,11.26,Smart TV,5
user_08567,Basic,2023-12-12,1,9.42,Desktop,7
user_08568,Standard,2024-03-22,1,15.4,Smart TV,1
user_08569,Basic,2025-07-08,1,0.86,Gaming Console,4
user_08570,Premium,2023-11-20,1,,Desktop,
user_08571,Premium,2024-09-15,1,26.3,Mobile,2
user_08572,Standard,2023-08-10,1,4.64,Desktop,1
user_08573,Premium+,2022-09-24,1,33.73,Gaming Console,2
user_08574,Premium+,2024-06-24,1,31.7,Laptop,3
user_08575,Standard,2024-10-03,1,7.3,Smart TV,3
user_08576,Standard,2025-06-18,1,,Mobile,3
user_08577,Basic,2022-08-02,0,10.0,Gaming Console,2
user_08578,Premium,2023-07-10,1,7.55,Laptop,2
user_08579,Premium,2025-06-26,1,6.49,Tablet,3
user_08580,Standard,2022-08-12,1,,Tablet,4
user_08581,Standard,2025-07-21,0,43.73,Tablet,2
user_08582,Premium+,2024-11-03,0,5.99,Mobile,2
user_08583,Premium,2023-10-20,1,11.07,Laptop,3
user_08584,Premium,2022-08-02,0,1.12,Desktop,
user_08585,Premium,2025-07-08,1,4.1,Tablet,3
user_08586,Premium+,2023-09-06,0,1.01,Laptop,2
user_08587,Standard,2024-02-29,1,18.91,Desktop,
user_08588,Premium,2024-01-09,1,17.6,Mobile,5
user_08589,Basic,2024-02-26,1,9.16,Laptop,1
user_08590,Standard,2023-02-15,1,37.27,Smart TV,2
user_08591,Premium,2024-01-23,1,19.99,Tablet,4
user_08592,Premium,2024-04-24,1,12.72,Smart TV,1
user_08593,Premium+,2025-06-29,1,29.07,Desktop,1
user_08594,Premium,2024-08-16,1,58.07,Tablet,
user_08595,Premium,2024-02-18,1,19.12,Desktop,4
user_08596,Premium,2023-04-06,1,26.34,Mobile,1
user_08597,Premium,2025-02-03,1,11.56,Gaming Console,4
user_08598,Basic,2023-08-26,0,8.17,Mobile,2
user_08599,Basic,2022-11-04,1,40.99,Mobile,1
user_08600,Premium,2022-08-16,1,16.58,Tablet,1
user_08601,Standard,2025-03-28,1,,Gaming Console,1
user_08602,Premium,2023-06-25,1,5.34,Desktop,4
user_08603,Basic,2024-04-28,1,,Laptop,2
user_08604,Premium,2024-10-14,1,19.54,Laptop,
user_08605,Premium,2024-09-21,0,,Desktop,3
user_08606,Premium+,2024-02-12,0,10.03,Laptop,1
user_08607,Premium+,2024-10-10,1,3.02,Smart TV,4
user_08608,Standard,2025-06-10,1,29.36,Mobile,1
user_08609,Standard,2025-06-07,1,17.67,Laptop,4
user_08610,Standard,2022-09-16,1,10.47,Laptop,1
user_08611,Standard,2025-03-18,1,42.41,Gaming Console,4
user_08612,Premium,2024-01-06,1,10.54,Desktop,4
user_08613,Standard,2024-01-14,1,3.28,Laptop,
user_08614,Premium,2024-06-03,1,7.11,Tablet,4
user_08615,Standard,2024-05-19,1,3.1,Tablet,1
user_08616,Standard,2025-01-19,1,62.58,Laptop,1
user_08617,Basic,2024-09-21,1,6.68,Tablet,1
user_08618,Premium,2023-07-30,1,14.51,Tablet,1
user_08619,Premium,2022-11-07,1,3.14,Tablet,6
user_08620,Premium,2024-09-16,1,16.73,Desktop,5
user_08621,Premium,2023-02-03,1,5.59,Laptop,2
user_08622,Basic,2023-10-25,1,3.66,Laptop,
user_08623,Standard,2024-01-13,1,15.83,Tablet,3
user_08624,Premium+,2025-05-09,1,16.6,Gaming Console,
user_08625,Premium,2023-04-01,1,11.13,Desktop,4
user_08626,Basic,2023-05-06,1,4.07,Mobile,2
user_08627,Basic,2024-09-02,0,9.98,Gaming Console,2
user_08628,Basic,2023-11-24,1,14.75,Gaming Console,1
user_08629,Basic,2024-06-25,1,3.88,Tablet,
user_08630,Premium,2025-05-16,1,8.2,Desktop,3
user_08631,Premium,2022-08-03,1,15.89,Gaming Console,4
user_08632,Basic,2024-05-25,1,22.72,Tablet,1
user_08633,Standard,2024-03-17,1,4.22,Desktop,2
user_08634,Standard,2024-05-09,1,13.75,Desktop,1
user_08635,Basic,2025-06-14,1,15.91,Smart TV,3
user_08636,Premium,2023-09-01,1,10.94,Mobile,
user_08637,Basic,2023-03-16,1,47.33,Laptop,2
user_08638,Premium+,2024-03-18,1,7.52,Laptop,
user_08639,Standard,2024-01-22,1,20.36,Mobile,1
user_08640,Standard,2023-01-08,1,,Desktop,3
user_08641,Standard,2023-06-12,1,24.74,Gaming Console,4
user_08642,Premium,2024-03-08,1,15.04,Mobile,2
user_08643,Basic,2023-06-15,0,10.7,Smart TV,1
user_08644,Basic,2024-07-20,0,10.62,Desktop,2
user_08645,Premium,2023-02-22,1,5.91,Mobile,1
user_08646,Premium,2023-09-13,0,28.5,Desktop,2
user_08647,Standard,2024-02-01,1,31.44,Laptop,6
user_08648,Standard,2023-09-05,1,7.97,Desktop,
user_08649,Standard,2025-07-22,1,71.02,Gaming Console,
user_08650,Standard,2023-05-27,1,18.36,Mobile,1
user_08651,Premium,2023-12-28,0,13.74,Gaming Console,2
user_08652,Standard,2025-03-26,1,4.73,Smart TV,2
user_08653,Premium,2022-10-19,1,28.03,Laptop,2
user_08654,Standard,2023-10-03,1,,Tablet,2
user_08655,Premium,2024-04-07,1,18.27,Desktop,1
user_08656,Standard,2023-01-04,1,19.88,Mobile,1
user_08657,Standard,2023-01-14,1,11.29,Tablet,3
user_08658,Premium,2025-02-14,0,7.54,Tablet,4
user_08659,Standard,2024-04-16,1,,Tablet,3
user_08660,Standard,2024-06-24,1,30.36,Smart TV,4
user_08661,Premium,2024-10-10,1,23.9,Gaming Console,1
user_08662,Standard,2024-02-04,1,25.93,Mobile,4
user_08663,Premium,2023-01-21,1,,Tablet,3
user_08664,Standard,2024-01-17,1,,Smart TV,2
user_08665,Premium,2022-12-25,1,27.63,Desktop,2
user_08666,Standard,2023-04-05,1,20.49,Tablet,1
user_08667,Premium+,2023-05-17,1,,Mobile,4
user_08668,Premium,2023-11-21,0,23.87,Laptop,1
user_08669,Premium,2022-09-23,1,6.66,Mobile,5
user_08670,Basic,2025-06-01,0,4.4,Desktop,5
user_08671,Standard,2024-06-20,1,,Laptop,5
user_08672,Standard,2023-11-17,1,7.67,Gaming Console,3
user_08673,Premium,2023-05-06,1,,Laptop,
user_08674,Basic,2023-03-03,1,34.06,Tablet,1
user_08675,Standard,2024-05-23,1,27.55,Smart TV,1
user_08676,Standard,2023-10-28,1,27.29,Smart TV,2
user_08677,Premium+,2024-09-22,1,29.28,Mobile,1
user_08678,Standard,2025-04-05,1,,Desktop,2
user_08679,Premium+,2024-03-01,1,9.45,Smart TV,6
user_08680,Basic,2023-08-13,1,37.38,Tablet,2
user_08681,Premium,2024-05-11,1,11.62,Desktop,1
user_08682,Standard,2022-11-23,1,2.81,Gaming Console,2
user_08683,Premium,2022-10-24,1,6.13,Laptop,2
user_08684,Premium,2023-09-18,1,12.94,Gaming Console,3
user_08685,Premium,2022-12-10,1,27.34,Smart TV,3
user_08686,Premium,2025-03-05,1,8.29,Mobile,1
user_08687,Premium+,2024-12-20,1,7.45,Gaming Console,2
user_08688,Basic,2023-07-09,1,4.74,Gaming Console,
user_08689,Basic,2023-06-05,1,,Desktop,
user_08690,Premium+,2022-09-13,1,22.56,Smart TV,3
user_08691,Basic,2024-07-01,1,11.86,Mobile,1
user_08692,Basic,2023-02-11,1,2.67,Laptop,3
user_08693,Basic,2024-12-27,1,21.47,Desktop,3
user_08694,Premium,2025-04-23,1,15.95,Gaming Console,
user_08695,Premium+,2024-07-28,1,28.22,Desktop,4
user_08696,Standard,2023-08-24,1,14.8,Mobile,2
user_08697,Premium,2023-03-16,1,13.93,Mobile,2
user_08698,Basic,2025-06-12,0,27.04,Laptop,4
user_08699,Standard,2023-01-17,1,9.36,Smart TV,2
user_08700,Premium,2023-04-12,0,22.67,Tablet,1
user_08701,Standard,2024-03-14,1,17.28,Gaming Console,5
user_08702,Premium,2025-05-16,1,14.51,Smart TV,4
user_08703,Standard,2025-06-16,1,19.22,Smart TV,3
user_08704,Basic,2023-01-12,1,8.28,Gaming Console,6
user_08705,Basic,2022-10-24,1,5.51,Tablet,2
user_08706,Premium,2023-11-10,0,14.92,Laptop,7
user_08707,Standard,2025-07-07,1,,Gaming Console,1
user_08708,Standard,2024-05-05,1,7.45,Desktop,4
user_08709,Basic,2023-03-02,1,10.41,Laptop,5
user_08710,Standard,2023-10-29,1,17.72,Desktop,2
user_08711,Premium,2025-06-17,1,15.1,Laptop,2
user_08712,Basic,2023-03-20,1,17.44,Desktop,2
user_08713,Standard,2025-03-16,1,14.33,Laptop,3
user_08714,Standard,2024-01-24,0,,Desktop,3
user_08715,Premium,2023-03-09,0,2.57,Mobile,4
user_08716,Premium,2023-08-24,1,4.63,Desktop,
user_08717,Premium,2024-12-08,1,25.27,Mobile,1
user_08718,Premium,2024-11-07,1,9.39,Gaming Console,
user_08719,Basic,2025-04-16,1,17.34,Tablet,3
user_08720,Basic,2023-04-12,1,8.76,Mobile,2
user_08721,Premium,2024-07-09,1,,Tablet,
user_08722,Premium,2023-10-03,1,27.48,Smart TV,
user_08723,Premium,2022-10-24,1,13.56,Desktop,4
user_08724,Premium,2022-10-27,1,10.06,Smart TV,
user_08725,Basic,2023-07-19,1,10.36,Smart TV,4
user_08726,Basic,2024-12-09,1,12.14,Laptop,3
user_08727,Standard,2024-09-11,1,33.92,Smart TV,3
user_08728,Basic,2024-06-24,1,6.24,Gaming Console,1
user_08729,Basic,2022-11-12,1,3.05,Tablet,2
user_08730,Standard,2025-02-20,1,20.39,Desktop,3
user_08731,Premium+,2024-07-15,0,,Desktop,1
user_08732,Premium,2023-08-03,1,,Desktop,4
user_08733,Standard,2024-07-28,1,8.89,Tablet,
user_08734,Basic,2023-12-06,0,28.38,Gaming Console,
user_08735,Premium+,2024-08-02,1,16.25,Smart TV,1
user_08736,Premium+,2024-11-10,1,7.89,Smart TV,2
user_08737,Basic,2023-01-14,1,21.87,Mobile,4
user_08738,Standard,2024-01-01,1,1.44,Mobile,
user_08739,Premium,2023-06-07,1,19.99,Laptop,3
user_08740,Standard,2024-03-27,1,4.69,Mobile,
user_08741,Premium,2025-04-28,1,25.46,Desktop,2
user_08742,Premium,2024-09-13,1,25.7,Mobile,1
user_08743,Premium,2025-02-26,1,9.87,Gaming Console,4
user_08744,Standard,2025-06-05,1,25.0,Smart TV,3
user_08745,Standard,2024-10-05,1,19.39,Mobile,1
user_08746,Standard,2024-05-21,1,16.33,Smart TV,2
user_08747,Standard,2022-12-03,1,18.26,Gaming Console,1
user_08748,Premium+,2023-02-02,0,6.45,Smart TV,4
user_08749,Premium,2025-04-26,1,22.17,Tablet,4
user_08750,Basic,2022-11-11,1,15.19,Smart TV,2
user_08751,Premium,2025-04-05,1,13.22,Gaming Console,6
user_08752,Standard,2022-08-08,1,1.84,Smart TV,3
user_08753,Premium+,2025-07-06,1,4.71,Gaming Console,1
user_08754,Standard,2024-07-22,1,18.41,Tablet,3
user_08755,Premium,2024-04-17,1,15.94,Tablet,1
user_08756,Standard,2023-09-26,1,13.77,Mobile,1
user_08757,Standard,2023-02-04,1,7.22,Desktop,
user_08758,Basic,2022-10-18,1,13.13,Desktop,3
user_08759,Premium+,2024-07-20,0,30.04,Smart TV,
user_08760,Premium+,2023-07-22,1,31.32,Gaming Console,2
user_08761,Standard,2022-08-07,1,8.04,Desktop,
user_08762,Premium,2023-01-18,1,33.61,Laptop,4
user_08763,Standard,2023-12-03,1,41.52,Gaming Console,1
user_08764,Standard,2023-01-19,1,12.98,Laptop,2
user_08765,Standard,2024-12-28,1,4.61,Desktop,5
user_08766,Premium,2022-08-06,1,15.27,Gaming Console,1
user_08767,Standard,2025-06-01,0,,Gaming Console,4
user_08768,Premium,2025-06-12,1,4.97,Laptop,3
user_08769,Premium+,2023-04-08,1,7.5,Tablet,1
user_08770,Standard,2022-11-17,1,34.64,Laptop,2
user_08771,Basic,2024-10-12,1,2.6,Mobile,6
user_08772,Premium+,2023-12-31,1,11.07,Desktop,4
user_08773,Premium+,2024-06-30,1,25.17,Desktop,3
user_08774,Basic,2024-10-22,1,2.32,Desktop,6
user_08775,Standard,2024-10-13,0,,Laptop,
user_08776,Standard,2025-06-17,1,1.62,Tablet,3
user_08777,Basic,2024-04-30,1,37.89,Tablet,5
user_08778,Standard,2024-09-18,1,24.6,Tablet,
user_08779,Standard,2024-06-04,1,4.7,Gaming Console,2
user_08780,Premium+,2024-11-04,1,9.77,Smart TV,3
user_08781,Standard,2023-07-19,1,7.52,Smart TV,2
user_08782,Basic,2024-12-14,1,49.67,Mobile,2
user_08783,Premium,2022-10-18,1,16.72,Laptop,
user_08784,Premium,2024-05-21,1,,Desktop,2
user_08785,Basic,2022-09-03,1,12.72,Laptop,
user_08786,Standard,2023-10-01,1,14.6,Mobile,2
user_08787,Premium,2024-08-21,1,19.76,Smart TV,6
user_08788,Standard,2022-09-07,1,19.43,Gaming Console,1
user_08789,Standard,2022-11-20,0,14.69,Smart TV,1
user_08790,Basic,2022-10-22,0,25.3,Laptop,3
user_08791,Standard,2022-08-06,1,19.38,Gaming Console,1
user_08792,Standard,2023-11-04,1,28.57,Mobile,4
user_08793,Standard,2023-06-26,1,11.57,Laptop,2
user_08794,Premium,2023-01-15,1,,Smart TV,3
user_08795,Premium,2022-08-07,1,484.66,Laptop,7
user_08796,Premium,2023-03-21,1,2.39,Mobile,1
user_08797,Basic,2025-02-26,1,3.44,Gaming Console,2
user_08798,Standard,2023-02-10,1,14.38,Laptop,2
user_08799,Premium,2025-03-21,1,13.03,Gaming Console,3
user_08800,Premium,2025-02-22,1,5.39,Laptop,6
user_08801,Standard,2023-12-28,0,206.3,Gaming Console,6
user_08802,Standard,2022-08-09,1,24.83,Desktop,2
user_08803,Premium,2023-08-09,1,66.08,Laptop,
user_08804,Premium,2024-03-24,1,7.42,Desktop,1
user_08805,Premium,2024-12-20,1,9.82,Gaming Console,
user_08806,Standard,2023-03-09,1,15.81,Desktop,2
user_08807,Standard,2022-12-12,1,26.57,Laptop,6
user_08808,Standard,2025-07-23,0,2.57,Smart TV,2
user_08809,Standard,2024-12-23,1,16.68,Tablet,2
user_08810,Basic,2024-06-19,1,8.39,Mobile,1
user_08811,Premium,2025-05-11,1,3.14,Desktop,1
user_08812,Standard,2023-07-19,1,4.13,Laptop,
user_08813,Standard,2025-06-25,1,28.27,Tablet,
user_08814,Premium,2025-01-14,1,6.44,Tablet,
user_08815,Premium,2023-03-14,1,10.97,Smart TV,2
user_08816,Premium,2023-12-29,0,18.74,Mobile,
user_08817,Premium,2025-04-02,0,1.15,Smart TV,2
user_08818,Basic,2023-10-19,1,3.85,Desktop,
user_08819,Basic,2024-11-19,1,27.39,Tablet,3
user_08820,Premium,2024-05-11,1,6.65,Smart TV,
user_08821,Standard,2023-02-14,1,4.43,Tablet,
user_08822,Basic,2024-11-07,1,4.61,Tablet,3
user_08823,Basic,2025-01-07,1,,Laptop,4
user_08824,Standard,2023-01-28,1,,Laptop,4
user_08825,Basic,2022-10-17,1,8.06,Smart TV,3
user_08826,Premium,2022-10-03,1,14.15,Smart TV,4
user_08827,Premium+,2024-01-09,1,19.69,Mobile,3
user_08828,Standard,2023-12-22,1,1.31,Smart TV,5
user_08829,Premium+,2024-08-16,1,14.65,Mobile,
user_08830,Standard,2025-03-09,1,6.88,Desktop,2
user_08831,Standard,2025-01-22,1,20.99,Smart TV,
user_08832,Standard,2023-02-28,1,7.82,Desktop,4
user_08833,Standard,2023-10-28,1,5.43,Laptop,5
user_08834,Standard,2024-09-09,0,40.14,Desktop,5
user_08835,Standard,2022-10-07,1,17.76,Desktop,4
user_08836,Standard,2024-05-26,1,20.09,Tablet,2
user_08837,Premium,2024-06-16,1,,Desktop,6
user_08838,Premium,2024-01-03,1,13.67,Desktop,1
user_08839,Basic,2022-12-18,1,,Gaming Console,
user_08840,Standard,2024-10-30,1,8.81,Mobile,3
user_08841,Premium,2023-08-21,1,24.99,Desktop,5
user_08842,Basic,2024-09-06,0,15.4,Desktop,2
user_08843,Standard,2024-07-19,1,20.65,Laptop,
user_08844,Standard,2025-07-08,1,35.87,Gaming Console,2
user_08845,Premium+,2022-10-16,1,5.27,Laptop,2
user_08846,Basic,2023-09-15,1,7.26,Gaming Console,3
user_08847,Premium,2022-09-19,1,15.09,Laptop,3
user_08848,Premium,2025-06-01,0,,Laptop,3
user_08849,Standard,2023-05-04,1,4.48,Laptop,6
user_08850,Standard,2025-07-07,1,32.04,Mobile,
user_08851,Basic,2025-01-19,1,2.72,Smart TV,3
user_08852,Premium+,2024-08-27,1,7.34,Gaming Console,
user_08853,Premium,2023-06-14,1,24.62,Gaming Console,1
user_08854,Premium,2022-12-08,1,28.53,Gaming Console,
user_08855,Basic,2022-11-12,0,27.28,Tablet,2
user_08856,Premium,2024-07-10,1,8.13,Tablet,3
user_08857,Standard,2024-07-09,1,4.78,Gaming Console,2
user_08858,Premium,2022-10-05,1,10.48,Smart TV,
user_08859,Standard,2023-08-13,1,6.49,Tablet,
user_08860,Standard,2023-10-10,1,42.42,Gaming Console,4
user_08861,Standard,2023-11-09,0,,Smart TV,2
user_08862,Premium,2022-08-30,1,7.09,Smart TV,4
user_08863,Basic,2025-06-03,0,15.08,Gaming Console,
user_08864,Premium,2024-11-18,1,22.88,Tablet,2
user_08865,Premium,2023-05-04,1,14.31,Desktop,2
user_08866,Standard,2024-05-21,1,2.01,Laptop,4
user_08867,Basic,2023-10-25,1,8.31,Tablet,
user_08868,Standard,2024-11-28,1,9.76,Smart TV,2
user_08869,Premium,2023-07-15,1,7.44,Smart TV,1
user_08870,Basic,2025-03-14,1,3.84,Gaming Console,4
user_08871,Standard,2023-03-22,1,9.17,Laptop,3
user_08872,Premium+,2023-07-26,0,56.0,Tablet,1
user_08873,Premium,2024-10-02,0,5.19,Desktop,4
user_08874,Premium,2025-03-29,1,23.25,Gaming Console,5
user_08875,Premium,2023-05-25,0,33.94,Gaming Console,1
user_08876,Premium,2024-01-04,1,25.4,Gaming Console,1
user_08877,Basic,2023-05-27,1,0.25,Gaming Console,4
user_08878,Standard,2023-08-31,1,19.52,Desktop,5
user_08879,Standard,2025-02-25,1,18.34,Laptop,6
user_08880,Premium,2023-01-31,1,,Laptop,2
user_08881,Premium,2024-02-04,1,28.35,Tablet,1
user_08882,Premium,2023-04-14,1,,Desktop,4
user_08883,Standard,2023-04-11,1,18.09,Gaming Console,2
user_08884,Premium,2025-05-26,1,11.17,Smart TV,2
user_08885,Premium,2023-07-16,1,6.5,Smart TV,1
user_08886,Premium+,2023-04-24,1,26.69,Smart TV,5
user_08887,Premium,2024-06-29,1,,Laptop,
user_08888,Premium,2023-12-14,1,8.49,Mobile,
user_08889,Standard,2023-12-13,1,24.73,Smart TV,3
user_08890,Premium,2023-08-12,0,11.98,Gaming Console,3
user_08891,Standard,2023-10-23,1,8.25,Desktop,5
user_08892,Premium,2024-01-31,1,20.26,Gaming Console,2
user_08893,Standard,2023-08-06,0,22.95,Smart TV,4
user_08894,Standard,2023-09-28,1,22.3,Smart TV,1
user_08895,Premium,2025-06-26,1,14.15,Laptop,8
user_08896,Premium,2023-09-06,1,29.13,Tablet,3
user_08897,Premium,2023-09-30,1,8.01,Laptop,5
user_08898,Standard,2022-09-10,0,0.67,Desktop,
user_08899,Premium,2022-11-01,1,8.24,Desktop,3
user_08900,Standard,2024-05-13,1,12.74,Mobile,5
user_08901,Standard,2022-11-08,1,16.81,Smart TV,2
user_08902,Premium,2023-05-19,1,2.65,Gaming Console,1
user_08903,Standard,2023-05-13,1,27.28,Gaming Console,2
user_08904,Basic,2024-02-05,1,19.52,Desktop,1
user_08905,Premium,2024-07-29,1,6.37,Desktop,2
user_08906,Premium+,2023-09-07,1,31.05,Gaming Console,3
user_08907,Standard,2022-10-04,1,21.71,Laptop,4
user_08908,Premium,2023-11-20,1,13.07,Mobile,2
user_08909,Premium,2022-10-28,1,10.17,Mobile,4
user_08910,Standard,2024-06-02,1,12.85,Mobile,1
user_08911,Premium,2023-03-07,1,7.78,Mobile,6
user_08912,Standard,2024-02-01,1,31.94,Desktop,
user_08913,Premium+,2024-03-16,1,9.68,Smart TV,2
user_08914,Premium,2025-01-10,1,12.94,Desktop,
user_08915,Standard,2024-11-28,0,15.34,Smart TV,3
user_08916,Premium,2025-07-16,0,5.64,Desktop,1
user_08917,Standard,2024-03-06,1,34.98,Mobile,2
user_08918,Premium,2023-09-16,1,22.72,Desktop,
user_08919,Premium,2022-09-19,1,9.9,Tablet,3
user_08920,Premium,2023-11-05,1,5.98,Mobile,1
user_08921,Standard,2022-08-15,1,13.68,Gaming Console,4
user_08922,Premium,2024-02-04,1,11.97,Smart TV,4
user_08923,Basic,2023-05-20,0,22.4,Mobile,1
user_08924,Standard,2023-10-12,1,2.35,Mobile,2
user_08925,Basic,2023-08-21,1,15.23,Gaming Console,5
user_08926,Premium+,2025-02-18,0,19.7,Desktop,
user_08927,Premium,2023-07-19,0,25.29,Tablet,4
user_08928,Standard,2025-07-08,1,,Desktop,
user_08929,Basic,2024-03-19,1,3.6,Desktop,1
user_08930,Basic,2023-07-08,1,19.11,Laptop,2
user_08931,Basic,2025-05-31,1,15.72,Gaming Console,
user_08932,Basic,2022-08-24,1,0.98,Tablet,1
user_08933,Standard,2022-09-28,1,16.73,Laptop,2
user_08934,Premium,2023-03-10,1,24.32,Smart TV,2
user_08935,Basic,2023-08-21,1,17.61,Desktop,2
user_08936,Standard,2025-05-27,1,20.61,Gaming Console,2
user_08937,Basic,2022-08-28,1,383.3,Mobile,2
user_08938,Premium,2025-05-09,1,13.89,Gaming Console,4
user_08939,Standard,2022-09-18,1,48.22,Desktop,6
user_08940,Premium,2025-04-04,1,18.22,Gaming Console,3
user_08941,Premium,2023-07-26,0,7.82,Desktop,2
user_08942,Standard,2023-01-22,1,2.85,Laptop,2
user_08943,Basic,2023-02-18,1,22.12,Smart TV,3
user_08944,Basic,2024-11-18,1,26.93,Laptop,2
user_08945,Standard,2023-06-12,1,17.53,Laptop,
user_08946,Basic,2024-08-05,1,14.16,Gaming Console,6
user_08947,Basic,2023-06-01,1,3.73,Tablet,2
user_08948,Premium,2024-10-06,1,10.83,Desktop,
user_08949,Premium+,2023-06-14,1,,Mobile,
user_08950,Standard,2022-11-03,1,19.79,Laptop,1
user_08951,Basic,2022-09-25,0,1.19,Desktop,4
user_08952,Standard,2024-10-30,1,13.03,Laptop,1
user_08953,Premium,2024-02-19,1,17.92,Tablet,4
user_08954,Standard,2024-01-09,0,11.12,Tablet,2
user_08955,Standard,2025-02-14,1,7.54,Laptop,2
user_08956,Premium,2024-04-14,1,14.27,Laptop,1
user_08957,Premium,2024-06-01,1,19.05,Mobile,
user_08958,Basic,2023-08-16,1,52.53,Smart TV,2
user_08959,Premium+,2023-11-09,1,8.61,Mobile,
user_08960,Premium,2023-09-08,1,6.36,Tablet,5
user_08961,Premium,2025-05-27,1,27.25,Laptop,3
user_08962,Premium,2023-09-05,0,15.22,Desktop,2
user_08963,Premium,2022-10-22,1,11.58,Desktop,3
user_08964,Standard,2023-08-26,1,9.55,Mobile,4
user_08965,Standard,2024-11-12,1,2.57,Smart TV,4
user_08966,Premium,2023-11-07,1,12.35,Mobile,2
user_08967,Standard,2023-05-01,1,1.78,Mobile,1
user_08968,Standard,2023-10-04,1,10.44,Gaming Console,
user_08969,Basic,2023-01-28,1,5.7,Desktop,4
user_08970,Premium+,2023-09-13,1,8.55,Gaming Console,3
user_08971,Standard,2023-10-12,1,,Laptop,2
user_08972,Standard,2023-01-01,0,24.81,Desktop,3
user_08973,Premium+,2023-10-31,1,6.54,Laptop,2
user_08974,Premium,2023-04-29,1,6.4,Gaming Console,1
user_08975,Premium,2023-09-10,0,19.43,Gaming Console,
user_08976,Premium,2022-09-12,1,15.94,Desktop,
user_08977,Standard,2024-05-03,1,19.63,Smart TV,2
user_08978,Premium,2023-08-25,1,35.61,Mobile,3
user_08979,Standard,2024-05-01,1,10.22,Tablet,2
user_08980,Standard,2023-01-21,1,8.08,Smart TV,2
user_08981,Basic,2022-12-28,1,6.26,Mobile,2
user_08982,Premium+,2024-08-28,1,7.32,Tablet,2
user_08983,Basic,2022-12-10,1,16.79,Smart TV,4
user_08984,Basic,2024-01-14,1,20.94,Mobile,6
user_08985,Standard,2024-03-12,1,32.86,Tablet,5
user_08986,Basic,2025-04-22,1,8.3,Gaming Console,5
user_08987,Standard,2025-04-01,1,7.09,Mobile,1
user_08988,Premium+,2022-08-31,1,,Tablet,5
user_08989,Premium,2024-04-20,0,,Laptop,5
user_08990,Basic,2022-12-16,1,6.53,Tablet,8
user_08991,Basic,2024-10-31,1,9.0,Smart TV,2
user_08992,Basic,2023-01-02,1,9.65,Gaming Console,4
user_08993,Standard,2023-12-06,1,5.98,Gaming Console,3
user_08994,Premium,2022-09-17,0,6.84,Tablet,1
user_08995,Premium+,2024-05-31,1,24.1,Mobile,3
user_08996,Premium,2023-04-26,1,7.03,Mobile,4
user_08997,Premium,2024-05-05,1,13.44,Gaming Console,2
user_08998,Standard,2025-01-25,1,21.57,Tablet,2
user_08999,Premium+,2022-12-17,1,4.03,Gaming Console,5
user_09000,Standard,2025-01-08,1,12.18,Laptop,5
user_09001,Standard,2024-07-18,1,27.05,Desktop,1
user_09002,Premium,2023-04-25,1,4.3,Desktop,2
user_09003,Basic,2025-06-25,1,5.25,Tablet,1
user_09004,Basic,2023-09-07,1,19.71,Tablet,7
user_09005,Basic,2024-04-02,1,13.02,Laptop,1
user_09006,Premium+,2024-04-03,1,23.46,Mobile,4
user_09007,Standard,2023-09-05,1,9.18,Desktop,2
user_09008,Basic,2023-07-15,1,15.88,Laptop,2
user_09009,Standard,2025-05-19,1,16.27,Laptop,3
user_09010,Standard,2022-12-08,0,10.85,Mobile,5
user_09011,Standard,2022-09-06,1,9.41,Laptop,1
user_09012,Premium+,2022-11-17,1,6.6,Laptop,2
user_09013,Premium,2023-08-20,1,9.64,Laptop,
user_09014,Premium,2022-10-09,1,15.72,Mobile,5
user_09015,Premium,2023-01-23,1,,Laptop,2
user_09016,Premium,2024-01-24,0,7.04,Desktop,3
user_09017,Premium,2023-08-07,1,3.71,Smart TV,4
user_09018,Premium,2023-04-23,1,5.8,Desktop,3
user_09019,Standard,2025-06-18,1,3.83,Gaming Console,
user_09020,Basic,2022-08-30,1,,Desktop,4
user_09021,Standard,2025-02-02,1,4.34,Smart TV,3
user_09022,Basic,2024-08-28,1,,Laptop,1
user_09023,Basic,2024-06-03,1,22.55,Desktop,2
user_09024,Basic,2022-11-21,1,5.25,Mobile,2
user_09025,Premium,2024-02-06,1,15.28,Laptop,3
user_09026,Basic,2024-08-01,0,12.4,Desktop,1
user_09027,Standard,2022-10-06,1,8.58,Mobile,2
user_09028,Basic,2025-03-19,1,2.48,Tablet,
user_09029,Premium,2022-11-18,1,3.74,Mobile,2
user_09030,Basic,2025-04-12,1,32.55,Tablet,
user_09031,Standard,2024-03-01,1,9.0,Mobile,
user_09032,Basic,2025-06-15,1,21.54,Smart TV,5
user_09033,Premium,2023-05-06,1,9.37,Mobile,2
user_09034,Premium+,2025-05-28,1,12.19,Tablet,2
user_09035,Premium,2024-09-22,0,8.92,Mobile,1
user_09036,Standard,2023-11-13,1,9.66,Mobile,1
user_09037,Standard,2025-07-08,1,14.54,Mobile,2
user_09038,Standard,2023-08-21,1,6.76,Laptop,2
user_09039,Standard,2023-01-12,1,12.72,Laptop,
user_09040,Premium,2022-10-28,1,26.55,Gaming Console,3
user_09041,Premium,2022-08-09,1,24.81,Desktop,3
user_09042,Standard,2022-08-22,0,70.67,Mobile,3
user_09043,Premium,2025-04-12,1,20.1,Smart TV,2
user_09044,Premium+,2023-10-18,1,,Mobile,2
user_09045,Premium+,2023-07-19,1,19.07,Tablet,3
user_09046,Standard,2024-06-12,0,,Desktop,5
user_09047,Standard,2023-05-28,1,1.17,Gaming Console,2
user_09048,Standard,2024-05-06,1,16.64,Smart TV,2
user_09049,Premium,2023-04-29,1,769.44,Mobile,5
user_09050,Standard,2024-02-27,1,,Desktop,3
user_09051,Premium,2022-12-17,0,17.38,Desktop,2
user_09052,Basic,2024-10-07,1,14.47,Smart TV,3
user_09053,Premium,2023-07-30,1,1.93,Smart TV,1
user_09054,Standard,2024-05-12,0,2.02,Gaming Console,
user_09055,Basic,2025-02-28,1,,Tablet,2
user_09056,Premium+,2024-03-06,1,73.54,Smart TV,2
user_09057,Standard,2024-12-29,1,20.81,Tablet,2
user_09058,Standard,2023-04-04,0,4.94,Gaming Console,5
user_09059,Standard,2024-11-03,1,4.68,Laptop,
user_09060,Standard,2024-02-17,1,5.39,Mobile,5
user_09061,Standard,2024-06-15,1,8.81,Mobile,
user_09062,Premium,2023-03-25,1,7.54,Mobile,4
user_09063,Premium,2024-12-04,1,2.34,Gaming Console,2
user_09064,Standard,2024-03-29,1,10.74,Desktop,1
user_09065,Premium,2025-06-05,1,46.23,Desktop,2
user_09066,Standard,2023-06-19,1,19.71,Smart TV,5
user_09067,Premium+,2024-02-15,1,7.56,Desktop,3
user_09068,Basic,2024-04-16,0,17.92,Laptop,4
user_09069,Premium,2025-02-28,1,8.74,Mobile,
user_09070,Basic,2024-01-19,1,10.64,Smart TV,3
user_09071,Basic,2025-01-18,1,14.97,Mobile,2
user_09072,Standard,2024-02-19,1,67.31,Laptop,5
user_09073,Premium,2024-12-15,1,,Gaming Console,3
user_09074,Premium,2023-07-21,1,22.35,Laptop,
user_09075,Premium,2025-01-05,1,412.29,Smart TV,2
user_09076,Standard,2022-08-20,1,11.15,Gaming Console,4
user_09077,Standard,2022-08-12,1,12.08,Desktop,3
user_09078,Standard,2025-05-15,1,11.1,Desktop,
user_09079,Premium,2023-09-03,1,24.73,Laptop,3
user_09080,Standard,2022-12-17,1,4.5,Mobile,2
user_09081,Basic,2024-10-30,1,29.89,Laptop,4
user_09082,Standard,2022-12-10,1,3.75,Tablet,2
user_09083,Standard,2024-12-16,1,,Smart TV,
user_09084,Premium,2025-04-24,1,9.99,Smart TV,5
user_09085,Premium,2023-08-03,1,,Smart TV,2
user_09086,Standard,2024-11-12,1,,Mobile,1
user_09087,Basic,2025-03-24,1,17.35,Gaming Console,1
user_09088,Standard,2024-02-07,1,21.22,Tablet,6
user_09089,Basic,2025-01-26,1,12.65,Tablet,
user_09090,Premium,2023-07-10,1,,Mobile,
user_09091,Premium,2025-05-15,1,4.06,Mobile,3
user_09092,Premium,2023-06-05,0,8.49,Desktop,4
user_09093,Basic,2024-08-28,1,13.59,Mobile,2
user_09094,Premium,2024-12-05,1,16.47,Laptop,7
user_09095,Premium,2025-03-26,1,22.75,Gaming Console,4
user_09096,Standard,2025-02-18,1,32.77,Gaming Console,2
user_09097,Premium,2023-03-04,1,13.9,Gaming Console,
user_09098,Premium,2023-09-12,1,1.26,Mobile,2
user_09099,Standard,2023-07-16,0,17.3,Tablet,5
user_09100,Standard,2023-08-10,1,10.98,Smart TV,2
user_09101,Premium,2024-08-24,1,19.27,Gaming Console,3
user_09102,Standard,2022-12-03,1,540.57,Desktop,3
user_09103,Basic,2022-11-23,1,19.82,Gaming Console,4
user_09104,Premium+,2023-01-29,1,11.4,Desktop,3
user_09105,Premium+,2025-01-24,0,18.73,Mobile,1
user_09106,Premium+,2024-08-26,1,8.18,Laptop,4
user_09107,Basic,2022-08-07,1,26.41,Gaming Console,3
user_09108,Premium,2023-09-13,1,2.1,Mobile,2
user_09109,Basic,2024-08-07,1,10.6,Laptop,3
user_09110,Premium,2023-10-23,1,7.64,Tablet,1
user_09111,Premium,2022-09-18,1,,Smart TV,3
user_09112,Premium,2024-11-28,0,8.68,Smart TV,6
user_09113,Premium,2024-09-16,0,27.77,Tablet,2
user_09114,Basic,2024-02-03,0,58.7,Smart TV,
user_09115,Standard,2024-12-31,0,19.61,Laptop,3
user_09116,Basic,2024-11-03,1,15.44,Mobile,6
user_09117,Premium+,2023-01-25,0,10.47,Mobile,1
user_09118,Premium+,2024-10-01,1,1.74,Gaming Console,5
user_09119,Standard,2022-11-01,1,18.48,Smart TV,4
user_09120,Standard,2023-04-07,1,7.42,Mobile,1
user_09121,Standard,2023-03-08,1,4.15,Laptop,
user_09122,Premium,2025-02-08,1,18.89,Smart TV,1
user_09123,Standard,2022-09-02,0,8.69,Gaming Console,3
user_09124,Standard,2023-04-16,1,4.81,Laptop,2
user_09125,Premium,2023-04-09,1,,Laptop,1
user_09126,Standard,2025-01-21,0,15.95,Smart TV,2
user_09127,Premium,2025-07-19,1,3.65,Laptop,
user_09128,Standard,2024-12-28,0,15.67,Laptop,
user_09129,Premium,2024-11-22,1,8.81,Desktop,3
user_09130,Basic,2024-04-12,1,,Mobile,4
user_09131,Basic,2024-04-05,0,22.89,Gaming Console,5
user_09132,Basic,2024-01-25,1,6.13,Laptop,3
user_09133,Premium,2023-04-09,1,18.22,Desktop,2
user_09134,Premium,2025-04-17,1,14.05,Desktop,
user_09135,Premium,2025-05-05,1,16.44,Mobile,3
user_09136,Standard,2024-05-10,1,4.23,Desktop,2
user_09137,Standard,2022-11-21,1,33.91,Mobile,2
user_09138,Premium,2022-12-23,1,9.86,Tablet,1
user_09139,Standard,2023-01-06,1,15.38,Smart TV,
user_09140,Basic,2023-09-28,1,14.8,Tablet,1
user_09141,Standard,2023-02-04,1,18.83,Tablet,2
user_09142,Standard,2023-07-24,1,33.71,Laptop,3
user_09143,Premium,2025-06-17,1,14.59,Gaming Console,4
user_09144,Standard,2025-05-12,0,23.98,Laptop,3
user_09145,Standard,2025-05-22,1,,Mobile,7
user_09146,Standard,2022-08-03,1,2.65,Gaming Console,2
user_09147,Standard,2024-02-19,1,54.39,Smart TV,2
user_09148,Premium,2023-04-12,1,26.88,Mobile,4
user_09149,Premium,2022-08-07,1,8.65,Laptop,
user_09150,Standard,2025-05-17,1,4.09,Mobile,4
user_09151,Premium,2025-02-11,1,11.84,Mobile,2
user_09152,Standard,2023-05-17,1,5.87,Desktop,2
user_09153,Premium,2024-02-24,0,9.97,Smart TV,
user_09154,Premium,2025-06-09,1,18.51,Desktop,5
user_09155,Standard,2022-09-23,1,38.83,Mobile,3
user_09156,Basic,2023-06-16,0,3.27,Desktop,2
user_09157,Standard,2023-07-07,1,27.59,Smart TV,3
user_09158,Premium,2023-01-31,1,35.07,Gaming Console,3
user_09159,Premium,2023-03-01,1,20.47,Tablet,2
user_09160,Premium,2025-05-07,1,20.95,Tablet,4
user_09161,Standard,2023-05-02,1,25.45,Smart TV,2
user_09162,Premium,2023-02-27,1,6.8,Smart TV,
user_09163,Standard,2025-06-02,1,1.31,Tablet,1
user_09164,Standard,2025-04-16,1,498.41,Gaming Console,3
user_09165,Basic,2024-12-09,1,15.87,Desktop,4
user_09166,Premium,2024-12-19,1,18.93,Smart TV,2
user_09167,Premium,2022-11-23,1,7.23,Laptop,2
user_09168,Premium,2023-11-11,0,0.83,Gaming Console,2
user_09169,Premium,2022-11-01,0,3.37,Desktop,3
user_09170,Standard,2023-09-07,1,28.27,Smart TV,2
user_09171,Premium+,2022-09-04,1,13.35,Tablet,2
user_09172,Standard,2025-05-17,1,9.91,Desktop,6
user_09173,Standard,2025-06-14,1,,Tablet,
user_09174,Basic,2024-07-10,1,10.71,Tablet,2
user_09175,Standard,2023-04-20,1,,Laptop,5
user_09176,Premium,2025-04-24,1,6.27,Gaming Console,2
user_09177,Basic,2022-12-14,1,,Tablet,3
user_09178,Premium+,2023-04-28,0,19.4,Smart TV,
user_09179,Premium+,2025-01-18,1,14.84,Laptop,4
user_09180,Premium,2025-05-15,1,21.43,Desktop,2
user_09181,Standard,2023-05-15,1,19.84,Mobile,3
user_09182,Basic,2025-06-10,0,7.24,Gaming Console,2
user_09183,Premium,2023-11-30,1,7.08,Mobile,
user_09184,Standard,2023-01-26,1,11.15,Smart TV,3
user_09185,Standard,2023-06-12,1,17.47,Mobile,4
user_09186,Standard,2022-12-30,1,10.03,Tablet,3
user_09187,Standard,2023-08-13,0,12.77,Mobile,1
user_09188,Premium+,2025-03-14,1,13.09,Desktop,3
user_09189,Standard,2022-08-12,1,31.72,Smart TV,2
user_09190,Basic,2024-03-08,0,30.95,Gaming Console,3
user_09191,Premium,2025-02-01,1,15.68,Tablet,4
user_09192,Standard,2023-02-21,0,10.18,Gaming Console,2
user_09193,Basic,2023-08-19,1,,Tablet,
user_09194,Standard,2023-09-06,1,3.62,Desktop,5
user_09195,Basic,2022-08-29,1,38.27,Mobile,2
user_09196,Premium+,2022-09-08,1,0.6,Gaming Console,3
user_09197,Standard,2024-01-19,1,13.73,Mobile,2
user_09198,Basic,2025-02-20,1,14.73,Laptop,5
user_09199,Premium,2024-06-16,1,30.04,Gaming Console,2
user_09200,Standard,2022-11-17,1,25.67,Mobile,1
user_09201,Premium,2024-03-12,1,11.14,Smart TV,3
user_09202,Premium,2023-11-03,1,11.85,Smart TV,5
user_09203,Basic,2023-12-14,1,20.33,Mobile,2
user_09204,Basic,2023-08-15,1,2.06,Smart TV,4
user_09205,Basic,2023-10-08,0,2.87,Desktop,2
user_09206,Standard,2022-11-01,1,,Mobile,3
user_09207,Premium,2025-05-20,1,18.79,Smart TV,3
user_09208,Basic,2023-08-12,1,35.47,Laptop,2
user_09209,Basic,2024-02-02,1,6.48,Laptop,4
user_09210,Basic,2022-09-20,1,16.26,Tablet,
user_09211,Premium,2023-06-06,1,6.02,Laptop,1
user_09212,Premium,2022-08-10,1,22.51,Mobile,1
user_09213,Premium,2023-08-08,0,19.69,Mobile,1
user_09214,Premium,2023-07-29,1,10.83,Laptop,
user_09215,Standard,2024-02-08,0,,Laptop,
user_09216,Basic,2023-11-02,1,18.72,Laptop,3
user_09217,Premium,2023-08-18,1,36.42,Smart TV,2
user_09218,Standard,2023-10-21,1,7.4,Gaming Console,5
user_09219,Premium,2023-04-26,1,12.77,Desktop,3
user_09220,Standard,2024-06-22,1,1.05,Tablet,2
user_09221,Standard,2024-09-27,1,14.11,Smart TV,1
user_09222,Basic,2024-07-09,1,3.36,Gaming Console,
user_09223,Premium,2023-05-20,1,20.36,Laptop,2
user_09224,Standard,2023-05-27,0,10.3,Desktop,
user_09225,Standard,2023-01-01,1,33.83,Tablet,2
user_09226,Standard,2022-10-10,1,2.82,Smart TV,
user_09227,Basic,2023-11-22,1,29.53,Gaming Console,5
user_09228,Premium,2024-08-12,1,14.71,Laptop,
user_09229,Premium+,2025-02-18,1,8.5,Desktop,2
user_09230,Premium,2023-03-16,1,6.11,Desktop,4
user_09231,Premium,2023-06-21,1,8.16,Smart TV,4
user_09232,Basic,2024-12-19,1,2.73,Mobile,1
user_09233,Premium,2023-10-03,0,27.03,Desktop,4
user_09234,Basic,2024-12-01,1,8.74,Smart TV,3
user_09235,Premium,2024-01-13,0,23.32,Desktop,
user_09236,Premium+,2022-09-20,1,23.86,Mobile,4
user_09237,Premium,2025-07-09,1,26.02,Laptop,5
user_09238,Standard,2025-01-02,1,8.26,Gaming Console,3
user_09239,Basic,2023-12-19,1,18.49,Laptop,1
user_09240,Basic,2024-12-17,1,27.34,Tablet,1
user_09241,Standard,2023-02-20,1,30.34,Mobile,1
user_09242,Basic,2024-05-27,1,12.33,Mobile,3
user_09243,Premium,2025-02-26,1,9.04,Mobile,1
user_09244,Premium,2022-11-29,0,,Tablet,
user_09245,Premium+,2022-09-01,1,2.39,Laptop,
user_09246,Premium,2024-12-06,1,4.68,Smart TV,
user_09247,Basic,2022-08-12,1,49.61,Gaming Console,1
user_09248,Standard,2022-11-13,1,12.47,Smart TV,1
user_09249,Premium+,2022-12-17,1,3.55,Smart TV,
user_09250,Premium,2022-08-06,0,,Gaming Console,3
user_09251,Premium+,2024-03-15,1,2.56,Smart TV,5
user_09252,Basic,2023-10-30,1,6.42,Tablet,4
user_09253,Standard,2025-03-28,1,7.52,Desktop,1
user_09254,Standard,2025-01-04,1,13.32,Tablet,6
user_09255,Basic,2024-06-27,1,2.14,Laptop,
user_09256,Standard,2025-02-11,1,13.95,Laptop,2
user_09257,Basic,2023-10-29,1,448.53,Desktop,1
user_09258,Standard,2024-08-27,1,30.89,Smart TV,3
user_09259,Standard,2024-05-30,1,3.28,Gaming Console,1
user_09260,Premium+,2023-05-01,1,3.3,Gaming Console,
user_09261,Standard,2024-02-21,1,3.48,Laptop,4
user_09262,Standard,2023-10-22,1,10.82,Desktop,4
user_09263,Premium,2024-04-22,1,14.29,Gaming Console,1
user_09264,Basic,2024-03-11,1,813.9,Gaming Console,1
user_09265,Basic,2024-10-19,1,11.8,Gaming Console,1
user_09266,Basic,2025-02-23,1,7.41,Desktop,
user_09267,Basic,2025-01-15,0,31.68,Mobile,3
user_09268,Standard,2023-02-24,1,21.06,Mobile,3
user_09269,Standard,2022-10-19,1,22.41,Laptop,3
user_09270,Premium,2023-04-10,1,3.46,Tablet,1
user_09271,Standard,2023-09-01,1,12.61,Desktop,1
user_09272,Standard,2024-11-06,1,4.55,Gaming Console,4
user_09273,Basic,2024-04-04,1,10.65,Desktop,6
user_09274,Premium,2023-12-21,1,22.98,Desktop,1
user_09275,Premium,2023-09-20,1,12.58,Desktop,
user_09276,Standard,2023-11-15,1,12.83,Laptop,1
user_09277,Premium,2025-06-04,1,10.65,Gaming Console,4
user_09278,Standard,2022-11-01,1,7.82,Gaming Console,4
user_09279,Basic,2024-03-16,1,4.0,Laptop,3
user_09280,Basic,2024-09-20,1,8.71,Desktop,3
user_09281,Standard,2022-08-23,1,,Tablet,2
user_09282,Basic,2023-07-12,1,26.71,Desktop,2
user_09283,Standard,2025-03-09,1,31.98,Smart TV,4
user_09284,Standard,2023-01-31,1,,Laptop,1
user_09285,Standard,2023-12-20,1,46.48,Desktop,1
user_09286,Premium+,2025-06-06,1,,Mobile,1
user_09287,Premium+,2023-09-14,0,2.36,Tablet,2
user_09288,Premium,2023-09-14,0,10.93,Smart TV,4
user_09289,Premium,2024-02-16,1,21.44,Laptop,2
user_09290,Premium+,2024-09-04,1,66.95,Smart TV,
user_09291,Premium,2023-04-22,1,16.74,Gaming Console,4
user_09292,Basic,2023-12-02,1,12.57,Laptop,4
user_09293,Premium+,2023-10-21,0,21.86,Mobile,5
user_09294,Standard,2022-08-20,1,14.84,Laptop,1
user_09295,Standard,2024-11-29,1,18.7,Tablet,2
user_09296,Basic,2024-05-21,1,25.98,Laptop,1
user_09297,Basic,2025-06-13,1,6.93,Gaming Console,2
user_09298,Basic,2023-07-26,1,10.78,Mobile,4
user_09299,Premium,2024-06-05,1,9.13,Tablet,2
user_09300,Premium,2024-10-25,1,22.41,Laptop,3
user_09301,Basic,2023-11-13,1,12.02,Mobile,4
user_09302,Standard,2022-11-15,1,21.24,Tablet,1
user_09303,Premium,2023-09-02,1,10.6,Smart TV,2
user_09304,Standard,2024-11-28,1,16.86,Smart TV,
user_09305,Premium+,2023-08-10,1,10.29,Smart TV,4
user_09306,Standard,2023-11-18,1,10.29,Laptop,1
user_09307,Basic,2025-05-05,1,13.47,Laptop,3
user_09308,Premium,2025-06-23,0,28.25,Gaming Console,1
user_09309,Premium,2023-01-15,1,5.27,Tablet,
user_09310,Standard,2024-12-24,1,17.07,Smart TV,
user_09311,Basic,2024-06-14,0,8.06,Tablet,1
user_09312,Standard,2024-08-01,1,2.88,Smart TV,4
user_09313,Basic,2022-08-27,1,21.93,Smart TV,
user_09314,Premium,2024-12-17,1,26.58,Smart TV,1
user_09315,Standard,2023-05-27,1,3.72,Desktop,6
user_09316,Basic,2025-06-12,1,3.06,Mobile,2
user_09317,Standard,2023-03-25,1,7.58,Gaming Console,6
user_09318,Basic,2023-05-12,1,7.84,Desktop,3
user_09319,Premium,2023-01-08,1,8.28,Gaming Console,1
user_09320,Basic,2025-04-11,1,28.18,Smart TV,2
user_09321,Premium+,2024-11-19,1,6.92,Mobile,4
user_09322,Premium,2025-05-05,1,26.25,Gaming Console,1
user_09323,Basic,2022-08-26,1,10.13,Mobile,2
user_09324,Standard,2024-07-17,1,15.17,Gaming Console,2
user_09325,Basic,2023-06-01,0,4.85,Laptop,
user_09326,Premium,2024-12-23,1,12.76,Gaming Console,2
user_09327,Standard,2024-03-30,1,41.95,Mobile,3
user_09328,Premium+,2024-01-22,1,29.23,Desktop,2
user_09329,Standard,2025-04-25,1,,Mobile,2
user_09330,Standard,2023-01-25,1,20.89,Desktop,4
user_09331,Standard,2022-12-06,1,15.63,Desktop,2
user_09332,Basic,2023-09-30,1,3.42,Gaming Console,1
user_09333,Basic,2024-04-28,1,17.47,Laptop,3
user_09334,Standard,2024-05-12,1,12.19,Mobile,3
user_09335,Basic,2024-10-05,1,7.13,Mobile,1
user_09336,Standard,2024-01-29,1,14.36,Smart TV,4
user_09337,Standard,2024-10-25,1,2.86,Tablet,2
user_09338,Premium,2025-02-02,1,46.71,Laptop,1
user_09339,Basic,2022-09-21,1,31.61,Desktop,4
user_09340,Premium+,2025-06-15,1,1.4,Smart TV,3
user_09341,Premium,2024-08-20,1,2.9,Smart TV,3
user_09342,Standard,2023-01-26,1,5.36,Desktop,5
user_09343,Basic,2025-01-10,1,10.52,Smart TV,1
user_09344,Standard,2024-09-01,1,11.64,Laptop,3
user_09345,Basic,2025-01-07,1,11.69,Smart TV,2
user_09346,Standard,2023-09-27,0,4.28,Mobile,6
user_09347,Standard,2025-01-18,1,12.02,Smart TV,2
user_09348,Premium,2024-03-25,1,10.42,Laptop,2
user_09349,Standard,2025-02-21,1,7.84,Gaming Console,2
user_09350,Basic,2025-01-01,1,8.63,Smart TV,
user_09351,Premium,2023-05-30,0,6.34,Tablet,
user_09352,Standard,2023-03-15,1,11.94,Gaming Console,2
user_09353,Standard,2024-01-18,1,,Gaming Console,3
user_09354,Premium,2024-07-17,1,0.88,Mobile,1
user_09355,Premium,2025-04-28,1,10.12,Mobile,
user_09356,Basic,2023-02-28,1,6.29,Smart TV,5
user_09357,Basic,2023-04-22,1,14.88,Smart TV,
user_09358,Basic,2023-07-23,1,9.15,Tablet,2
user_09359,Standard,2024-04-04,1,3.54,Laptop,4
user_09360,Premium,2023-01-29,1,13.39,Gaming Console,3
user_09361,Basic,2024-10-23,1,29.93,Desktop,
user_09362,Standard,2024-05-18,1,16.66,Smart TV,
user_09363,Premium,2024-01-06,1,14.77,Desktop,4
user_09364,Basic,2024-04-18,1,1.88,Tablet,2
user_09365,Premium,2022-09-09,1,17.1,Laptop,1
user_09366,Standard,2025-02-08,1,26.22,Tablet,2
user_09367,Premium,2024-08-09,0,7.81,Desktop,6
user_09368,Premium,2023-03-11,1,,Smart TV,4
user_09369,Premium,2025-02-13,1,25.56,Desktop,3
user_09370,Standard,2025-04-06,0,22.2,Gaming Console,2
user_09371,Standard,2023-01-29,1,20.02,Desktop,2
user_09372,Premium,2024-03-14,1,27.48,Gaming Console,4
user_09373,Premium,2024-07-01,0,16.1,Desktop,1
user_09374,Standard,2022-10-01,1,0.53,Smart TV,6
user_09375,Premium+,2023-05-18,1,4.87,Smart TV,3
user_09376,Standard,2025-06-06,1,13.68,Tablet,3
user_09377,Basic,2025-02-25,1,28.1,Tablet,1
user_09378,Premium+,2023-11-15,1,,Desktop,1
user_09379,Standard,2023-05-14,1,,Gaming Console,5
user_09380,Standard,2023-07-25,1,12.8,Gaming Console,5
user_09381,Standard,2023-12-09,1,6.8,Mobile,3
user_09382,Standard,2023-01-17,1,22.04,Smart TV,5
user_09383,Standard,2024-03-20,1,2.97,Laptop,2
user_09384,Premium,2022-12-09,1,,Tablet,2
user_09385,Standard,2024-12-01,1,20.93,Desktop,4
user_09386,Standard,2025-02-16,1,18.13,Mobile,1
user_09387,Premium,2022-12-05,1,4.85,Gaming Console,1
user_09388,Basic,2024-03-28,0,10.54,Mobile,2
user_09389,Basic,2025-03-15,1,15.52,Laptop,1
user_09390,Premium,2024-11-27,1,28.57,Smart TV,3
user_09391,Basic,2023-12-22,1,39.6,Smart TV,1
user_09392,Premium,2025-06-04,1,6.23,Tablet,7
user_09393,Basic,2024-09-20,0,,Smart TV,1
user_09394,Premium+,2022-09-17,1,,Desktop,3
user_09395,Premium,2023-10-20,1,56.12,Desktop,1
user_09396,Premium+,2024-11-26,1,9.03,Smart TV,2
user_09397,Premium+,2024-09-19,1,4.81,Smart TV,3
user_09398,Premium,2024-02-16,1,21.11,Gaming Console,2
user_09399,Standard,2024-11-28,1,4.64,Mobile,
user_09400,Standard,2022-10-27,1,21.15,Mobile,6
user_09401,Premium,2022-09-10,1,3.02,Laptop,2
user_09402,Standard,2023-12-27,1,10.12,Smart TV,2
user_09403,Standard,2024-01-11,1,11.07,Smart TV,3
user_09404,Standard,2024-02-10,0,10.87,Tablet,6
user_09405,Premium,2024-07-10,1,19.53,Gaming Console,2
user_09406,Premium,2025-04-02,1,4.85,Smart TV,3
user_09407,Premium,2023-02-07,0,8.48,Smart TV,3
user_09408,Premium+,2023-12-22,1,14.61,Desktop,2
user_09409,Basic,2023-11-30,1,17.84,Desktop,1
user_09410,Standard,2022-12-15,1,15.27,Mobile,2
user_09411,Premium+,2024-07-21,1,9.49,Tablet,1
user_09412,Premium,2024-12-23,1,3.12,Laptop,2
user_09413,Standard,2024-10-20,1,9.29,Desktop,2
user_09414,Standard,2023-11-15,1,20.85,Tablet,2
user_09415,Premium,2025-01-10,1,42.3,Mobile,1
user_09416,Premium,2022-12-04,1,6.79,Laptop,4
user_09417,Standard,2025-02-18,1,,Mobile,2
user_09418,Basic,2023-12-06,1,21.56,Laptop,4
user_09419,Basic,2024-04-10,0,56.85,Desktop,
user_09420,Basic,2024-12-01,0,4.43,Desktop,3
user_09421,Standard,2025-07-10,1,2.1,Desktop,
user_09422,Basic,2023-09-25,1,,Tablet,2
user_09423,Standard,2024-10-24,1,10.62,Laptop,1
user_09424,Standard,2025-05-04,1,,Gaming Console,3
user_09425,Premium,2024-07-21,1,6.83,Smart TV,2
user_09426,Premium,2025-03-31,0,18.07,Tablet,1
user_09427,Premium,2024-06-21,1,13.7,Tablet,2
user_09428,Standard,2023-11-01,1,5.37,Desktop,2
user_09429,Standard,2023-03-23,1,19.43,Mobile,1
user_09430,Premium+,2024-09-02,1,6.37,Tablet,2
user_09431,Premium,2024-12-28,1,26.68,Desktop,5
user_09432,Standard,2024-07-06,1,7.05,Smart TV,3
user_09433,Premium,2024-01-07,1,10.43,Laptop,3
user_09434,Basic,2023-01-08,1,16.08,Smart TV,4
user_09435,Standard,2024-08-02,1,10.62,Smart TV,
user_09436,Premium,2024-06-16,1,20.08,Gaming Console,3
user_09437,Premium+,2023-07-17,1,27.59,Desktop,4
user_09438,Premium,2025-04-24,0,11.54,Gaming Console,2
user_09439,Standard,2023-05-22,1,11.47,Desktop,2
user_09440,Standard,2023-09-20,1,16.47,Laptop,2
user_09441,Premium,2022-10-06,1,23.25,Smart TV,3
user_09442,Basic,2023-12-26,1,15.44,Laptop,1
user_09443,Premium,2024-08-18,1,13.31,Gaming Console,4
user_09444,Premium,2024-03-19,1,2.4,Desktop,2
user_09445,Standard,2023-08-19,1,5.31,Smart TV,2
user_09446,Standard,2023-01-22,1,4.98,Tablet,4
user_09447,Standard,2024-12-15,1,18.34,Tablet,1
user_09448,Premium,2024-03-19,1,8.28,Desktop,4
user_09449,Basic,2022-10-26,1,27.44,Gaming Console,1
user_09450,Premium,2024-11-02,1,9.77,Desktop,
user_09451,Standard,2024-03-02,1,9.76,Mobile,2
user_09452,Premium+,2025-03-29,1,3.84,Tablet,
user_09453,Premium+,2024-11-11,1,,Gaming Console,5
user_09454,Standard,2023-12-07,0,21.8,Gaming Console,2
user_09455,Premium+,2022-10-10,0,7.15,Desktop,5
user_09456,Standard,2025-05-12,1,41.08,Mobile,4
user_09457,Premium,2024-06-25,1,4.66,Gaming Console,2
user_09458,Premium,2023-01-21,1,11.94,Tablet,4
user_09459,Premium,2025-02-11,1,36.66,Gaming Console,4
user_09460,Basic,2025-05-04,1,24.31,Laptop,
user_09461,Basic,2024-11-01,1,13.2,Laptop,3
user_09462,Premium,2023-01-08,1,16.04,Mobile,4
user_09463,Basic,2023-02-21,1,14.82,Tablet,4
user_09464,Premium,2022-12-17,1,15.75,Desktop,5
user_09465,Premium,2022-10-06,1,22.24,Laptop,4
user_09466,Premium+,2023-06-28,0,5.18,Laptop,1
user_09467,Premium,2024-12-06,1,23.74,Laptop,
user_09468,Basic,2022-09-27,0,13.76,Smart TV,2
user_09469,Premium,2022-08-22,1,20.53,Tablet,4
user_09470,Premium,2024-02-29,1,6.99,Desktop,2
user_09471,Premium,2023-07-15,1,25.11,Laptop,2
user_09472,Standard,2024-02-04,1,10.91,Desktop,2
user_09473,Premium,2024-07-14,1,15.5,Gaming Console,1
user_09474,Premium,2024-08-28,1,23.32,Tablet,
user_09475,Premium+,2024-12-08,1,,Desktop,1
user_09476,Premium,2022-12-31,1,10.46,Laptop,3
user_09477,Standard,2023-03-13,0,4.49,Gaming Console,3
user_09478,Premium+,2025-06-25,0,,Smart TV,
user_09479,Premium,2023-11-09,1,18.7,Laptop,5
user_09480,Basic,2023-06-01,1,39.04,Smart TV,1
user_09481,Premium+,2023-08-25,1,,Tablet,
user_09482,Standard,2022-12-07,1,13.94,Smart TV,6
user_09483,Basic,2024-03-05,1,13.85,Laptop,
user_09484,Premium+,2024-11-27,1,5.34,Laptop,1
user_09485,Basic,2022-12-29,0,16.04,Gaming Console,3
user_09486,Basic,2024-02-02,0,16.37,Mobile,6
user_09487,Basic,2025-08-01,1,15.21,Gaming Console,
user_09488,Standard,2023-04-04,0,25.42,Desktop,4
user_09489,Basic,2023-10-06,1,,Desktop,5
user_09490,Premium,2022-10-03,1,17.09,Laptop,
user_09491,Premium,2024-01-26,1,9.74,Mobile,3
user_09492,Premium+,2023-02-11,1,21.05,Tablet,2
user_09493,Premium,2024-06-04,1,20.73,Smart TV,1
user_09494,Premium+,2022-12-12,1,19.23,Smart TV,5
user_09495,Premium,2023-05-26,1,20.46,Smart TV,
user_09496,Standard,2023-09-10,1,19.14,Desktop,5
user_09497,Standard,2023-06-28,1,11.5,Tablet,1
user_09498,Premium,2025-03-08,1,2.99,Desktop,2
user_09499,Premium,2023-05-28,1,,Desktop,4
user_09500,Premium,2023-08-04,1,18.57,Desktop,3
user_09501,Standard,2025-03-15,1,474.6,Mobile,3
user_09502,Basic,2024-12-24,1,7.46,Mobile,1
user_09503,Premium,2024-02-24,1,32.7,Tablet,3
user_09504,Premium,2023-05-26,1,3.56,Gaming Console,6
user_09505,Standard,2023-06-01,1,23.33,Tablet,2
user_09506,Premium,2023-02-12,0,28.39,Mobile,2
user_09507,Standard,2025-06-15,0,13.03,Gaming Console,2
user_09508,Premium,2025-04-06,1,11.62,Desktop,4
user_09509,Basic,2023-10-20,1,37.85,Laptop,
user_09510,Standard,2024-09-29,1,2.63,Smart TV,2
user_09511,Basic,2024-12-01,1,7.62,Smart TV,
user_09512,Premium+,2024-03-01,1,23.93,Mobile,3
user_09513,Basic,2023-07-17,0,17.0,Gaming Console,4
user_09514,Basic,2023-07-06,1,21.44,Gaming Console,3
user_09515,Premium,2025-06-22,1,35.4,Gaming Console,1
user_09516,Standard,2024-08-02,1,17.32,Mobile,6
user_09517,Premium,2025-03-16,1,34.25,Gaming Console,4
user_09518,Premium,2025-07-14,1,7.53,Smart TV,
user_09519,Standard,2025-06-03,1,,Smart TV,3
user_09520,Standard,2025-07-02,1,36.88,Smart TV,3
user_09521,Basic,2024-12-17,1,22.35,Smart TV,2
user_09522,Premium,2023-11-30,1,28.99,Desktop,
user_09523,Standard,2023-05-16,1,9.4,Laptop,4
user_09524,Basic,2024-04-20,0,6.38,Tablet,2
user_09525,Premium,2023-04-26,1,9.06,Laptop,2
user_09526,Premium,2022-12-09,1,19.54,Smart TV,2
user_09527,Premium,2022-12-15,1,25.36,Tablet,6
user_09528,Premium,2023-01-22,1,1.7,Tablet,2
user_09529,Premium,2025-04-03,1,,Tablet,2
user_09530,Standard,2025-07-21,1,10.48,Tablet,4
user_09531,Premium,2025-06-25,1,33.22,Desktop,8
user_09532,Basic,2025-06-15,1,9.3,Smart TV,
user_09533,Premium,2023-01-18,1,28.05,Laptop,3
user_09534,Standard,2024-05-07,0,13.58,Laptop,1
user_09535,Basic,2024-01-03,1,,Mobile,3
user_09536,Premium,2023-03-31,1,6.25,Laptop,3
user_09537,Basic,2024-01-20,1,27.27,Tablet,
user_09538,Premium,2023-09-22,1,15.23,Mobile,3
user_09539,Standard,2024-08-27,1,14.82,Gaming Console,5
user_09540,Premium+,2024-04-08,1,4.52,Desktop,1
user_09541,Standard,2024-01-05,0,8.5,Laptop,2
user_09542,Basic,2024-05-03,1,844.61,Mobile,3
user_09543,Premium,2024-12-28,1,12.36,Tablet,3
user_09544,Standard,2022-10-22,1,2.56,Desktop,3
user_09545,Premium,2023-12-21,1,7.91,Tablet,3
user_09546,Premium,2022-10-24,0,,Tablet,3
user_09547,Basic,2023-05-27,1,2.96,Tablet,2
user_09548,Premium,2023-10-06,1,14.84,Tablet,5
user_09549,Basic,2023-02-15,1,3.47,Mobile,3
user_09550,Standard,2024-08-13,1,18.06,Desktop,2
user_09551,Basic,2022-09-20,1,19.73,Tablet,
user_09552,Premium+,2023-09-29,1,51.84,Mobile,6
user_09553,Premium,2022-09-18,1,15.87,Mobile,
user_09554,Standard,2022-09-25,1,11.56,Mobile,3
user_09555,Premium,2024-05-07,0,18.86,Desktop,
user_09556,Standard,2022-12-31,1,15.58,Smart TV,2
user_09557,Standard,2024-03-14,0,,Desktop,2
user_09558,Premium,2024-01-30,1,10.55,Mobile,1
user_09559,Basic,2022-09-28,1,30.65,Mobile,2
user_09560,Premium,2022-08-05,1,,Smart TV,5
user_09561,Premium,2024-03-01,1,12.93,Laptop,4
user_09562,Premium,2023-08-25,0,28.34,Gaming Console,2
user_09563,Premium,2025-01-27,1,17.58,Desktop,2
user_09564,Standard,2024-09-02,1,18.95,Mobile,2
user_09565,Premium,2022-11-29,1,39.42,Laptop,4
user_09566,Premium,2024-08-26,1,7.0,Tablet,3
user_09567,Standard,2025-07-26,0,10.76,Smart TV,2
user_09568,Premium,2023-08-25,1,21.89,Desktop,6
user_09569,Premium,2024-03-12,1,13.92,Mobile,5
user_09570,Standard,2023-02-19,1,,Smart TV,3
user_09571,Standard,2023-03-18,1,10.13,Tablet,2
user_09572,Basic,2024-09-09,0,,Desktop,5
user_09573,Premium+,2023-08-27,1,,Desktop,1
user_09574,Premium,2025-07-23,1,20.0,Mobile,4
user_09575,Basic,2024-02-26,1,22.4,Smart TV,3
user_09576,Basic,2024-03-08,1,2.53,Laptop,4
user_09577,Standard,2025-02-24,1,,Desktop,
user_09578,Standard,2025-01-30,1,20.09,Gaming Console,3
user_09579,Standard,2024-11-03,1,12.12,Tablet,4
user_09580,Basic,2023-11-16,1,16.96,Mobile,4
user_09581,Standard,2024-10-07,1,18.25,Tablet,4
user_09582,Basic,2022-12-22,1,15.36,Mobile,2
user_09583,Premium,2023-12-10,1,,Laptop,4
user_09584,Standard,2022-09-29,1,,Mobile,2
user_09585,Premium,2023-07-03,1,855.74,Desktop,2
user_09586,Basic,2023-06-29,1,9.3,Smart TV,1
user_09587,Premium,2025-01-24,1,13.28,Mobile,2
user_09588,Standard,2023-10-30,0,13.55,Desktop,7
user_09589,Standard,2025-01-28,1,60.21,Laptop,
user_09590,Standard,2022-09-26,1,31.56,Tablet,7
user_09591,Premium,2022-09-24,1,,Desktop,2
user_09592,Premium,2024-11-27,1,15.97,Gaming Console,3
user_09593,Standard,2025-06-12,1,20.74,Laptop,1
user_09594,Standard,2023-07-01,1,24.25,Tablet,1
user_09595,Standard,2024-12-20,1,21.26,Laptop,2
user_09596,Premium,2023-12-21,1,9.11,Laptop,1
user_09597,Standard,2024-09-30,1,11.16,Smart TV,5
user_09598,Standard,2022-09-06,1,18.75,Desktop,
user_09599,Basic,2022-12-05,1,12.83,Gaming Console,3
user_09600,Standard,2024-09-21,1,9.1,Desktop,
user_09601,Premium,2025-03-27,1,8.63,Smart TV,4
user_09602,Basic,2023-08-07,1,7.2,Desktop,3
user_09603,Premium,2023-01-30,1,4.07,Mobile,2
user_09604,Premium,2025-03-01,1,10.32,Tablet,1
user_09605,Premium,2023-02-19,1,7.9,Desktop,1
user_09606,Standard,2025-04-15,1,,Smart TV,
user_09607,Premium,2024-08-09,1,1.36,Laptop,1
user_09608,Premium,2024-09-18,0,8.41,Tablet,3
user_09609,Premium,2025-01-01,1,17.33,Laptop,1
user_09610,Standard,2024-12-15,1,21.85,Desktop,4
user_09611,Standard,2023-06-25,1,12.97,Desktop,
user_09612,Basic,2024-11-13,1,13.82,Smart TV,3
user_09613,Basic,2025-06-19,1,2.01,Tablet,2
user_09614,Standard,2023-07-21,1,29.39,Tablet,3
user_09615,Basic,2023-05-07,0,22.03,Desktop,5
user_09616,Premium,2024-04-03,1,24.67,Tablet,1
user_09617,Standard,2025-06-04,1,21.79,Tablet,
user_09618,Standard,2024-09-17,1,31.77,Laptop,
user_09619,Basic,2025-03-12,1,27.57,Laptop,2
user_09620,Premium+,2023-05-01,0,12.51,Desktop,2
user_09621,Standard,2022-10-27,1,4.36,Tablet,3
user_09622,Basic,2024-07-09,1,10.2,Desktop,2
user_09623,Standard,2024-03-12,1,8.62,Smart TV,3
user_09624,Premium+,2025-02-07,1,5.74,Desktop,2
user_09625,Premium,2023-06-14,0,11.66,Smart TV,2
user_09626,Standard,2024-02-14,1,19.36,Tablet,
user_09627,Premium,2024-01-09,1,,Laptop,1
user_09628,Basic,2023-01-01,1,31.02,Desktop,4
user_09629,Basic,2025-01-03,1,7.5,Mobile,2
user_09630,Premium,2023-08-11,1,3.84,Desktop,2
user_09631,Standard,2023-10-12,1,14.63,Tablet,5
user_09632,Premium,2024-06-03,1,12.08,Tablet,6
user_09633,Premium,2025-06-19,1,26.86,Mobile,
user_09634,Standard,2024-11-15,1,10.57,Desktop,1
user_09635,Premium+,2022-10-09,1,32.06,Desktop,3
user_09636,Standard,2024-01-31,1,8.99,Laptop,6
user_09637,Standard,2025-07-08,1,25.35,Smart TV,
user_09638,Premium,2024-08-21,1,12.32,Tablet,
user_09639,Basic,2022-11-09,0,4.73,Mobile,
user_09640,Standard,2023-04-19,0,5.99,Gaming Console,4
user_09641,Standard,2025-04-16,1,22.66,Mobile,3
user_09642,Standard,2023-10-15,1,6.27,Laptop,2
user_09643,Premium,2024-03-30,1,11.31,Mobile,5
user_09644,Premium+,2024-01-14,0,13.5,Tablet,
user_09645,Standard,2023-02-23,0,12.28,Desktop,3
user_09646,Premium,2023-02-07,1,14.05,Smart TV,
user_09647,Standard,2025-04-09,1,,Smart TV,2
user_09648,Basic,2024-03-11,1,,Mobile,1
user_09649,Standard,2024-05-21,1,25.66,Desktop,3
user_09650,Premium+,2025-01-24,1,11.64,Tablet,2
user_09651,Standard,2023-02-26,1,13.78,Mobile,
user_09652,Standard,2025-03-19,0,3.8,Mobile,2
user_09653,Premium,2022-08-24,1,4.3,Gaming Console,3
user_09654,Premium,2022-09-15,1,14.1,Laptop,3
user_09655,Premium,2022-12-25,1,1.41,Smart TV,2
user_09656,Standard,2024-01-24,1,11.36,Gaming Console,1
user_09657,Premium,2023-03-20,1,4.29,Laptop,3
user_09658,Basic,2025-01-23,1,,Laptop,
user_09659,Premium,2023-06-10,1,6.61,Laptop,4
user_09660,Standard,2023-08-25,1,6.36,Gaming Console,2
user_09661,Standard,2025-04-10,1,3.36,Smart TV,2
user_09662,Standard,2023-02-07,1,5.26,Mobile,1
user_09663,Premium,2022-10-08,1,12.94,Tablet,2
user_09664,Premium+,2023-01-26,1,8.97,Gaming Console,2
user_09665,Basic,2024-06-06,1,5.88,Smart TV,2
user_09666,Premium,2022-12-23,1,34.94,Mobile,2
user_09667,Standard,2023-08-18,1,19.8,Laptop,
user_09668,Premium,2022-09-19,1,6.76,Desktop,
user_09669,Premium+,2025-03-20,0,26.95,Smart TV,4
user_09670,Standard,2023-06-19,1,7.64,Smart TV,2
user_09671,Standard,2023-08-29,0,20.49,Gaming Console,1
user_09672,Standard,2022-10-18,1,18.54,Mobile,2
user_09673,Basic,2024-09-28,1,18.68,Smart TV,3
user_09674,Premium,2023-10-04,0,29.37,Smart TV,3
user_09675,Basic,2024-08-10,1,14.94,Smart TV,3
user_09676,Basic,2025-07-06,1,11.79,Laptop,3
user_09677,Premium+,2023-10-05,1,,Tablet,
user_09678,Premium,2024-01-12,1,2.89,Tablet,2
user_09679,Premium,2025-01-02,1,9.15,Mobile,4
user_09680,Premium,2023-11-18,1,8.4,Laptop,2
user_09681,Premium,2024-05-13,1,1.22,Smart TV,1
user_09682,Premium,2025-04-28,1,26.69,Gaming Console,2
user_09683,Standard,2024-08-21,0,21.53,Desktop,5
user_09684,Standard,2025-05-25,1,8.42,Tablet,2
user_09685,Standard,2023-08-13,1,10.81,Desktop,3
user_09686,Standard,2023-03-08,1,6.94,Mobile,4
user_09687,Basic,2024-11-13,1,13.55,Tablet,
user_09688,Premium,2023-09-20,1,,Desktop,1
user_09689,Standard,2023-10-09,1,18.39,Mobile,1
user_09690,Standard,2024-12-30,1,22.66,Smart TV,5
user_09691,Premium,2024-04-25,1,15.52,Smart TV,2
user_09692,Standard,2022-09-08,1,44.44,Laptop,3
user_09693,Standard,2024-09-12,1,11.83,Tablet,2
user_09694,Basic,2022-10-09,1,9.61,Smart TV,1
user_09695,Standard,2023-06-15,1,25.71,Smart TV,1
user_09696,Basic,2022-12-16,1,36.21,Tablet,5
user_09697,Premium+,2023-07-14,1,,Smart TV,
user_09698,Standard,2023-09-13,1,6.09,Mobile,2
user_09699,Premium+,2023-09-02,1,25.38,Tablet,
user_09700,Premium,2023-05-21,1,,Mobile,2
user_09701,Basic,2024-05-21,1,13.6,Laptop,1
user_09702,Basic,2024-08-06,1,10.64,Desktop,8
user_09703,Standard,2025-04-09,1,42.24,Mobile,2
user_09704,Premium,2024-08-25,1,11.66,Gaming Console,
user_09705,Premium,2025-06-27,1,19.43,Smart TV,3
user_09706,Standard,2024-12-03,1,16.98,Smart TV,2
user_09707,Standard,2023-03-01,0,9.38,Laptop,
user_09708,Standard,2024-12-31,1,50.81,Mobile,2
user_09709,Standard,2024-02-17,1,,Laptop,3
user_09710,Standard,2024-10-16,1,11.6,Laptop,1
user_09711,Standard,2024-09-07,0,6.01,Tablet,3
user_09712,Standard,2024-08-27,1,3.05,Smart TV,4
user_09713,Basic,2022-10-18,1,10.77,Desktop,3
user_09714,Premium+,2024-05-12,1,,Laptop,1
user_09715,Standard,2024-02-28,0,10.08,Smart TV,4
user_09716,Standard,2023-12-04,1,29.88,Laptop,2
user_09717,Premium,2024-05-03,1,42.32,Smart TV,4
user_09718,Premium,2023-12-05,1,3.06,Gaming Console,
user_09719,Standard,2025-05-26,1,25.72,Laptop,3
user_09720,Basic,2022-12-11,1,7.6,Smart TV,2
user_09721,Premium,2024-05-01,1,24.64,Laptop,2
user_09722,Standard,2025-01-12,0,31.19,Tablet,4
user_09723,Premium,2024-01-06,0,31.38,Mobile,
user_09724,Premium,2025-07-07,1,25.52,Desktop,3
user_09725,Premium,2024-01-28,0,6.24,Desktop,3
user_09726,Standard,2023-10-01,1,11.89,Tablet,6
user_09727,Basic,2024-05-14,1,18.31,Laptop,4
user_09728,Premium,2024-06-12,1,,Desktop,2
user_09729,Standard,2025-01-08,1,16.58,Desktop,
user_09730,Standard,2023-08-21,0,9.89,Desktop,1
user_09731,Standard,2025-01-03,1,1.48,Tablet,3
user_09732,Standard,2024-04-08,1,23.98,Laptop,4
user_09733,Premium,2024-10-28,1,20.49,Gaming Console,3
user_09734,Standard,2023-10-30,0,,Smart TV,3
user_09735,Standard,2022-09-04,1,39.49,Mobile,2
user_09736,Standard,2023-11-16,1,,Gaming Console,
user_09737,Premium,2022-11-28,1,8.28,Laptop,5
user_09738,Basic,2022-10-26,1,13.85,Mobile,
user_09739,Standard,2024-11-02,1,11.64,Laptop,3
user_09740,Standard,2024-08-26,1,17.35,Desktop,3
user_09741,Standard,2025-07-18,1,43.26,Smart TV,2
user_09742,Standard,2023-06-13,1,,Tablet,1
user_09743,Premium+,2024-03-28,0,5.07,Smart TV,1
user_09744,Premium+,2024-04-12,1,,Mobile,
user_09745,Premium,2025-04-16,1,9.9,Smart TV,3
user_09746,Premium,2023-04-27,1,,Smart TV,2
user_09747,Standard,2023-03-11,1,10.4,Gaming Console,6
user_09748,Standard,2023-10-23,1,6.27,Tablet,3
user_09749,Premium+,2022-09-01,1,12.58,Tablet,3
user_09750,Premium,2025-01-25,1,17.78,Smart TV,1
user_09751,Premium,2024-11-21,1,8.79,Mobile,1
user_09752,Premium,2022-08-07,1,11.02,Gaming Console,2
user_09753,Premium,2023-12-31,1,18.74,Desktop,2
user_09754,Premium,2025-02-15,1,,Smart TV,4
user_09755,Basic,2024-10-30,1,13.57,Smart TV,4
user_09756,Premium,2024-08-07,1,4.41,Mobile,4
user_09757,Premium,2022-09-15,1,23.52,Laptop,2
user_09758,Standard,2023-07-27,1,45.87,Gaming Console,2
user_09759,Premium,2023-10-15,1,6.79,Gaming Console,2
user_09760,Premium,2023-01-09,1,2.43,Gaming Console,1
user_09761,Standard,2023-06-27,1,4.2,Smart TV,5
user_09762,Standard,2023-08-08,1,18.67,Gaming Console,2
user_09763,Premium,2023-11-04,0,4.29,Tablet,2
user_09764,Premium,2024-12-12,1,10.25,Tablet,4
user_09765,Premium+,2023-04-27,0,1.59,Desktop,8
user_09766,Standard,2025-03-14,1,23.46,Gaming Console,2
user_09767,Premium,2024-04-22,1,,Smart TV,3
user_09768,Standard,2025-04-29,1,843.35,Desktop,1
user_09769,Standard,2022-09-22,1,15.44,Desktop,2
user_09770,Premium,2024-05-26,1,,Mobile,
user_09771,Standard,2023-08-05,1,3.76,Tablet,3
user_09772,Premium,2023-05-13,1,15.58,Laptop,2
user_09773,Premium,2022-11-12,1,5.33,Smart TV,1
user_09774,Premium,2023-09-05,1,25.78,Mobile,4
user_09775,Premium,2024-07-11,1,3.68,Mobile,5
user_09776,Premium,2023-11-05,1,12.08,Smart TV,2
user_09777,Premium+,2023-10-18,1,,Desktop,4
user_09778,Basic,2025-01-09,1,6.98,Tablet,3
user_09779,Premium,2025-06-14,0,33.41,Tablet,2
user_09780,Standard,2024-04-17,1,17.3,Laptop,
user_09781,Basic,2024-01-18,1,,Gaming Console,
user_09782,Standard,2025-05-03,0,,Desktop,2
user_09783,Premium+,2023-07-22,1,7.35,Desktop,1
user_09784,Premium,2024-04-05,1,3.38,Tablet,2
user_09785,Premium+,2024-12-17,0,,Smart TV,4
user_09786,Premium,2024-04-07,1,7.63,Tablet,
user_09787,Standard,2024-12-22,0,3.19,Desktop,8
user_09788,Premium,2024-10-23,1,,Tablet,2
user_09789,Basic,2023-02-03,1,23.75,Smart TV,
user_09790,Premium,2022-12-21,1,14.07,Tablet,7
user_09791,Premium,2023-08-28,1,17.79,Smart TV,4
user_09792,Premium,2025-04-06,0,26.08,Desktop,4
user_09793,Premium,2025-01-22,1,22.7,Smart TV,5
user_09794,Basic,2022-12-04,1,36.06,Smart TV,2
user_09795,Premium,2022-12-01,1,4.34,Mobile,2
user_09796,Standard,2022-09-07,1,3.73,Smart TV,2
user_09797,Standard,2025-07-20,1,29.59,Gaming Console,2
user_09798,Standard,2024-12-01,1,15.16,Desktop,3
user_09799,Standard,2023-03-02,0,4.89,Gaming Console,5
user_09800,Premium+,2022-08-23,1,6.4,Laptop,1
user_09801,Standard,2023-06-21,1,,Mobile,3
user_09802,Premium,2025-05-05,1,543.57,Desktop,
user_09803,Standard,2022-08-31,1,8.82,Desktop,5
user_09804,Premium,2023-11-19,1,11.7,Desktop,
user_09805,Standard,2024-10-12,1,14.77,Gaming Console,3
user_09806,Basic,2025-03-16,0,4.99,Desktop,3
user_09807,Premium,2024-05-16,0,29.09,Desktop,6
user_09808,Premium,2023-10-21,1,14.4,Laptop,1
user_09809,Premium,2025-01-18,1,,Laptop,3
user_09810,Premium+,2023-12-23,1,22.43,Gaming Console,4
user_09811,Basic,2025-03-31,1,834.72,Mobile,3
user_09812,Standard,2025-01-14,1,3.1,Desktop,2
user_09813,Standard,2025-06-03,1,22.7,Mobile,2
user_09814,Standard,2022-10-04,1,3.84,Smart TV,2
user_09815,Premium,2023-04-10,1,22.44,Gaming Console,3
user_09816,Standard,2023-05-09,1,8.98,Gaming Console,1
user_09817,Premium,2023-12-27,1,14.76,Gaming Console,
user_09818,Standard,2022-09-29,0,12.48,Tablet,3
user_09819,Basic,2022-12-09,1,24.68,Laptop,2
user_09820,Basic,2024-05-20,1,,Smart TV,
user_09821,Standard,2025-03-31,1,19.55,Desktop,1
user_09822,Premium,2023-08-18,1,22.58,Gaming Console,1
user_09823,Basic,2022-09-28,1,8.78,Mobile,3
user_09824,Premium,2022-10-07,1,,Gaming Console,1
user_09825,Standard,2023-11-23,0,6.84,Laptop,
user_09826,Premium,2022-09-06,1,26.63,Smart TV,
user_09827,Standard,2025-02-08,0,19.88,Gaming Console,5
user_09828,Premium,2024-03-04,1,10.23,Mobile,2
user_09829,Premium,2024-05-16,1,22.91,Smart TV,1
user_09830,Basic,2024-03-08,1,10.7,Desktop,1
user_09831,Premium+,2024-06-24,1,,Mobile,3
user_09832,Premium,2023-11-26,1,33.4,Desktop,4
user_09833,Premium,2023-09-10,0,15.46,Laptop,1
user_09834,Premium,2024-01-29,0,9.36,Desktop,
user_09835,Premium+,2024-12-19,1,12.06,Mobile,2
user_09836,Standard,2022-10-21,0,12.19,Gaming Console,
user_09837,Premium,2022-12-05,1,1.8,Mobile,1
user_09838,Standard,2023-07-21,1,,Desktop,2
user_09839,Premium,2022-11-16,0,10.61,Smart TV,
user_09840,Standard,2023-08-13,1,,Laptop,
user_09841,Standard,2024-03-16,1,6.16,Gaming Console,3
user_09842,Standard,2024-02-14,1,10.77,Tablet,2
user_09843,Premium,2023-05-23,1,,Tablet,4
user_09844,Premium,2023-07-29,1,38.58,Laptop,4
user_09845,Standard,2024-02-17,1,31.19,Laptop,4
user_09846,Basic,2024-10-06,1,6.42,Mobile,3
user_09847,Standard,2024-05-16,1,18.71,Mobile,
user_09848,Basic,2023-07-18,0,3.5,Smart TV,2
user_09849,Premium,2024-08-10,1,2.78,Mobile,2
user_09850,Basic,2025-06-03,1,4.55,Gaming Console,2
user_09851,Standard,2024-07-21,1,30.73,Mobile,4
user_09852,Basic,2023-06-14,1,28.12,Smart TV,2
user_09853,Basic,2025-05-19,1,1.34,Laptop,
user_09854,Premium,2024-05-20,1,5.37,Gaming Console,1
user_09855,Standard,2023-02-02,0,13.4,Gaming Console,2
user_09856,Standard,2022-11-04,1,6.73,Laptop,1
user_09857,Premium,2024-02-27,1,,Desktop,4
user_09858,Basic,2024-04-12,0,12.16,Desktop,3
user_09859,Premium,2023-01-14,1,13.21,Tablet,1
user_09860,Basic,2023-04-02,1,5.68,Desktop,1
user_09861,Standard,2022-08-26,1,34.74,Laptop,2
user_09862,Standard,2025-04-21,1,41.54,Desktop,6
user_09863,Premium+,2024-07-21,1,20.06,Smart TV,2
user_09864,Premium,2023-09-15,0,23.59,Gaming Console,
user_09865,Premium+,2022-11-29,1,5.61,Laptop,3
user_09866,Standard,2022-08-30,1,37.13,Tablet,4
user_09867,Premium,2025-07-02,0,27.59,Gaming Console,4
user_09868,Premium,2023-12-16,0,11.71,Desktop,3
user_09869,Basic,2025-04-28,1,5.09,Gaming Console,
user_09870,Premium,2024-02-13,1,7.49,Mobile,2
user_09871,Basic,2022-11-17,1,,Laptop,1
user_09872,Premium+,2024-03-25,1,4.52,Laptop,
user_09873,Premium+,2024-01-16,1,33.47,Laptop,
user_09874,Premium,2025-02-03,1,15.58,Mobile,2
user_09875,Premium,2024-11-28,1,14.89,Laptop,
user_09876,Premium,2022-12-17,1,53.9,Gaming Console,2
user_09877,Premium,2024-12-27,1,20.93,Mobile,4
user_09878,Premium+,2024-08-04,1,14.16,Desktop,4
user_09879,Premium+,2025-07-12,1,27.04,Desktop,2
user_09880,Basic,2023-07-29,1,15.73,Smart TV,4
user_09881,Standard,2024-09-17,1,5.05,Mobile,1
user_09882,Premium,2025-04-28,1,12.12,Desktop,2
user_09883,Standard,2023-01-21,0,3.7,Mobile,3
user_09884,Basic,2025-02-18,1,2.16,Tablet,1
user_09885,Basic,2023-07-12,1,17.9,Mobile,4
user_09886,Premium,2023-09-19,1,23.88,Desktop,4
user_09887,Premium,2023-10-20,1,13.73,Laptop,2
user_09888,Basic,2023-11-05,1,21.91,Gaming Console,4
user_09889,Premium,2022-08-28,1,7.22,Gaming Console,
user_09890,Standard,2022-12-17,1,2.35,Laptop,
user_09891,Premium,2024-01-16,1,3.2,Mobile,3
user_09892,Standard,2023-09-24,0,,Laptop,1
user_09893,Standard,2024-02-09,1,15.15,Desktop,3
user_09894,Standard,2024-05-10,1,18.95,Tablet,6
user_09895,Standard,2025-02-01,1,,Mobile,3
user_09896,Standard,2023-07-28,0,16.24,Laptop,
user_09897,Premium,2024-01-15,0,41.04,Desktop,2
user_09898,Standard,2023-09-14,1,17.98,Laptop,
user_09899,Premium,2024-02-07,0,11.74,Laptop,1
user_09900,Premium,2024-04-14,1,13.4,Desktop,2
user_09901,Premium,2023-06-11,0,,Mobile,3
user_09902,Premium,2023-03-01,1,17.15,Smart TV,5
user_09903,Premium,2025-06-26,1,17.99,Laptop,2
user_09904,Premium+,2023-01-31,1,13.1,Smart TV,1
user_09905,Basic,2024-09-18,1,21.71,Tablet,4
user_09906,Basic,2025-07-19,1,20.41,Mobile,2
user_09907,Basic,2024-07-22,1,10.19,Mobile,
user_09908,Standard,2025-03-05,1,16.65,Tablet,1
user_09909,Premium,2023-04-14,1,8.31,Smart TV,2
user_09910,Basic,2023-03-12,1,10.67,Smart TV,2
user_09911,Standard,2023-03-06,1,18.71,Laptop,2
user_09912,Standard,2024-08-25,1,11.0,Mobile,
user_09913,Premium,2025-06-16,0,2.05,Smart TV,3
user_09914,Premium,2023-12-16,1,3.99,Laptop,3
user_09915,Basic,2022-09-14,1,32.78,Laptop,2
user_09916,Basic,2024-12-06,1,28.62,Desktop,4
user_09917,Standard,2024-05-04,1,3.34,Tablet,2
user_09918,Premium,2023-05-02,0,6.93,Gaming Console,2
user_09919,Premium,2025-04-07,1,10.63,Smart TV,3
user_09920,Standard,2023-02-14,1,19.87,Tablet,2
user_09921,Premium,2024-05-11,1,12.0,Tablet,2
user_09922,Standard,2023-04-14,1,3.74,Desktop,3
user_09923,Premium,2025-04-23,1,4.73,Smart TV,6
user_09924,Standard,2025-03-02,1,6.2,Tablet,4
user_09925,Standard,2025-06-21,1,16.94,Desktop,
user_09926,Standard,2023-06-12,0,13.79,Smart TV,5
user_09927,Standard,2023-04-08,0,33.24,Gaming Console,5
user_09928,Standard,2023-05-03,1,8.85,Tablet,3
user_09929,Standard,2022-12-16,1,,Tablet,3
user_09930,Premium,2024-07-17,1,20.39,Laptop,2
user_09931,Premium,2025-01-30,1,28.13,Tablet,5
user_09932,Premium+,2025-07-07,1,11.14,Desktop,2
user_09933,Basic,2022-08-17,1,11.16,Tablet,4
user_09934,Premium+,2024-05-16,1,32.3,Gaming Console,3
user_09935,Basic,2023-10-11,1,20.46,Tablet,1
user_09936,Standard,2022-08-19,1,7.08,Tablet,3
user_09937,Premium+,2025-01-14,1,21.37,Laptop,2
user_09938,Standard,2023-01-09,1,11.23,Laptop,2
user_09939,Standard,2023-03-07,1,17.81,Smart TV,4
user_09940,Basic,2023-09-23,1,34.64,Laptop,1
user_09941,Premium,2025-01-24,1,5.98,Desktop,2
user_09942,Standard,2023-01-24,1,43.2,Smart TV,3
user_09943,Premium,2024-08-25,1,25.21,Laptop,8
user_09944,Basic,2023-12-05,1,12.36,Gaming Console,5
user_09945,Premium,2024-03-28,0,378.48,Laptop,1
user_09946,Standard,2025-02-03,1,24.23,Laptop,3
user_09947,Premium,2024-09-03,1,3.62,Mobile,3
user_09948,Basic,2024-01-01,1,4.68,Smart TV,6
user_09949,Premium+,2023-12-05,1,23.04,Desktop,3
user_09950,Premium,2023-03-05,1,15.08,Mobile,1
user_09951,Basic,2025-06-22,0,13.89,Gaming Console,
user_09952,Premium+,2025-06-23,1,5.41,Desktop,4
user_09953,Premium,2025-01-17,1,,Desktop,3
user_09954,Standard,2023-07-22,1,26.68,Mobile,
user_09955,Premium,2023-03-19,1,10.92,Laptop,5
user_09956,Basic,2024-04-06,0,,Tablet,2
user_09957,Standard,2023-08-09,1,4.97,Gaming Console,4
user_09958,Premium+,2024-11-04,1,8.57,Mobile,5
user_09959,Standard,2023-11-16,1,10.97,Gaming Console,
user_09960,Standard,2023-05-08,1,657.09,Gaming Console,1
user_09961,Premium,2022-09-25,1,11.36,Smart TV,2
user_09962,Standard,2023-08-27,1,0.83,Laptop,1
user_09963,Standard,2023-07-01,1,5.49,Desktop,1
user_09964,Standard,2025-04-24,1,4.8,Desktop,3
user_09965,Standard,2025-01-08,1,3.26,Laptop,4
user_09966,Premium,2025-03-24,1,12.11,Mobile,
user_09967,Premium+,2024-09-26,1,9.89,Mobile,5
user_09968,Premium,2022-11-05,0,5.79,Smart TV,2
user_09969,Basic,2023-04-30,0,,Laptop,2
user_09970,Basic,2024-06-12,1,4.04,Tablet,2
user_09971,Premium,2025-03-03,1,10.34,Smart TV,2
user_09972,Basic,2024-06-15,0,4.03,Gaming Console,1
user_09973,Standard,2023-04-07,1,9.11,Mobile,3
user_09974,Premium,2023-01-16,1,24.78,Desktop,1
user_09975,Premium,2023-12-28,1,14.71,Desktop,6
user_09976,Premium,2022-09-13,1,17.71,Tablet,2
user_09977,Premium,2023-10-10,1,17.72,Tablet,5
user_09978,Basic,2024-10-15,1,,Mobile,
user_09979,Premium+,2023-08-19,1,15.3,Desktop,4
user_09980,Premium,2023-04-19,1,11.91,Desktop,2
user_09981,Standard,2024-08-24,1,17.67,Laptop,3
user_09982,Basic,2023-11-29,1,5.64,Desktop,3
user_09983,Standard,2024-09-12,1,28.31,Smart TV,3
user_09984,Premium,2023-06-26,1,13.19,Mobile,5
user_09985,Basic,2022-09-03,1,12.25,Laptop,3
user_09986,Premium,2024-06-29,0,10.4,Smart TV,2
user_09987,Standard,2024-10-23,1,7.68,Gaming Console,1
user_09988,Premium,2025-04-13,1,,Tablet,4
user_09989,Premium,2025-02-14,1,21.84,Gaming Console,5
user_09990,Premium+,2024-07-26,0,21.18,Laptop,
user_09991,Premium+,2024-04-10,1,12.73,Mobile,4
user_09992,Basic,2023-06-12,1,4.91,Desktop,1
user_09993,Basic,2023-06-25,1,3.64,Smart TV,5
user_09994,Standard,2025-01-02,0,1.0,Mobile,5
user_09995,Basic,2024-08-17,1,13.4,Gaming Console,4
user_09996,Premium+,2024-07-09,1,5.13,Desktop,2
user_09997,Basic,2025-07-17,1,13.82,Laptop,1
user_09998,Standard,2023-10-04,1,12.1,Smart TV,2
user_09999,Premium,2025-05-12,1,14.73,Desktop,1
user_10000,Premium,2022-09-26,1,17.95,Desktop,1
